
> temp_app@0.1.0 dev
> next dev

  ▲ Next.js 14.2.35
  - Local:        http://localhost:3000
  - Environments: .env

 ✓ Starting...
Attention: Next.js now collects completely anonymous telemetry regarding usage.
This information is used to shape Next.js' roadmap and prioritize features.
You can learn more, including how to opt-out if you'd not like to participate in this anonymous program, by visiting the following URL:
https://nextjs.org/telemetry

 ✓ Ready in 1764ms
 ○ Compiling /login ...
 ✓ Compiled /login in 9.5s (1423 modules)
 GET /login 200 in 2359ms
 ✓ Compiled in 1022ms (694 modules)
 GET /login 200 in 167ms
 ○ Compiling /api/auth/[...nextauth] ...
 ✓ Compiled /api/auth/[...nextauth] in 3.6s (943 modules)
 ⨯ PrismaClientInitializationError: `PrismaClient` needs to be constructed with a non-empty, valid `PrismaClientOptions`:

```
new PrismaClient({
  ...
})
```

or

```
constructor() {
  super({ ... });
}
```

    at new t (/app/node_modules/@prisma/client/runtime/client.js:70:1527)
    at prismaClientSingleton (webpack-internal:///(rsc)/./src/lib/prisma.ts:9:12)
    at eval (webpack-internal:///(rsc)/./src/lib/prisma.ts:11:43)
    at (rsc)/./src/lib/prisma.ts (/app/.next/server/app/api/auth/[...nextauth]/route.js:212:1)
    at __webpack_require__ (/app/.next/server/webpack-runtime.js:33:43)
    at eval (webpack-internal:///(rsc)/./src/lib/auth/authOptions.ts:10:69)
    at (rsc)/./src/lib/auth/authOptions.ts (/app/.next/server/app/api/auth/[...nextauth]/route.js:202:1)
    at __webpack_require__ (/app/.next/server/webpack-runtime.js:33:43)
    at eval (webpack-internal:///(rsc)/./src/app/api/auth/[...nextauth]/route.ts:8:79)
    at (rsc)/./src/app/api/auth/[...nextauth]/route.ts (/app/.next/server/app/api/auth/[...nextauth]/route.js:192:1)
    at __webpack_require__ (/app/.next/server/webpack-runtime.js:33:43)
    at eval (webpack-internal:///(rsc)/./node_modules/next/dist/build/webpack/loaders/next-app-loader.js?name=app%2Fapi%2Fauth%2F%5B...nextauth%5D%2Froute&page=%2Fapi%2Fauth%2F%5B...nextauth%5D%2Froute&appPaths=&pagePath=private-next-app-dir%2Fapi%2Fauth%2F%5B...nextauth%5D%2Froute.ts&appDir=%2Fapp%2Fsrc%2Fapp&pageExtensions=tsx&pageExtensions=ts&pageExtensions=jsx&pageExtensions=js&rootDir=%2Fapp&isDev=true&tsconfigPath=tsconfig.json&basePath=&assetPrefix=&nextConfigOutput=&preferredRegion=&middlewareConfig=e30%3D!:15:97)
    at (rsc)/./node_modules/next/dist/build/webpack/loaders/next-app-loader.js?name=app%2Fapi%2Fauth%2F%5B...nextauth%5D%2Froute&page=%2Fapi%2Fauth%2F%5B...nextauth%5D%2Froute&appPaths=&pagePath=private-next-app-dir%2Fapi%2Fauth%2F%5B...nextauth%5D%2Froute.ts&appDir=%2Fapp%2Fsrc%2Fapp&pageExtensions=tsx&pageExtensions=ts&pageExtensions=jsx&pageExtensions=js&rootDir=%2Fapp&isDev=true&tsconfigPath=tsconfig.json&basePath=&assetPrefix=&nextConfigOutput=&preferredRegion=&middlewareConfig=e30%3D! (/app/.next/server/app/api/auth/[...nextauth]/route.js:182:1)
    at __webpack_require__ (/app/.next/server/webpack-runtime.js:33:43)
    at __webpack_exec__ (/app/.next/server/app/api/auth/[...nextauth]/route.js:222:39)
    at /app/.next/server/app/api/auth/[...nextauth]/route.js:223:438
    at __webpack_require__.X (/app/.next/server/webpack-runtime.js:163:21)
    at /app/.next/server/app/api/auth/[...nextauth]/route.js:223:47
    at Object.<anonymous> (/app/.next/server/app/api/auth/[...nextauth]/route.js:226:3)
    at Module._compile (node:internal/modules/cjs/loader:1705:14)
    at Object..js (node:internal/modules/cjs/loader:1838:10)
    at Module.load (node:internal/modules/cjs/loader:1441:32)
    at Function._load (node:internal/modules/cjs/loader:1263:12)
    at TracingChannel.traceSync (node:diagnostics_channel:328:14)
    at wrapModuleLoad (node:internal/modules/cjs/loader:237:24)
    at Module.<anonymous> (node:internal/modules/cjs/loader:1463:12)
    at mod.require (/app/node_modules/next/dist/server/require-hook.js:65:28)
    at require (node:internal/modules/helpers:147:16)
    at requirePage (/app/node_modules/next/dist/server/require.js:109:84)
    at /app/node_modules/next/dist/server/load-components.js:103:84
    at async loadComponentsImpl (/app/node_modules/next/dist/server/load-components.js:103:26)
    at async DevServer.findPageComponentsImpl (/app/node_modules/next/dist/server/next-server.js:714:36)
    at async DevServer.findPageComponents (/app/node_modules/next/dist/server/dev/next-dev-server.js:577:20)
    at async DevServer.renderPageComponent (/app/node_modules/next/dist/server/base-server.js:1910:24)
    at async DevServer.renderToResponseImpl (/app/node_modules/next/dist/server/base-server.js:1962:32)
    at async DevServer.pipeImpl (/app/node_modules/next/dist/server/base-server.js:922:25)
    at async NextNodeServer.handleCatchallRenderRequest (/app/node_modules/next/dist/server/next-server.js:272:17)
    at async DevServer.handleRequestImpl (/app/node_modules/next/dist/server/base-server.js:818:17)
    at async /app/node_modules/next/dist/server/dev/next-dev-server.js:339:20
    at async Span.traceAsyncFn (/app/node_modules/next/dist/trace/trace.js:154:20)
    at async DevServer.handleRequest (/app/node_modules/next/dist/server/dev/next-dev-server.js:336:24)
    at async invokeRender (/app/node_modules/next/dist/server/lib/router-server.js:179:21)
    at async handleRequest (/app/node_modules/next/dist/server/lib/router-server.js:359:24)
    at async requestHandlerImpl (/app/node_modules/next/dist/server/lib/router-server.js:383:13)
    at async Server.requestListener (/app/node_modules/next/dist/server/lib/start-server.js:141:13) {
  clientVersion: '7.6.0',
  errorCode: undefined,
  retryable: undefined,
  page: '/api/auth/session'
}
 GET /api/auth/session 500 in 4186ms
 GET /login 200 in 2969ms
 ⨯ PrismaClientInitializationError: `PrismaClient` needs to be constructed with a non-empty, valid `PrismaClientOptions`:

```
new PrismaClient({
  ...
})
```

or

```
constructor() {
  super({ ... });
}
```

    at new t (/app/node_modules/@prisma/client/runtime/client.js:70:1527)
    at prismaClientSingleton (webpack-internal:///(rsc)/./src/lib/prisma.ts:9:12)
    at eval (webpack-internal:///(rsc)/./src/lib/prisma.ts:11:43)
    at (rsc)/./src/lib/prisma.ts (/app/.next/server/app/api/auth/[...nextauth]/route.js:212:1)
    at __webpack_require__ (/app/.next/server/webpack-runtime.js:33:43)
    at eval (webpack-internal:///(rsc)/./src/lib/auth/authOptions.ts:10:69)
    at (rsc)/./src/lib/auth/authOptions.ts (/app/.next/server/app/api/auth/[...nextauth]/route.js:202:1)
    at __webpack_require__ (/app/.next/server/webpack-runtime.js:33:43)
    at eval (webpack-internal:///(rsc)/./src/app/api/auth/[...nextauth]/route.ts:8:79)
    at (rsc)/./src/app/api/auth/[...nextauth]/route.ts (/app/.next/server/app/api/auth/[...nextauth]/route.js:192:1)
    at __webpack_require__ (/app/.next/server/webpack-runtime.js:33:43)
    at eval (webpack-internal:///(rsc)/./node_modules/next/dist/build/webpack/loaders/next-app-loader.js?name=app%2Fapi%2Fauth%2F%5B...nextauth%5D%2Froute&page=%2Fapi%2Fauth%2F%5B...nextauth%5D%2Froute&appPaths=&pagePath=private-next-app-dir%2Fapi%2Fauth%2F%5B...nextauth%5D%2Froute.ts&appDir=%2Fapp%2Fsrc%2Fapp&pageExtensions=tsx&pageExtensions=ts&pageExtensions=jsx&pageExtensions=js&rootDir=%2Fapp&isDev=true&tsconfigPath=tsconfig.json&basePath=&assetPrefix=&nextConfigOutput=&preferredRegion=&middlewareConfig=e30%3D!:15:97)
    at (rsc)/./node_modules/next/dist/build/webpack/loaders/next-app-loader.js?name=app%2Fapi%2Fauth%2F%5B...nextauth%5D%2Froute&page=%2Fapi%2Fauth%2F%5B...nextauth%5D%2Froute&appPaths=&pagePath=private-next-app-dir%2Fapi%2Fauth%2F%5B...nextauth%5D%2Froute.ts&appDir=%2Fapp%2Fsrc%2Fapp&pageExtensions=tsx&pageExtensions=ts&pageExtensions=jsx&pageExtensions=js&rootDir=%2Fapp&isDev=true&tsconfigPath=tsconfig.json&basePath=&assetPrefix=&nextConfigOutput=&preferredRegion=&middlewareConfig=e30%3D! (/app/.next/server/app/api/auth/[...nextauth]/route.js:182:1)
    at __webpack_require__ (/app/.next/server/webpack-runtime.js:33:43)
    at __webpack_exec__ (/app/.next/server/app/api/auth/[...nextauth]/route.js:222:39)
    at /app/.next/server/app/api/auth/[...nextauth]/route.js:223:438
    at __webpack_require__.X (/app/.next/server/webpack-runtime.js:163:21)
    at /app/.next/server/app/api/auth/[...nextauth]/route.js:223:47
    at Object.<anonymous> (/app/.next/server/app/api/auth/[...nextauth]/route.js:226:3)
    at Module._compile (node:internal/modules/cjs/loader:1705:14)
    at Object..js (node:internal/modules/cjs/loader:1838:10)
    at Module.load (node:internal/modules/cjs/loader:1441:32)
    at Function._load (node:internal/modules/cjs/loader:1263:12)
    at TracingChannel.traceSync (node:diagnostics_channel:328:14)
    at wrapModuleLoad (node:internal/modules/cjs/loader:237:24)
    at Module.<anonymous> (node:internal/modules/cjs/loader:1463:12)
    at mod.require (/app/node_modules/next/dist/server/require-hook.js:65:28)
    at require (node:internal/modules/helpers:147:16)
    at requirePage (/app/node_modules/next/dist/server/require.js:109:84)
    at /app/node_modules/next/dist/server/load-components.js:103:84
    at async loadComponentsImpl (/app/node_modules/next/dist/server/load-components.js:103:26)
    at async DevServer.findPageComponentsImpl (/app/node_modules/next/dist/server/next-server.js:714:36)
    at async DevServer.findPageComponents (/app/node_modules/next/dist/server/dev/next-dev-server.js:577:20)
    at async DevServer.renderPageComponent (/app/node_modules/next/dist/server/base-server.js:1910:24)
    at async DevServer.renderToResponseImpl (/app/node_modules/next/dist/server/base-server.js:1962:32)
    at async DevServer.pipeImpl (/app/node_modules/next/dist/server/base-server.js:922:25)
    at async NextNodeServer.handleCatchallRenderRequest (/app/node_modules/next/dist/server/next-server.js:272:17)
    at async DevServer.handleRequestImpl (/app/node_modules/next/dist/server/base-server.js:818:17)
    at async /app/node_modules/next/dist/server/dev/next-dev-server.js:339:20
    at async Span.traceAsyncFn (/app/node_modules/next/dist/trace/trace.js:154:20)
    at async DevServer.handleRequest (/app/node_modules/next/dist/server/dev/next-dev-server.js:336:24)
    at async invokeRender (/app/node_modules/next/dist/server/lib/router-server.js:179:21)
    at async handleRequest (/app/node_modules/next/dist/server/lib/router-server.js:359:24)
    at async requestHandlerImpl (/app/node_modules/next/dist/server/lib/router-server.js:383:13)
    at async Server.requestListener (/app/node_modules/next/dist/server/lib/start-server.js:141:13) {
  clientVersion: '7.6.0',
  errorCode: undefined,
  retryable: undefined,
  page: '/api/auth/_log'
}
 ⨯ PrismaClientInitializationError: `PrismaClient` needs to be constructed with a non-empty, valid `PrismaClientOptions`:

```
new PrismaClient({
  ...
})
```

or

```
constructor() {
  super({ ... });
}
```

    at new t (/app/node_modules/@prisma/client/runtime/client.js:70:1527)
    at prismaClientSingleton (webpack-internal:///(rsc)/./src/lib/prisma.ts:9:12)
    at eval (webpack-internal:///(rsc)/./src/lib/prisma.ts:11:43)
    at (rsc)/./src/lib/prisma.ts (/app/.next/server/app/api/auth/[...nextauth]/route.js:212:1)
    at __webpack_require__ (/app/.next/server/webpack-runtime.js:33:43)
    at eval (webpack-internal:///(rsc)/./src/lib/auth/authOptions.ts:10:69)
    at (rsc)/./src/lib/auth/authOptions.ts (/app/.next/server/app/api/auth/[...nextauth]/route.js:202:1)
    at __webpack_require__ (/app/.next/server/webpack-runtime.js:33:43)
    at eval (webpack-internal:///(rsc)/./src/app/api/auth/[...nextauth]/route.ts:8:79)
    at (rsc)/./src/app/api/auth/[...nextauth]/route.ts (/app/.next/server/app/api/auth/[...nextauth]/route.js:192:1)
    at __webpack_require__ (/app/.next/server/webpack-runtime.js:33:43)
    at eval (webpack-internal:///(rsc)/./node_modules/next/dist/build/webpack/loaders/next-app-loader.js?name=app%2Fapi%2Fauth%2F%5B...nextauth%5D%2Froute&page=%2Fapi%2Fauth%2F%5B...nextauth%5D%2Froute&appPaths=&pagePath=private-next-app-dir%2Fapi%2Fauth%2F%5B...nextauth%5D%2Froute.ts&appDir=%2Fapp%2Fsrc%2Fapp&pageExtensions=tsx&pageExtensions=ts&pageExtensions=jsx&pageExtensions=js&rootDir=%2Fapp&isDev=true&tsconfigPath=tsconfig.json&basePath=&assetPrefix=&nextConfigOutput=&preferredRegion=&middlewareConfig=e30%3D!:15:97)
    at (rsc)/./node_modules/next/dist/build/webpack/loaders/next-app-loader.js?name=app%2Fapi%2Fauth%2F%5B...nextauth%5D%2Froute&page=%2Fapi%2Fauth%2F%5B...nextauth%5D%2Froute&appPaths=&pagePath=private-next-app-dir%2Fapi%2Fauth%2F%5B...nextauth%5D%2Froute.ts&appDir=%2Fapp%2Fsrc%2Fapp&pageExtensions=tsx&pageExtensions=ts&pageExtensions=jsx&pageExtensions=js&rootDir=%2Fapp&isDev=true&tsconfigPath=tsconfig.json&basePath=&assetPrefix=&nextConfigOutput=&preferredRegion=&middlewareConfig=e30%3D! (/app/.next/server/app/api/auth/[...nextauth]/route.js:182:1)
    at __webpack_require__ (/app/.next/server/webpack-runtime.js:33:43)
    at __webpack_exec__ (/app/.next/server/app/api/auth/[...nextauth]/route.js:222:39)
    at /app/.next/server/app/api/auth/[...nextauth]/route.js:223:438
    at __webpack_require__.X (/app/.next/server/webpack-runtime.js:163:21)
    at /app/.next/server/app/api/auth/[...nextauth]/route.js:223:47
    at Object.<anonymous> (/app/.next/server/app/api/auth/[...nextauth]/route.js:226:3)
    at Module._compile (node:internal/modules/cjs/loader:1705:14)
    at Object..js (node:internal/modules/cjs/loader:1838:10)
    at Module.load (node:internal/modules/cjs/loader:1441:32)
    at Function._load (node:internal/modules/cjs/loader:1263:12)
    at TracingChannel.traceSync (node:diagnostics_channel:328:14)
    at wrapModuleLoad (node:internal/modules/cjs/loader:237:24)
    at Module.<anonymous> (node:internal/modules/cjs/loader:1463:12)
    at mod.require (/app/node_modules/next/dist/server/require-hook.js:65:28)
    at require (node:internal/modules/helpers:147:16)
    at requirePage (/app/node_modules/next/dist/server/require.js:109:84)
    at /app/node_modules/next/dist/server/load-components.js:103:84
    at async loadComponentsImpl (/app/node_modules/next/dist/server/load-components.js:103:26)
    at async DevServer.findPageComponentsImpl (/app/node_modules/next/dist/server/next-server.js:714:36)
    at async DevServer.findPageComponents (/app/node_modules/next/dist/server/dev/next-dev-server.js:577:20)
    at async DevServer.renderPageComponent (/app/node_modules/next/dist/server/base-server.js:1910:24)
    at async DevServer.renderToResponseImpl (/app/node_modules/next/dist/server/base-server.js:1962:32)
    at async DevServer.pipeImpl (/app/node_modules/next/dist/server/base-server.js:922:25)
    at async NextNodeServer.handleCatchallRenderRequest (/app/node_modules/next/dist/server/next-server.js:272:17)
    at async DevServer.handleRequestImpl (/app/node_modules/next/dist/server/base-server.js:818:17)
    at async /app/node_modules/next/dist/server/dev/next-dev-server.js:339:20
    at async Span.traceAsyncFn (/app/node_modules/next/dist/trace/trace.js:154:20)
    at async DevServer.handleRequest (/app/node_modules/next/dist/server/dev/next-dev-server.js:336:24)
    at async invokeRender (/app/node_modules/next/dist/server/lib/router-server.js:179:21)
    at async handleRequest (/app/node_modules/next/dist/server/lib/router-server.js:359:24)
    at async requestHandlerImpl (/app/node_modules/next/dist/server/lib/router-server.js:383:13)
    at async Server.requestListener (/app/node_modules/next/dist/server/lib/start-server.js:141:13) {
  clientVersion: '7.6.0',
  errorCode: undefined,
  retryable: undefined,
  page: '/api/auth/_log'
}
 ○ Compiling /_error ...
 GET /login 200 in 299ms
 ✓ Compiled /_error in 3.3s (1849 modules)
 POST /api/auth/_log 500 in 3445ms
 POST /api/auth/_log 500 in 3433ms
 ⨯ PrismaClientInitializationError: `PrismaClient` needs to be constructed with a non-empty, valid `PrismaClientOptions`:

```
new PrismaClient({
  ...
})
```

or

```
constructor() {
  super({ ... });
}
```

    at new t (/app/node_modules/@prisma/client/runtime/client.js:70:1527)
    at prismaClientSingleton (webpack-internal:///(rsc)/./src/lib/prisma.ts:9:12)
    at eval (webpack-internal:///(rsc)/./src/lib/prisma.ts:11:43)
    at (rsc)/./src/lib/prisma.ts (/app/.next/server/app/api/auth/[...nextauth]/route.js:212:1)
    at __webpack_require__ (/app/.next/server/webpack-runtime.js:33:43)
    at eval (webpack-internal:///(rsc)/./src/lib/auth/authOptions.ts:10:69)
    at (rsc)/./src/lib/auth/authOptions.ts (/app/.next/server/app/api/auth/[...nextauth]/route.js:202:1)
    at __webpack_require__ (/app/.next/server/webpack-runtime.js:33:43)
    at eval (webpack-internal:///(rsc)/./src/app/api/auth/[...nextauth]/route.ts:8:79)
    at (rsc)/./src/app/api/auth/[...nextauth]/route.ts (/app/.next/server/app/api/auth/[...nextauth]/route.js:192:1)
    at __webpack_require__ (/app/.next/server/webpack-runtime.js:33:43)
    at eval (webpack-internal:///(rsc)/./node_modules/next/dist/build/webpack/loaders/next-app-loader.js?name=app%2Fapi%2Fauth%2F%5B...nextauth%5D%2Froute&page=%2Fapi%2Fauth%2F%5B...nextauth%5D%2Froute&appPaths=&pagePath=private-next-app-dir%2Fapi%2Fauth%2F%5B...nextauth%5D%2Froute.ts&appDir=%2Fapp%2Fsrc%2Fapp&pageExtensions=tsx&pageExtensions=ts&pageExtensions=jsx&pageExtensions=js&rootDir=%2Fapp&isDev=true&tsconfigPath=tsconfig.json&basePath=&assetPrefix=&nextConfigOutput=&preferredRegion=&middlewareConfig=e30%3D!:15:97)
    at (rsc)/./node_modules/next/dist/build/webpack/loaders/next-app-loader.js?name=app%2Fapi%2Fauth%2F%5B...nextauth%5D%2Froute&page=%2Fapi%2Fauth%2F%5B...nextauth%5D%2Froute&appPaths=&pagePath=private-next-app-dir%2Fapi%2Fauth%2F%5B...nextauth%5D%2Froute.ts&appDir=%2Fapp%2Fsrc%2Fapp&pageExtensions=tsx&pageExtensions=ts&pageExtensions=jsx&pageExtensions=js&rootDir=%2Fapp&isDev=true&tsconfigPath=tsconfig.json&basePath=&assetPrefix=&nextConfigOutput=&preferredRegion=&middlewareConfig=e30%3D! (/app/.next/server/app/api/auth/[...nextauth]/route.js:182:1)
    at __webpack_require__ (/app/.next/server/webpack-runtime.js:33:43)
    at __webpack_exec__ (/app/.next/server/app/api/auth/[...nextauth]/route.js:222:39)
    at /app/.next/server/app/api/auth/[...nextauth]/route.js:223:438
    at __webpack_require__.X (/app/.next/server/webpack-runtime.js:163:21)
    at /app/.next/server/app/api/auth/[...nextauth]/route.js:223:47
    at Object.<anonymous> (/app/.next/server/app/api/auth/[...nextauth]/route.js:226:3)
    at Module._compile (node:internal/modules/cjs/loader:1705:14)
    at Object..js (node:internal/modules/cjs/loader:1838:10)
    at Module.load (node:internal/modules/cjs/loader:1441:32)
    at Function._load (node:internal/modules/cjs/loader:1263:12)
    at TracingChannel.traceSync (node:diagnostics_channel:328:14)
    at wrapModuleLoad (node:internal/modules/cjs/loader:237:24)
    at Module.<anonymous> (node:internal/modules/cjs/loader:1463:12)
    at mod.require (/app/node_modules/next/dist/server/require-hook.js:65:28)
    at require (node:internal/modules/helpers:147:16)
    at requirePage (/app/node_modules/next/dist/server/require.js:109:84)
    at /app/node_modules/next/dist/server/load-components.js:103:84
    at async loadComponentsImpl (/app/node_modules/next/dist/server/load-components.js:103:26)
    at async DevServer.findPageComponentsImpl (/app/node_modules/next/dist/server/next-server.js:714:36)
    at async DevServer.findPageComponents (/app/node_modules/next/dist/server/dev/next-dev-server.js:577:20)
    at async DevServer.renderPageComponent (/app/node_modules/next/dist/server/base-server.js:1910:24)
    at async DevServer.renderToResponseImpl (/app/node_modules/next/dist/server/base-server.js:1962:32)
    at async DevServer.pipeImpl (/app/node_modules/next/dist/server/base-server.js:922:25)
    at async NextNodeServer.handleCatchallRenderRequest (/app/node_modules/next/dist/server/next-server.js:272:17)
    at async DevServer.handleRequestImpl (/app/node_modules/next/dist/server/base-server.js:818:17)
    at async /app/node_modules/next/dist/server/dev/next-dev-server.js:339:20
    at async Span.traceAsyncFn (/app/node_modules/next/dist/trace/trace.js:154:20)
    at async DevServer.handleRequest (/app/node_modules/next/dist/server/dev/next-dev-server.js:336:24)
    at async invokeRender (/app/node_modules/next/dist/server/lib/router-server.js:179:21)
    at async handleRequest (/app/node_modules/next/dist/server/lib/router-server.js:359:24)
    at async requestHandlerImpl (/app/node_modules/next/dist/server/lib/router-server.js:383:13)
    at async Server.requestListener (/app/node_modules/next/dist/server/lib/start-server.js:141:13) {
  clientVersion: '7.6.0',
  errorCode: undefined,
  retryable: undefined,
  page: '/api/auth/session'
}
 GET /api/auth/session 500 in 76ms
 ⨯ PrismaClientInitializationError: `PrismaClient` needs to be constructed with a non-empty, valid `PrismaClientOptions`:

```
new PrismaClient({
  ...
})
```

or

```
constructor() {
  super({ ... });
}
```

    at new t (/app/node_modules/@prisma/client/runtime/client.js:70:1527)
    at prismaClientSingleton (webpack-internal:///(rsc)/./src/lib/prisma.ts:9:12)
    at eval (webpack-internal:///(rsc)/./src/lib/prisma.ts:11:43)
    at (rsc)/./src/lib/prisma.ts (/app/.next/server/app/api/auth/[...nextauth]/route.js:212:1)
    at __webpack_require__ (/app/.next/server/webpack-runtime.js:33:43)
    at eval (webpack-internal:///(rsc)/./src/lib/auth/authOptions.ts:10:69)
    at (rsc)/./src/lib/auth/authOptions.ts (/app/.next/server/app/api/auth/[...nextauth]/route.js:202:1)
    at __webpack_require__ (/app/.next/server/webpack-runtime.js:33:43)
    at eval (webpack-internal:///(rsc)/./src/app/api/auth/[...nextauth]/route.ts:8:79)
    at (rsc)/./src/app/api/auth/[...nextauth]/route.ts (/app/.next/server/app/api/auth/[...nextauth]/route.js:192:1)
    at __webpack_require__ (/app/.next/server/webpack-runtime.js:33:43)
    at eval (webpack-internal:///(rsc)/./node_modules/next/dist/build/webpack/loaders/next-app-loader.js?name=app%2Fapi%2Fauth%2F%5B...nextauth%5D%2Froute&page=%2Fapi%2Fauth%2F%5B...nextauth%5D%2Froute&appPaths=&pagePath=private-next-app-dir%2Fapi%2Fauth%2F%5B...nextauth%5D%2Froute.ts&appDir=%2Fapp%2Fsrc%2Fapp&pageExtensions=tsx&pageExtensions=ts&pageExtensions=jsx&pageExtensions=js&rootDir=%2Fapp&isDev=true&tsconfigPath=tsconfig.json&basePath=&assetPrefix=&nextConfigOutput=&preferredRegion=&middlewareConfig=e30%3D!:15:97)
    at (rsc)/./node_modules/next/dist/build/webpack/loaders/next-app-loader.js?name=app%2Fapi%2Fauth%2F%5B...nextauth%5D%2Froute&page=%2Fapi%2Fauth%2F%5B...nextauth%5D%2Froute&appPaths=&pagePath=private-next-app-dir%2Fapi%2Fauth%2F%5B...nextauth%5D%2Froute.ts&appDir=%2Fapp%2Fsrc%2Fapp&pageExtensions=tsx&pageExtensions=ts&pageExtensions=jsx&pageExtensions=js&rootDir=%2Fapp&isDev=true&tsconfigPath=tsconfig.json&basePath=&assetPrefix=&nextConfigOutput=&preferredRegion=&middlewareConfig=e30%3D! (/app/.next/server/app/api/auth/[...nextauth]/route.js:182:1)
    at __webpack_require__ (/app/.next/server/webpack-runtime.js:33:43)
    at __webpack_exec__ (/app/.next/server/app/api/auth/[...nextauth]/route.js:222:39)
    at /app/.next/server/app/api/auth/[...nextauth]/route.js:223:438
    at __webpack_require__.X (/app/.next/server/webpack-runtime.js:163:21)
    at /app/.next/server/app/api/auth/[...nextauth]/route.js:223:47
    at Object.<anonymous> (/app/.next/server/app/api/auth/[...nextauth]/route.js:226:3)
    at Module._compile (node:internal/modules/cjs/loader:1705:14)
    at Object..js (node:internal/modules/cjs/loader:1838:10)
    at Module.load (node:internal/modules/cjs/loader:1441:32)
    at Function._load (node:internal/modules/cjs/loader:1263:12)
    at TracingChannel.traceSync (node:diagnostics_channel:328:14)
    at wrapModuleLoad (node:internal/modules/cjs/loader:237:24)
    at Module.<anonymous> (node:internal/modules/cjs/loader:1463:12)
    at mod.require (/app/node_modules/next/dist/server/require-hook.js:65:28)
    at require (node:internal/modules/helpers:147:16)
    at requirePage (/app/node_modules/next/dist/server/require.js:109:84)
    at /app/node_modules/next/dist/server/load-components.js:103:84
    at async loadComponentsImpl (/app/node_modules/next/dist/server/load-components.js:103:26)
    at async DevServer.findPageComponentsImpl (/app/node_modules/next/dist/server/next-server.js:714:36)
    at async DevServer.findPageComponents (/app/node_modules/next/dist/server/dev/next-dev-server.js:577:20)
    at async DevServer.renderPageComponent (/app/node_modules/next/dist/server/base-server.js:1910:24)
    at async DevServer.renderToResponseImpl (/app/node_modules/next/dist/server/base-server.js:1962:32)
    at async DevServer.pipeImpl (/app/node_modules/next/dist/server/base-server.js:922:25)
    at async NextNodeServer.handleCatchallRenderRequest (/app/node_modules/next/dist/server/next-server.js:272:17)
    at async DevServer.handleRequestImpl (/app/node_modules/next/dist/server/base-server.js:818:17)
    at async /app/node_modules/next/dist/server/dev/next-dev-server.js:339:20
    at async Span.traceAsyncFn (/app/node_modules/next/dist/trace/trace.js:154:20)
    at async DevServer.handleRequest (/app/node_modules/next/dist/server/dev/next-dev-server.js:336:24)
    at async invokeRender (/app/node_modules/next/dist/server/lib/router-server.js:179:21)
    at async handleRequest (/app/node_modules/next/dist/server/lib/router-server.js:359:24)
    at async requestHandlerImpl (/app/node_modules/next/dist/server/lib/router-server.js:383:13)
    at async Server.requestListener (/app/node_modules/next/dist/server/lib/start-server.js:141:13) {
  clientVersion: '7.6.0',
  errorCode: undefined,
  retryable: undefined,
  page: '/api/auth/session'
}
 ⨯ PrismaClientInitializationError: `PrismaClient` needs to be constructed with a non-empty, valid `PrismaClientOptions`:

```
new PrismaClient({
  ...
})
```

or

```
constructor() {
  super({ ... });
}
```

    at new t (/app/node_modules/@prisma/client/runtime/client.js:70:1527)
    at prismaClientSingleton (webpack-internal:///(rsc)/./src/lib/prisma.ts:9:12)
    at eval (webpack-internal:///(rsc)/./src/lib/prisma.ts:11:43)
    at (rsc)/./src/lib/prisma.ts (/app/.next/server/app/api/auth/[...nextauth]/route.js:212:1)
    at __webpack_require__ (/app/.next/server/webpack-runtime.js:33:43)
    at eval (webpack-internal:///(rsc)/./src/lib/auth/authOptions.ts:10:69)
    at (rsc)/./src/lib/auth/authOptions.ts (/app/.next/server/app/api/auth/[...nextauth]/route.js:202:1)
    at __webpack_require__ (/app/.next/server/webpack-runtime.js:33:43)
    at eval (webpack-internal:///(rsc)/./src/app/api/auth/[...nextauth]/route.ts:8:79)
    at (rsc)/./src/app/api/auth/[...nextauth]/route.ts (/app/.next/server/app/api/auth/[...nextauth]/route.js:192:1)
    at __webpack_require__ (/app/.next/server/webpack-runtime.js:33:43)
    at eval (webpack-internal:///(rsc)/./node_modules/next/dist/build/webpack/loaders/next-app-loader.js?name=app%2Fapi%2Fauth%2F%5B...nextauth%5D%2Froute&page=%2Fapi%2Fauth%2F%5B...nextauth%5D%2Froute&appPaths=&pagePath=private-next-app-dir%2Fapi%2Fauth%2F%5B...nextauth%5D%2Froute.ts&appDir=%2Fapp%2Fsrc%2Fapp&pageExtensions=tsx&pageExtensions=ts&pageExtensions=jsx&pageExtensions=js&rootDir=%2Fapp&isDev=true&tsconfigPath=tsconfig.json&basePath=&assetPrefix=&nextConfigOutput=&preferredRegion=&middlewareConfig=e30%3D!:15:97)
    at (rsc)/./node_modules/next/dist/build/webpack/loaders/next-app-loader.js?name=app%2Fapi%2Fauth%2F%5B...nextauth%5D%2Froute&page=%2Fapi%2Fauth%2F%5B...nextauth%5D%2Froute&appPaths=&pagePath=private-next-app-dir%2Fapi%2Fauth%2F%5B...nextauth%5D%2Froute.ts&appDir=%2Fapp%2Fsrc%2Fapp&pageExtensions=tsx&pageExtensions=ts&pageExtensions=jsx&pageExtensions=js&rootDir=%2Fapp&isDev=true&tsconfigPath=tsconfig.json&basePath=&assetPrefix=&nextConfigOutput=&preferredRegion=&middlewareConfig=e30%3D! (/app/.next/server/app/api/auth/[...nextauth]/route.js:182:1)
    at __webpack_require__ (/app/.next/server/webpack-runtime.js:33:43)
    at __webpack_exec__ (/app/.next/server/app/api/auth/[...nextauth]/route.js:222:39)
    at /app/.next/server/app/api/auth/[...nextauth]/route.js:223:438
    at __webpack_require__.X (/app/.next/server/webpack-runtime.js:163:21)
    at /app/.next/server/app/api/auth/[...nextauth]/route.js:223:47
    at Object.<anonymous> (/app/.next/server/app/api/auth/[...nextauth]/route.js:226:3)
    at Module._compile (node:internal/modules/cjs/loader:1705:14)
    at Object..js (node:internal/modules/cjs/loader:1838:10)
    at Module.load (node:internal/modules/cjs/loader:1441:32)
    at Function._load (node:internal/modules/cjs/loader:1263:12)
    at TracingChannel.traceSync (node:diagnostics_channel:328:14)
    at wrapModuleLoad (node:internal/modules/cjs/loader:237:24)
    at Module.<anonymous> (node:internal/modules/cjs/loader:1463:12)
    at mod.require (/app/node_modules/next/dist/server/require-hook.js:65:28)
    at require (node:internal/modules/helpers:147:16)
    at requirePage (/app/node_modules/next/dist/server/require.js:109:84)
    at /app/node_modules/next/dist/server/load-components.js:103:84
    at async loadComponentsImpl (/app/node_modules/next/dist/server/load-components.js:103:26)
    at async DevServer.findPageComponentsImpl (/app/node_modules/next/dist/server/next-server.js:714:36)
    at async DevServer.findPageComponents (/app/node_modules/next/dist/server/dev/next-dev-server.js:577:20)
    at async DevServer.renderPageComponent (/app/node_modules/next/dist/server/base-server.js:1910:24)
    at async DevServer.renderToResponseImpl (/app/node_modules/next/dist/server/base-server.js:1962:32)
    at async DevServer.pipeImpl (/app/node_modules/next/dist/server/base-server.js:922:25)
    at async NextNodeServer.handleCatchallRenderRequest (/app/node_modules/next/dist/server/next-server.js:272:17)
    at async DevServer.handleRequestImpl (/app/node_modules/next/dist/server/base-server.js:818:17)
    at async /app/node_modules/next/dist/server/dev/next-dev-server.js:339:20
    at async Span.traceAsyncFn (/app/node_modules/next/dist/trace/trace.js:154:20)
    at async DevServer.handleRequest (/app/node_modules/next/dist/server/dev/next-dev-server.js:336:24)
    at async invokeRender (/app/node_modules/next/dist/server/lib/router-server.js:179:21)
    at async handleRequest (/app/node_modules/next/dist/server/lib/router-server.js:359:24)
    at async requestHandlerImpl (/app/node_modules/next/dist/server/lib/router-server.js:383:13)
    at async Server.requestListener (/app/node_modules/next/dist/server/lib/start-server.js:141:13) {
  clientVersion: '7.6.0',
  errorCode: undefined,
  retryable: undefined,
  page: '/api/auth/_log'
}
 GET /api/auth/session 500 in 31ms
 POST /api/auth/_log 500 in 23ms
 ⨯ PrismaClientInitializationError: `PrismaClient` needs to be constructed with a non-empty, valid `PrismaClientOptions`:

```
new PrismaClient({
  ...
})
```

or

```
constructor() {
  super({ ... });
}
```

    at new t (/app/node_modules/@prisma/client/runtime/client.js:70:1527)
    at prismaClientSingleton (webpack-internal:///(rsc)/./src/lib/prisma.ts:9:12)
    at eval (webpack-internal:///(rsc)/./src/lib/prisma.ts:11:43)
    at (rsc)/./src/lib/prisma.ts (/app/.next/server/app/api/auth/[...nextauth]/route.js:212:1)
    at __webpack_require__ (/app/.next/server/webpack-runtime.js:33:43)
    at eval (webpack-internal:///(rsc)/./src/lib/auth/authOptions.ts:10:69)
    at (rsc)/./src/lib/auth/authOptions.ts (/app/.next/server/app/api/auth/[...nextauth]/route.js:202:1)
    at __webpack_require__ (/app/.next/server/webpack-runtime.js:33:43)
    at eval (webpack-internal:///(rsc)/./src/app/api/auth/[...nextauth]/route.ts:8:79)
    at (rsc)/./src/app/api/auth/[...nextauth]/route.ts (/app/.next/server/app/api/auth/[...nextauth]/route.js:192:1)
    at __webpack_require__ (/app/.next/server/webpack-runtime.js:33:43)
    at eval (webpack-internal:///(rsc)/./node_modules/next/dist/build/webpack/loaders/next-app-loader.js?name=app%2Fapi%2Fauth%2F%5B...nextauth%5D%2Froute&page=%2Fapi%2Fauth%2F%5B...nextauth%5D%2Froute&appPaths=&pagePath=private-next-app-dir%2Fapi%2Fauth%2F%5B...nextauth%5D%2Froute.ts&appDir=%2Fapp%2Fsrc%2Fapp&pageExtensions=tsx&pageExtensions=ts&pageExtensions=jsx&pageExtensions=js&rootDir=%2Fapp&isDev=true&tsconfigPath=tsconfig.json&basePath=&assetPrefix=&nextConfigOutput=&preferredRegion=&middlewareConfig=e30%3D!:15:97)
    at (rsc)/./node_modules/next/dist/build/webpack/loaders/next-app-loader.js?name=app%2Fapi%2Fauth%2F%5B...nextauth%5D%2Froute&page=%2Fapi%2Fauth%2F%5B...nextauth%5D%2Froute&appPaths=&pagePath=private-next-app-dir%2Fapi%2Fauth%2F%5B...nextauth%5D%2Froute.ts&appDir=%2Fapp%2Fsrc%2Fapp&pageExtensions=tsx&pageExtensions=ts&pageExtensions=jsx&pageExtensions=js&rootDir=%2Fapp&isDev=true&tsconfigPath=tsconfig.json&basePath=&assetPrefix=&nextConfigOutput=&preferredRegion=&middlewareConfig=e30%3D! (/app/.next/server/app/api/auth/[...nextauth]/route.js:182:1)
    at __webpack_require__ (/app/.next/server/webpack-runtime.js:33:43)
    at __webpack_exec__ (/app/.next/server/app/api/auth/[...nextauth]/route.js:222:39)
    at /app/.next/server/app/api/auth/[...nextauth]/route.js:223:438
    at __webpack_require__.X (/app/.next/server/webpack-runtime.js:163:21)
    at /app/.next/server/app/api/auth/[...nextauth]/route.js:223:47
    at Object.<anonymous> (/app/.next/server/app/api/auth/[...nextauth]/route.js:226:3)
    at Module._compile (node:internal/modules/cjs/loader:1705:14)
    at Object..js (node:internal/modules/cjs/loader:1838:10)
    at Module.load (node:internal/modules/cjs/loader:1441:32)
    at Function._load (node:internal/modules/cjs/loader:1263:12)
    at TracingChannel.traceSync (node:diagnostics_channel:328:14)
    at wrapModuleLoad (node:internal/modules/cjs/loader:237:24)
    at Module.<anonymous> (node:internal/modules/cjs/loader:1463:12)
    at mod.require (/app/node_modules/next/dist/server/require-hook.js:65:28)
    at require (node:internal/modules/helpers:147:16)
    at requirePage (/app/node_modules/next/dist/server/require.js:109:84)
    at /app/node_modules/next/dist/server/load-components.js:103:84
    at async loadComponentsImpl (/app/node_modules/next/dist/server/load-components.js:103:26)
    at async DevServer.findPageComponentsImpl (/app/node_modules/next/dist/server/next-server.js:714:36)
    at async DevServer.findPageComponents (/app/node_modules/next/dist/server/dev/next-dev-server.js:577:20)
    at async DevServer.renderPageComponent (/app/node_modules/next/dist/server/base-server.js:1910:24)
    at async DevServer.renderToResponseImpl (/app/node_modules/next/dist/server/base-server.js:1962:32)
    at async DevServer.pipeImpl (/app/node_modules/next/dist/server/base-server.js:922:25)
    at async NextNodeServer.handleCatchallRenderRequest (/app/node_modules/next/dist/server/next-server.js:272:17)
    at async DevServer.handleRequestImpl (/app/node_modules/next/dist/server/base-server.js:818:17)
    at async /app/node_modules/next/dist/server/dev/next-dev-server.js:339:20
    at async Span.traceAsyncFn (/app/node_modules/next/dist/trace/trace.js:154:20)
    at async DevServer.handleRequest (/app/node_modules/next/dist/server/dev/next-dev-server.js:336:24)
    at async invokeRender (/app/node_modules/next/dist/server/lib/router-server.js:179:21)
    at async handleRequest (/app/node_modules/next/dist/server/lib/router-server.js:359:24)
    at async requestHandlerImpl (/app/node_modules/next/dist/server/lib/router-server.js:383:13)
    at async Server.requestListener (/app/node_modules/next/dist/server/lib/start-server.js:141:13) {
  clientVersion: '7.6.0',
  errorCode: undefined,
  retryable: undefined,
  page: '/api/auth/_log'
}
 POST /api/auth/_log 500 in 14ms
 GET /login 200 in 119ms
 ⨯ PrismaClientInitializationError: `PrismaClient` needs to be constructed with a non-empty, valid `PrismaClientOptions`:

```
new PrismaClient({
  ...
})
```

or

```
constructor() {
  super({ ... });
}
```

    at new t (/app/node_modules/@prisma/client/runtime/client.js:70:1527)
    at prismaClientSingleton (webpack-internal:///(rsc)/./src/lib/prisma.ts:9:12)
    at eval (webpack-internal:///(rsc)/./src/lib/prisma.ts:11:43)
    at (rsc)/./src/lib/prisma.ts (/app/.next/server/app/api/auth/[...nextauth]/route.js:212:1)
    at __webpack_require__ (/app/.next/server/webpack-runtime.js:33:43)
    at eval (webpack-internal:///(rsc)/./src/lib/auth/authOptions.ts:10:69)
    at (rsc)/./src/lib/auth/authOptions.ts (/app/.next/server/app/api/auth/[...nextauth]/route.js:202:1)
    at __webpack_require__ (/app/.next/server/webpack-runtime.js:33:43)
    at eval (webpack-internal:///(rsc)/./src/app/api/auth/[...nextauth]/route.ts:8:79)
    at (rsc)/./src/app/api/auth/[...nextauth]/route.ts (/app/.next/server/app/api/auth/[...nextauth]/route.js:192:1)
    at __webpack_require__ (/app/.next/server/webpack-runtime.js:33:43)
    at eval (webpack-internal:///(rsc)/./node_modules/next/dist/build/webpack/loaders/next-app-loader.js?name=app%2Fapi%2Fauth%2F%5B...nextauth%5D%2Froute&page=%2Fapi%2Fauth%2F%5B...nextauth%5D%2Froute&appPaths=&pagePath=private-next-app-dir%2Fapi%2Fauth%2F%5B...nextauth%5D%2Froute.ts&appDir=%2Fapp%2Fsrc%2Fapp&pageExtensions=tsx&pageExtensions=ts&pageExtensions=jsx&pageExtensions=js&rootDir=%2Fapp&isDev=true&tsconfigPath=tsconfig.json&basePath=&assetPrefix=&nextConfigOutput=&preferredRegion=&middlewareConfig=e30%3D!:15:97)
    at (rsc)/./node_modules/next/dist/build/webpack/loaders/next-app-loader.js?name=app%2Fapi%2Fauth%2F%5B...nextauth%5D%2Froute&page=%2Fapi%2Fauth%2F%5B...nextauth%5D%2Froute&appPaths=&pagePath=private-next-app-dir%2Fapi%2Fauth%2F%5B...nextauth%5D%2Froute.ts&appDir=%2Fapp%2Fsrc%2Fapp&pageExtensions=tsx&pageExtensions=ts&pageExtensions=jsx&pageExtensions=js&rootDir=%2Fapp&isDev=true&tsconfigPath=tsconfig.json&basePath=&assetPrefix=&nextConfigOutput=&preferredRegion=&middlewareConfig=e30%3D! (/app/.next/server/app/api/auth/[...nextauth]/route.js:182:1)
    at __webpack_require__ (/app/.next/server/webpack-runtime.js:33:43)
    at __webpack_exec__ (/app/.next/server/app/api/auth/[...nextauth]/route.js:222:39)
    at /app/.next/server/app/api/auth/[...nextauth]/route.js:223:438
    at __webpack_require__.X (/app/.next/server/webpack-runtime.js:163:21)
    at /app/.next/server/app/api/auth/[...nextauth]/route.js:223:47
    at Object.<anonymous> (/app/.next/server/app/api/auth/[...nextauth]/route.js:226:3)
    at Module._compile (node:internal/modules/cjs/loader:1705:14)
    at Object..js (node:internal/modules/cjs/loader:1838:10)
    at Module.load (node:internal/modules/cjs/loader:1441:32)
    at Function._load (node:internal/modules/cjs/loader:1263:12)
    at TracingChannel.traceSync (node:diagnostics_channel:328:14)
    at wrapModuleLoad (node:internal/modules/cjs/loader:237:24)
    at Module.<anonymous> (node:internal/modules/cjs/loader:1463:12)
    at mod.require (/app/node_modules/next/dist/server/require-hook.js:65:28)
    at require (node:internal/modules/helpers:147:16)
    at requirePage (/app/node_modules/next/dist/server/require.js:109:84)
    at /app/node_modules/next/dist/server/load-components.js:103:84
    at async loadComponentsImpl (/app/node_modules/next/dist/server/load-components.js:103:26)
    at async DevServer.findPageComponentsImpl (/app/node_modules/next/dist/server/next-server.js:714:36)
    at async DevServer.findPageComponents (/app/node_modules/next/dist/server/dev/next-dev-server.js:577:20)
    at async DevServer.renderPageComponent (/app/node_modules/next/dist/server/base-server.js:1910:24)
    at async DevServer.renderToResponseImpl (/app/node_modules/next/dist/server/base-server.js:1962:32)
    at async DevServer.pipeImpl (/app/node_modules/next/dist/server/base-server.js:922:25)
    at async NextNodeServer.handleCatchallRenderRequest (/app/node_modules/next/dist/server/next-server.js:272:17)
    at async DevServer.handleRequestImpl (/app/node_modules/next/dist/server/base-server.js:818:17)
    at async /app/node_modules/next/dist/server/dev/next-dev-server.js:339:20
    at async Span.traceAsyncFn (/app/node_modules/next/dist/trace/trace.js:154:20)
    at async DevServer.handleRequest (/app/node_modules/next/dist/server/dev/next-dev-server.js:336:24)
    at async invokeRender (/app/node_modules/next/dist/server/lib/router-server.js:179:21)
    at async handleRequest (/app/node_modules/next/dist/server/lib/router-server.js:359:24)
    at async requestHandlerImpl (/app/node_modules/next/dist/server/lib/router-server.js:383:13)
    at async Server.requestListener (/app/node_modules/next/dist/server/lib/start-server.js:141:13) {
  clientVersion: '7.6.0',
  errorCode: undefined,
  retryable: undefined,
  page: '/api/auth/session'
}
 GET /api/auth/session 500 in 35ms
 ⨯ PrismaClientInitializationError: `PrismaClient` needs to be constructed with a non-empty, valid `PrismaClientOptions`:

```
new PrismaClient({
  ...
})
```

or

```
constructor() {
  super({ ... });
}
```

    at new t (/app/node_modules/@prisma/client/runtime/client.js:70:1527)
    at prismaClientSingleton (webpack-internal:///(rsc)/./src/lib/prisma.ts:9:12)
    at eval (webpack-internal:///(rsc)/./src/lib/prisma.ts:11:43)
    at (rsc)/./src/lib/prisma.ts (/app/.next/server/app/api/auth/[...nextauth]/route.js:212:1)
    at __webpack_require__ (/app/.next/server/webpack-runtime.js:33:43)
    at eval (webpack-internal:///(rsc)/./src/lib/auth/authOptions.ts:10:69)
    at (rsc)/./src/lib/auth/authOptions.ts (/app/.next/server/app/api/auth/[...nextauth]/route.js:202:1)
    at __webpack_require__ (/app/.next/server/webpack-runtime.js:33:43)
    at eval (webpack-internal:///(rsc)/./src/app/api/auth/[...nextauth]/route.ts:8:79)
    at (rsc)/./src/app/api/auth/[...nextauth]/route.ts (/app/.next/server/app/api/auth/[...nextauth]/route.js:192:1)
    at __webpack_require__ (/app/.next/server/webpack-runtime.js:33:43)
    at eval (webpack-internal:///(rsc)/./node_modules/next/dist/build/webpack/loaders/next-app-loader.js?name=app%2Fapi%2Fauth%2F%5B...nextauth%5D%2Froute&page=%2Fapi%2Fauth%2F%5B...nextauth%5D%2Froute&appPaths=&pagePath=private-next-app-dir%2Fapi%2Fauth%2F%5B...nextauth%5D%2Froute.ts&appDir=%2Fapp%2Fsrc%2Fapp&pageExtensions=tsx&pageExtensions=ts&pageExtensions=jsx&pageExtensions=js&rootDir=%2Fapp&isDev=true&tsconfigPath=tsconfig.json&basePath=&assetPrefix=&nextConfigOutput=&preferredRegion=&middlewareConfig=e30%3D!:15:97)
    at (rsc)/./node_modules/next/dist/build/webpack/loaders/next-app-loader.js?name=app%2Fapi%2Fauth%2F%5B...nextauth%5D%2Froute&page=%2Fapi%2Fauth%2F%5B...nextauth%5D%2Froute&appPaths=&pagePath=private-next-app-dir%2Fapi%2Fauth%2F%5B...nextauth%5D%2Froute.ts&appDir=%2Fapp%2Fsrc%2Fapp&pageExtensions=tsx&pageExtensions=ts&pageExtensions=jsx&pageExtensions=js&rootDir=%2Fapp&isDev=true&tsconfigPath=tsconfig.json&basePath=&assetPrefix=&nextConfigOutput=&preferredRegion=&middlewareConfig=e30%3D! (/app/.next/server/app/api/auth/[...nextauth]/route.js:182:1)
    at __webpack_require__ (/app/.next/server/webpack-runtime.js:33:43)
    at __webpack_exec__ (/app/.next/server/app/api/auth/[...nextauth]/route.js:222:39)
    at /app/.next/server/app/api/auth/[...nextauth]/route.js:223:438
    at __webpack_require__.X (/app/.next/server/webpack-runtime.js:163:21)
    at /app/.next/server/app/api/auth/[...nextauth]/route.js:223:47
    at Object.<anonymous> (/app/.next/server/app/api/auth/[...nextauth]/route.js:226:3)
    at Module._compile (node:internal/modules/cjs/loader:1705:14)
    at Object..js (node:internal/modules/cjs/loader:1838:10)
    at Module.load (node:internal/modules/cjs/loader:1441:32)
    at Function._load (node:internal/modules/cjs/loader:1263:12)
    at TracingChannel.traceSync (node:diagnostics_channel:328:14)
    at wrapModuleLoad (node:internal/modules/cjs/loader:237:24)
    at Module.<anonymous> (node:internal/modules/cjs/loader:1463:12)
    at mod.require (/app/node_modules/next/dist/server/require-hook.js:65:28)
    at require (node:internal/modules/helpers:147:16)
    at requirePage (/app/node_modules/next/dist/server/require.js:109:84)
    at /app/node_modules/next/dist/server/load-components.js:103:84
    at async loadComponentsImpl (/app/node_modules/next/dist/server/load-components.js:103:26)
    at async DevServer.findPageComponentsImpl (/app/node_modules/next/dist/server/next-server.js:714:36)
    at async DevServer.findPageComponents (/app/node_modules/next/dist/server/dev/next-dev-server.js:577:20)
    at async DevServer.renderPageComponent (/app/node_modules/next/dist/server/base-server.js:1910:24)
    at async DevServer.renderToResponseImpl (/app/node_modules/next/dist/server/base-server.js:1962:32)
    at async DevServer.pipeImpl (/app/node_modules/next/dist/server/base-server.js:922:25)
    at async NextNodeServer.handleCatchallRenderRequest (/app/node_modules/next/dist/server/next-server.js:272:17)
    at async DevServer.handleRequestImpl (/app/node_modules/next/dist/server/base-server.js:818:17)
    at async /app/node_modules/next/dist/server/dev/next-dev-server.js:339:20
    at async Span.traceAsyncFn (/app/node_modules/next/dist/trace/trace.js:154:20)
    at async DevServer.handleRequest (/app/node_modules/next/dist/server/dev/next-dev-server.js:336:24)
    at async invokeRender (/app/node_modules/next/dist/server/lib/router-server.js:179:21)
    at async handleRequest (/app/node_modules/next/dist/server/lib/router-server.js:359:24)
    at async requestHandlerImpl (/app/node_modules/next/dist/server/lib/router-server.js:383:13)
    at async Server.requestListener (/app/node_modules/next/dist/server/lib/start-server.js:141:13) {
  clientVersion: '7.6.0',
  errorCode: undefined,
  retryable: undefined,
  page: '/api/auth/session'
}
 ⨯ PrismaClientInitializationError: `PrismaClient` needs to be constructed with a non-empty, valid `PrismaClientOptions`:

```
new PrismaClient({
  ...
})
```

or

```
constructor() {
  super({ ... });
}
```

    at new t (/app/node_modules/@prisma/client/runtime/client.js:70:1527)
    at prismaClientSingleton (webpack-internal:///(rsc)/./src/lib/prisma.ts:9:12)
    at eval (webpack-internal:///(rsc)/./src/lib/prisma.ts:11:43)
    at (rsc)/./src/lib/prisma.ts (/app/.next/server/app/api/auth/[...nextauth]/route.js:212:1)
    at __webpack_require__ (/app/.next/server/webpack-runtime.js:33:43)
    at eval (webpack-internal:///(rsc)/./src/lib/auth/authOptions.ts:10:69)
    at (rsc)/./src/lib/auth/authOptions.ts (/app/.next/server/app/api/auth/[...nextauth]/route.js:202:1)
    at __webpack_require__ (/app/.next/server/webpack-runtime.js:33:43)
    at eval (webpack-internal:///(rsc)/./src/app/api/auth/[...nextauth]/route.ts:8:79)
    at (rsc)/./src/app/api/auth/[...nextauth]/route.ts (/app/.next/server/app/api/auth/[...nextauth]/route.js:192:1)
    at __webpack_require__ (/app/.next/server/webpack-runtime.js:33:43)
    at eval (webpack-internal:///(rsc)/./node_modules/next/dist/build/webpack/loaders/next-app-loader.js?name=app%2Fapi%2Fauth%2F%5B...nextauth%5D%2Froute&page=%2Fapi%2Fauth%2F%5B...nextauth%5D%2Froute&appPaths=&pagePath=private-next-app-dir%2Fapi%2Fauth%2F%5B...nextauth%5D%2Froute.ts&appDir=%2Fapp%2Fsrc%2Fapp&pageExtensions=tsx&pageExtensions=ts&pageExtensions=jsx&pageExtensions=js&rootDir=%2Fapp&isDev=true&tsconfigPath=tsconfig.json&basePath=&assetPrefix=&nextConfigOutput=&preferredRegion=&middlewareConfig=e30%3D!:15:97)
    at (rsc)/./node_modules/next/dist/build/webpack/loaders/next-app-loader.js?name=app%2Fapi%2Fauth%2F%5B...nextauth%5D%2Froute&page=%2Fapi%2Fauth%2F%5B...nextauth%5D%2Froute&appPaths=&pagePath=private-next-app-dir%2Fapi%2Fauth%2F%5B...nextauth%5D%2Froute.ts&appDir=%2Fapp%2Fsrc%2Fapp&pageExtensions=tsx&pageExtensions=ts&pageExtensions=jsx&pageExtensions=js&rootDir=%2Fapp&isDev=true&tsconfigPath=tsconfig.json&basePath=&assetPrefix=&nextConfigOutput=&preferredRegion=&middlewareConfig=e30%3D! (/app/.next/server/app/api/auth/[...nextauth]/route.js:182:1)
    at __webpack_require__ (/app/.next/server/webpack-runtime.js:33:43)
    at __webpack_exec__ (/app/.next/server/app/api/auth/[...nextauth]/route.js:222:39)
    at /app/.next/server/app/api/auth/[...nextauth]/route.js:223:438
    at __webpack_require__.X (/app/.next/server/webpack-runtime.js:163:21)
    at /app/.next/server/app/api/auth/[...nextauth]/route.js:223:47
    at Object.<anonymous> (/app/.next/server/app/api/auth/[...nextauth]/route.js:226:3)
    at Module._compile (node:internal/modules/cjs/loader:1705:14)
    at Object..js (node:internal/modules/cjs/loader:1838:10)
    at Module.load (node:internal/modules/cjs/loader:1441:32)
    at Function._load (node:internal/modules/cjs/loader:1263:12)
    at TracingChannel.traceSync (node:diagnostics_channel:328:14)
    at wrapModuleLoad (node:internal/modules/cjs/loader:237:24)
    at Module.<anonymous> (node:internal/modules/cjs/loader:1463:12)
    at mod.require (/app/node_modules/next/dist/server/require-hook.js:65:28)
    at require (node:internal/modules/helpers:147:16)
    at requirePage (/app/node_modules/next/dist/server/require.js:109:84)
    at /app/node_modules/next/dist/server/load-components.js:103:84
    at async loadComponentsImpl (/app/node_modules/next/dist/server/load-components.js:103:26)
    at async DevServer.findPageComponentsImpl (/app/node_modules/next/dist/server/next-server.js:714:36)
    at async DevServer.findPageComponents (/app/node_modules/next/dist/server/dev/next-dev-server.js:577:20)
    at async DevServer.renderPageComponent (/app/node_modules/next/dist/server/base-server.js:1910:24)
    at async DevServer.renderToResponseImpl (/app/node_modules/next/dist/server/base-server.js:1962:32)
    at async DevServer.pipeImpl (/app/node_modules/next/dist/server/base-server.js:922:25)
    at async NextNodeServer.handleCatchallRenderRequest (/app/node_modules/next/dist/server/next-server.js:272:17)
    at async DevServer.handleRequestImpl (/app/node_modules/next/dist/server/base-server.js:818:17)
    at async /app/node_modules/next/dist/server/dev/next-dev-server.js:339:20
    at async Span.traceAsyncFn (/app/node_modules/next/dist/trace/trace.js:154:20)
    at async DevServer.handleRequest (/app/node_modules/next/dist/server/dev/next-dev-server.js:336:24)
    at async invokeRender (/app/node_modules/next/dist/server/lib/router-server.js:179:21)
    at async handleRequest (/app/node_modules/next/dist/server/lib/router-server.js:359:24)
    at async requestHandlerImpl (/app/node_modules/next/dist/server/lib/router-server.js:383:13)
    at async Server.requestListener (/app/node_modules/next/dist/server/lib/start-server.js:141:13) {
  clientVersion: '7.6.0',
  errorCode: undefined,
  retryable: undefined,
  page: '/api/auth/_log'
}
 GET /api/auth/session 500 in 26ms
 POST /api/auth/_log 500 in 25ms
 ⨯ PrismaClientInitializationError: `PrismaClient` needs to be constructed with a non-empty, valid `PrismaClientOptions`:

```
new PrismaClient({
  ...
})
```

or

```
constructor() {
  super({ ... });
}
```

    at new t (/app/node_modules/@prisma/client/runtime/client.js:70:1527)
    at prismaClientSingleton (webpack-internal:///(rsc)/./src/lib/prisma.ts:9:12)
    at eval (webpack-internal:///(rsc)/./src/lib/prisma.ts:11:43)
    at (rsc)/./src/lib/prisma.ts (/app/.next/server/app/api/auth/[...nextauth]/route.js:212:1)
    at __webpack_require__ (/app/.next/server/webpack-runtime.js:33:43)
    at eval (webpack-internal:///(rsc)/./src/lib/auth/authOptions.ts:10:69)
    at (rsc)/./src/lib/auth/authOptions.ts (/app/.next/server/app/api/auth/[...nextauth]/route.js:202:1)
    at __webpack_require__ (/app/.next/server/webpack-runtime.js:33:43)
    at eval (webpack-internal:///(rsc)/./src/app/api/auth/[...nextauth]/route.ts:8:79)
    at (rsc)/./src/app/api/auth/[...nextauth]/route.ts (/app/.next/server/app/api/auth/[...nextauth]/route.js:192:1)
    at __webpack_require__ (/app/.next/server/webpack-runtime.js:33:43)
    at eval (webpack-internal:///(rsc)/./node_modules/next/dist/build/webpack/loaders/next-app-loader.js?name=app%2Fapi%2Fauth%2F%5B...nextauth%5D%2Froute&page=%2Fapi%2Fauth%2F%5B...nextauth%5D%2Froute&appPaths=&pagePath=private-next-app-dir%2Fapi%2Fauth%2F%5B...nextauth%5D%2Froute.ts&appDir=%2Fapp%2Fsrc%2Fapp&pageExtensions=tsx&pageExtensions=ts&pageExtensions=jsx&pageExtensions=js&rootDir=%2Fapp&isDev=true&tsconfigPath=tsconfig.json&basePath=&assetPrefix=&nextConfigOutput=&preferredRegion=&middlewareConfig=e30%3D!:15:97)
    at (rsc)/./node_modules/next/dist/build/webpack/loaders/next-app-loader.js?name=app%2Fapi%2Fauth%2F%5B...nextauth%5D%2Froute&page=%2Fapi%2Fauth%2F%5B...nextauth%5D%2Froute&appPaths=&pagePath=private-next-app-dir%2Fapi%2Fauth%2F%5B...nextauth%5D%2Froute.ts&appDir=%2Fapp%2Fsrc%2Fapp&pageExtensions=tsx&pageExtensions=ts&pageExtensions=jsx&pageExtensions=js&rootDir=%2Fapp&isDev=true&tsconfigPath=tsconfig.json&basePath=&assetPrefix=&nextConfigOutput=&preferredRegion=&middlewareConfig=e30%3D! (/app/.next/server/app/api/auth/[...nextauth]/route.js:182:1)
    at __webpack_require__ (/app/.next/server/webpack-runtime.js:33:43)
    at __webpack_exec__ (/app/.next/server/app/api/auth/[...nextauth]/route.js:222:39)
    at /app/.next/server/app/api/auth/[...nextauth]/route.js:223:438
    at __webpack_require__.X (/app/.next/server/webpack-runtime.js:163:21)
    at /app/.next/server/app/api/auth/[...nextauth]/route.js:223:47
    at Object.<anonymous> (/app/.next/server/app/api/auth/[...nextauth]/route.js:226:3)
    at Module._compile (node:internal/modules/cjs/loader:1705:14)
    at Object..js (node:internal/modules/cjs/loader:1838:10)
    at Module.load (node:internal/modules/cjs/loader:1441:32)
    at Function._load (node:internal/modules/cjs/loader:1263:12)
    at TracingChannel.traceSync (node:diagnostics_channel:328:14)
    at wrapModuleLoad (node:internal/modules/cjs/loader:237:24)
    at Module.<anonymous> (node:internal/modules/cjs/loader:1463:12)
    at mod.require (/app/node_modules/next/dist/server/require-hook.js:65:28)
    at require (node:internal/modules/helpers:147:16)
    at requirePage (/app/node_modules/next/dist/server/require.js:109:84)
    at /app/node_modules/next/dist/server/load-components.js:103:84
    at async loadComponentsImpl (/app/node_modules/next/dist/server/load-components.js:103:26)
    at async DevServer.findPageComponentsImpl (/app/node_modules/next/dist/server/next-server.js:714:36)
    at async DevServer.findPageComponents (/app/node_modules/next/dist/server/dev/next-dev-server.js:577:20)
    at async DevServer.renderPageComponent (/app/node_modules/next/dist/server/base-server.js:1910:24)
    at async DevServer.renderToResponseImpl (/app/node_modules/next/dist/server/base-server.js:1962:32)
    at async DevServer.pipeImpl (/app/node_modules/next/dist/server/base-server.js:922:25)
    at async NextNodeServer.handleCatchallRenderRequest (/app/node_modules/next/dist/server/next-server.js:272:17)
    at async DevServer.handleRequestImpl (/app/node_modules/next/dist/server/base-server.js:818:17)
    at async /app/node_modules/next/dist/server/dev/next-dev-server.js:339:20
    at async Span.traceAsyncFn (/app/node_modules/next/dist/trace/trace.js:154:20)
    at async DevServer.handleRequest (/app/node_modules/next/dist/server/dev/next-dev-server.js:336:24)
    at async invokeRender (/app/node_modules/next/dist/server/lib/router-server.js:179:21)
    at async handleRequest (/app/node_modules/next/dist/server/lib/router-server.js:359:24)
    at async requestHandlerImpl (/app/node_modules/next/dist/server/lib/router-server.js:383:13)
    at async Server.requestListener (/app/node_modules/next/dist/server/lib/start-server.js:141:13) {
  clientVersion: '7.6.0',
  errorCode: undefined,
  retryable: undefined,
  page: '/api/auth/_log'
}
 POST /api/auth/_log 500 in 17ms
 ○ Compiling /dashboard ...
 ✓ Compiled /dashboard in 1159ms (1955 modules)
 GET /dashboard 200 in 1569ms
 ⨯ PrismaClientInitializationError: `PrismaClient` needs to be constructed with a non-empty, valid `PrismaClientOptions`:

```
new PrismaClient({
  ...
})
```

or

```
constructor() {
  super({ ... });
}
```

    at new t (/app/node_modules/@prisma/client/runtime/client.js:70:1527)
    at prismaClientSingleton (webpack-internal:///(rsc)/./src/lib/prisma.ts:9:12)
    at eval (webpack-internal:///(rsc)/./src/lib/prisma.ts:11:43)
    at (rsc)/./src/lib/prisma.ts (/app/.next/server/app/api/auth/[...nextauth]/route.js:212:1)
    at __webpack_require__ (/app/.next/server/webpack-runtime.js:33:43)
    at eval (webpack-internal:///(rsc)/./src/lib/auth/authOptions.ts:10:69)
    at (rsc)/./src/lib/auth/authOptions.ts (/app/.next/server/app/api/auth/[...nextauth]/route.js:202:1)
    at __webpack_require__ (/app/.next/server/webpack-runtime.js:33:43)
    at eval (webpack-internal:///(rsc)/./src/app/api/auth/[...nextauth]/route.ts:8:79)
    at (rsc)/./src/app/api/auth/[...nextauth]/route.ts (/app/.next/server/app/api/auth/[...nextauth]/route.js:192:1)
    at __webpack_require__ (/app/.next/server/webpack-runtime.js:33:43)
    at eval (webpack-internal:///(rsc)/./node_modules/next/dist/build/webpack/loaders/next-app-loader.js?name=app%2Fapi%2Fauth%2F%5B...nextauth%5D%2Froute&page=%2Fapi%2Fauth%2F%5B...nextauth%5D%2Froute&appPaths=&pagePath=private-next-app-dir%2Fapi%2Fauth%2F%5B...nextauth%5D%2Froute.ts&appDir=%2Fapp%2Fsrc%2Fapp&pageExtensions=tsx&pageExtensions=ts&pageExtensions=jsx&pageExtensions=js&rootDir=%2Fapp&isDev=true&tsconfigPath=tsconfig.json&basePath=&assetPrefix=&nextConfigOutput=&preferredRegion=&middlewareConfig=e30%3D!:15:97)
    at (rsc)/./node_modules/next/dist/build/webpack/loaders/next-app-loader.js?name=app%2Fapi%2Fauth%2F%5B...nextauth%5D%2Froute&page=%2Fapi%2Fauth%2F%5B...nextauth%5D%2Froute&appPaths=&pagePath=private-next-app-dir%2Fapi%2Fauth%2F%5B...nextauth%5D%2Froute.ts&appDir=%2Fapp%2Fsrc%2Fapp&pageExtensions=tsx&pageExtensions=ts&pageExtensions=jsx&pageExtensions=js&rootDir=%2Fapp&isDev=true&tsconfigPath=tsconfig.json&basePath=&assetPrefix=&nextConfigOutput=&preferredRegion=&middlewareConfig=e30%3D! (/app/.next/server/app/api/auth/[...nextauth]/route.js:182:1)
    at __webpack_require__ (/app/.next/server/webpack-runtime.js:33:43)
    at __webpack_exec__ (/app/.next/server/app/api/auth/[...nextauth]/route.js:222:39)
    at /app/.next/server/app/api/auth/[...nextauth]/route.js:223:438
    at __webpack_require__.X (/app/.next/server/webpack-runtime.js:163:21)
    at /app/.next/server/app/api/auth/[...nextauth]/route.js:223:47
    at Object.<anonymous> (/app/.next/server/app/api/auth/[...nextauth]/route.js:226:3)
    at Module._compile (node:internal/modules/cjs/loader:1705:14)
    at Object..js (node:internal/modules/cjs/loader:1838:10)
    at Module.load (node:internal/modules/cjs/loader:1441:32)
    at Function._load (node:internal/modules/cjs/loader:1263:12)
    at TracingChannel.traceSync (node:diagnostics_channel:328:14)
    at wrapModuleLoad (node:internal/modules/cjs/loader:237:24)
    at Module.<anonymous> (node:internal/modules/cjs/loader:1463:12)
    at mod.require (/app/node_modules/next/dist/server/require-hook.js:65:28)
    at require (node:internal/modules/helpers:147:16)
    at requirePage (/app/node_modules/next/dist/server/require.js:109:84)
    at /app/node_modules/next/dist/server/load-components.js:103:84
    at async loadComponentsImpl (/app/node_modules/next/dist/server/load-components.js:103:26)
    at async DevServer.findPageComponentsImpl (/app/node_modules/next/dist/server/next-server.js:714:36)
    at async DevServer.findPageComponents (/app/node_modules/next/dist/server/dev/next-dev-server.js:577:20)
    at async DevServer.renderPageComponent (/app/node_modules/next/dist/server/base-server.js:1910:24)
    at async DevServer.renderToResponseImpl (/app/node_modules/next/dist/server/base-server.js:1962:32)
    at async DevServer.pipeImpl (/app/node_modules/next/dist/server/base-server.js:922:25)
    at async NextNodeServer.handleCatchallRenderRequest (/app/node_modules/next/dist/server/next-server.js:272:17)
    at async DevServer.handleRequestImpl (/app/node_modules/next/dist/server/base-server.js:818:17)
    at async /app/node_modules/next/dist/server/dev/next-dev-server.js:339:20
    at async Span.traceAsyncFn (/app/node_modules/next/dist/trace/trace.js:154:20)
    at async DevServer.handleRequest (/app/node_modules/next/dist/server/dev/next-dev-server.js:336:24)
    at async invokeRender (/app/node_modules/next/dist/server/lib/router-server.js:179:21)
    at async handleRequest (/app/node_modules/next/dist/server/lib/router-server.js:359:24)
    at async requestHandlerImpl (/app/node_modules/next/dist/server/lib/router-server.js:383:13)
    at async Server.requestListener (/app/node_modules/next/dist/server/lib/start-server.js:141:13) {
  clientVersion: '7.6.0',
  errorCode: undefined,
  retryable: undefined,
  page: '/api/auth/session'
}
 GET /api/auth/session 500 in 159ms
 ⨯ PrismaClientInitializationError: `PrismaClient` needs to be constructed with a non-empty, valid `PrismaClientOptions`:

```
new PrismaClient({
  ...
})
```

or

```
constructor() {
  super({ ... });
}
```

    at new t (/app/node_modules/@prisma/client/runtime/client.js:70:1527)
    at prismaClientSingleton (webpack-internal:///(rsc)/./src/lib/prisma.ts:9:12)
    at eval (webpack-internal:///(rsc)/./src/lib/prisma.ts:11:43)
    at (rsc)/./src/lib/prisma.ts (/app/.next/server/app/api/auth/[...nextauth]/route.js:212:1)
    at __webpack_require__ (/app/.next/server/webpack-runtime.js:33:43)
    at eval (webpack-internal:///(rsc)/./src/lib/auth/authOptions.ts:10:69)
    at (rsc)/./src/lib/auth/authOptions.ts (/app/.next/server/app/api/auth/[...nextauth]/route.js:202:1)
    at __webpack_require__ (/app/.next/server/webpack-runtime.js:33:43)
    at eval (webpack-internal:///(rsc)/./src/app/api/auth/[...nextauth]/route.ts:8:79)
    at (rsc)/./src/app/api/auth/[...nextauth]/route.ts (/app/.next/server/app/api/auth/[...nextauth]/route.js:192:1)
    at __webpack_require__ (/app/.next/server/webpack-runtime.js:33:43)
    at eval (webpack-internal:///(rsc)/./node_modules/next/dist/build/webpack/loaders/next-app-loader.js?name=app%2Fapi%2Fauth%2F%5B...nextauth%5D%2Froute&page=%2Fapi%2Fauth%2F%5B...nextauth%5D%2Froute&appPaths=&pagePath=private-next-app-dir%2Fapi%2Fauth%2F%5B...nextauth%5D%2Froute.ts&appDir=%2Fapp%2Fsrc%2Fapp&pageExtensions=tsx&pageExtensions=ts&pageExtensions=jsx&pageExtensions=js&rootDir=%2Fapp&isDev=true&tsconfigPath=tsconfig.json&basePath=&assetPrefix=&nextConfigOutput=&preferredRegion=&middlewareConfig=e30%3D!:15:97)
    at (rsc)/./node_modules/next/dist/build/webpack/loaders/next-app-loader.js?name=app%2Fapi%2Fauth%2F%5B...nextauth%5D%2Froute&page=%2Fapi%2Fauth%2F%5B...nextauth%5D%2Froute&appPaths=&pagePath=private-next-app-dir%2Fapi%2Fauth%2F%5B...nextauth%5D%2Froute.ts&appDir=%2Fapp%2Fsrc%2Fapp&pageExtensions=tsx&pageExtensions=ts&pageExtensions=jsx&pageExtensions=js&rootDir=%2Fapp&isDev=true&tsconfigPath=tsconfig.json&basePath=&assetPrefix=&nextConfigOutput=&preferredRegion=&middlewareConfig=e30%3D! (/app/.next/server/app/api/auth/[...nextauth]/route.js:182:1)
    at __webpack_require__ (/app/.next/server/webpack-runtime.js:33:43)
    at __webpack_exec__ (/app/.next/server/app/api/auth/[...nextauth]/route.js:222:39)
    at /app/.next/server/app/api/auth/[...nextauth]/route.js:223:438
    at __webpack_require__.X (/app/.next/server/webpack-runtime.js:163:21)
    at /app/.next/server/app/api/auth/[...nextauth]/route.js:223:47
    at Object.<anonymous> (/app/.next/server/app/api/auth/[...nextauth]/route.js:226:3)
    at Module._compile (node:internal/modules/cjs/loader:1705:14)
    at Object..js (node:internal/modules/cjs/loader:1838:10)
    at Module.load (node:internal/modules/cjs/loader:1441:32)
    at Function._load (node:internal/modules/cjs/loader:1263:12)
    at TracingChannel.traceSync (node:diagnostics_channel:328:14)
    at wrapModuleLoad (node:internal/modules/cjs/loader:237:24)
    at Module.<anonymous> (node:internal/modules/cjs/loader:1463:12)
    at mod.require (/app/node_modules/next/dist/server/require-hook.js:65:28)
    at require (node:internal/modules/helpers:147:16)
    at requirePage (/app/node_modules/next/dist/server/require.js:109:84)
    at /app/node_modules/next/dist/server/load-components.js:103:84
    at async loadComponentsImpl (/app/node_modules/next/dist/server/load-components.js:103:26)
    at async DevServer.findPageComponentsImpl (/app/node_modules/next/dist/server/next-server.js:714:36)
    at async DevServer.findPageComponents (/app/node_modules/next/dist/server/dev/next-dev-server.js:577:20)
    at async DevServer.renderPageComponent (/app/node_modules/next/dist/server/base-server.js:1910:24)
    at async DevServer.renderToResponseImpl (/app/node_modules/next/dist/server/base-server.js:1962:32)
    at async DevServer.pipeImpl (/app/node_modules/next/dist/server/base-server.js:922:25)
    at async NextNodeServer.handleCatchallRenderRequest (/app/node_modules/next/dist/server/next-server.js:272:17)
    at async DevServer.handleRequestImpl (/app/node_modules/next/dist/server/base-server.js:818:17)
    at async /app/node_modules/next/dist/server/dev/next-dev-server.js:339:20
    at async Span.traceAsyncFn (/app/node_modules/next/dist/trace/trace.js:154:20)
    at async DevServer.handleRequest (/app/node_modules/next/dist/server/dev/next-dev-server.js:336:24)
    at async invokeRender (/app/node_modules/next/dist/server/lib/router-server.js:179:21)
    at async handleRequest (/app/node_modules/next/dist/server/lib/router-server.js:359:24)
    at async requestHandlerImpl (/app/node_modules/next/dist/server/lib/router-server.js:383:13)
    at async Server.requestListener (/app/node_modules/next/dist/server/lib/start-server.js:141:13) {
  clientVersion: '7.6.0',
  errorCode: undefined,
  retryable: undefined,
  page: '/api/auth/session'
}
 GET /api/auth/session 500 in 22ms
 ⨯ PrismaClientInitializationError: `PrismaClient` needs to be constructed with a non-empty, valid `PrismaClientOptions`:

```
new PrismaClient({
  ...
})
```

or

```
constructor() {
  super({ ... });
}
```

    at new t (/app/node_modules/@prisma/client/runtime/client.js:70:1527)
    at prismaClientSingleton (webpack-internal:///(rsc)/./src/lib/prisma.ts:9:12)
    at eval (webpack-internal:///(rsc)/./src/lib/prisma.ts:11:43)
    at (rsc)/./src/lib/prisma.ts (/app/.next/server/app/api/auth/[...nextauth]/route.js:212:1)
    at __webpack_require__ (/app/.next/server/webpack-runtime.js:33:43)
    at eval (webpack-internal:///(rsc)/./src/lib/auth/authOptions.ts:10:69)
    at (rsc)/./src/lib/auth/authOptions.ts (/app/.next/server/app/api/auth/[...nextauth]/route.js:202:1)
    at __webpack_require__ (/app/.next/server/webpack-runtime.js:33:43)
    at eval (webpack-internal:///(rsc)/./src/app/api/auth/[...nextauth]/route.ts:8:79)
    at (rsc)/./src/app/api/auth/[...nextauth]/route.ts (/app/.next/server/app/api/auth/[...nextauth]/route.js:192:1)
    at __webpack_require__ (/app/.next/server/webpack-runtime.js:33:43)
    at eval (webpack-internal:///(rsc)/./node_modules/next/dist/build/webpack/loaders/next-app-loader.js?name=app%2Fapi%2Fauth%2F%5B...nextauth%5D%2Froute&page=%2Fapi%2Fauth%2F%5B...nextauth%5D%2Froute&appPaths=&pagePath=private-next-app-dir%2Fapi%2Fauth%2F%5B...nextauth%5D%2Froute.ts&appDir=%2Fapp%2Fsrc%2Fapp&pageExtensions=tsx&pageExtensions=ts&pageExtensions=jsx&pageExtensions=js&rootDir=%2Fapp&isDev=true&tsconfigPath=tsconfig.json&basePath=&assetPrefix=&nextConfigOutput=&preferredRegion=&middlewareConfig=e30%3D!:15:97)
    at (rsc)/./node_modules/next/dist/build/webpack/loaders/next-app-loader.js?name=app%2Fapi%2Fauth%2F%5B...nextauth%5D%2Froute&page=%2Fapi%2Fauth%2F%5B...nextauth%5D%2Froute&appPaths=&pagePath=private-next-app-dir%2Fapi%2Fauth%2F%5B...nextauth%5D%2Froute.ts&appDir=%2Fapp%2Fsrc%2Fapp&pageExtensions=tsx&pageExtensions=ts&pageExtensions=jsx&pageExtensions=js&rootDir=%2Fapp&isDev=true&tsconfigPath=tsconfig.json&basePath=&assetPrefix=&nextConfigOutput=&preferredRegion=&middlewareConfig=e30%3D! (/app/.next/server/app/api/auth/[...nextauth]/route.js:182:1)
    at __webpack_require__ (/app/.next/server/webpack-runtime.js:33:43)
    at __webpack_exec__ (/app/.next/server/app/api/auth/[...nextauth]/route.js:222:39)
    at /app/.next/server/app/api/auth/[...nextauth]/route.js:223:438
    at __webpack_require__.X (/app/.next/server/webpack-runtime.js:163:21)
    at /app/.next/server/app/api/auth/[...nextauth]/route.js:223:47
    at Object.<anonymous> (/app/.next/server/app/api/auth/[...nextauth]/route.js:226:3)
    at Module._compile (node:internal/modules/cjs/loader:1705:14)
    at Object..js (node:internal/modules/cjs/loader:1838:10)
    at Module.load (node:internal/modules/cjs/loader:1441:32)
    at Function._load (node:internal/modules/cjs/loader:1263:12)
    at TracingChannel.traceSync (node:diagnostics_channel:328:14)
    at wrapModuleLoad (node:internal/modules/cjs/loader:237:24)
    at Module.<anonymous> (node:internal/modules/cjs/loader:1463:12)
    at mod.require (/app/node_modules/next/dist/server/require-hook.js:65:28)
    at require (node:internal/modules/helpers:147:16)
    at requirePage (/app/node_modules/next/dist/server/require.js:109:84)
    at /app/node_modules/next/dist/server/load-components.js:103:84
    at async loadComponentsImpl (/app/node_modules/next/dist/server/load-components.js:103:26)
    at async DevServer.findPageComponentsImpl (/app/node_modules/next/dist/server/next-server.js:714:36)
    at async DevServer.findPageComponents (/app/node_modules/next/dist/server/dev/next-dev-server.js:577:20)
    at async DevServer.renderPageComponent (/app/node_modules/next/dist/server/base-server.js:1910:24)
    at async DevServer.renderToResponseImpl (/app/node_modules/next/dist/server/base-server.js:1962:32)
    at async DevServer.pipeImpl (/app/node_modules/next/dist/server/base-server.js:922:25)
    at async NextNodeServer.handleCatchallRenderRequest (/app/node_modules/next/dist/server/next-server.js:272:17)
    at async DevServer.handleRequestImpl (/app/node_modules/next/dist/server/base-server.js:818:17)
    at async /app/node_modules/next/dist/server/dev/next-dev-server.js:339:20
    at async Span.traceAsyncFn (/app/node_modules/next/dist/trace/trace.js:154:20)
    at async DevServer.handleRequest (/app/node_modules/next/dist/server/dev/next-dev-server.js:336:24)
    at async invokeRender (/app/node_modules/next/dist/server/lib/router-server.js:179:21)
    at async handleRequest (/app/node_modules/next/dist/server/lib/router-server.js:359:24)
    at async requestHandlerImpl (/app/node_modules/next/dist/server/lib/router-server.js:383:13)
    at async Server.requestListener (/app/node_modules/next/dist/server/lib/start-server.js:141:13) {
  clientVersion: '7.6.0',
  errorCode: undefined,
  retryable: undefined,
  page: '/api/auth/_log'
}
 POST /api/auth/_log 500 in 33ms
 ⨯ PrismaClientInitializationError: `PrismaClient` needs to be constructed with a non-empty, valid `PrismaClientOptions`:

```
new PrismaClient({
  ...
})
```

or

```
constructor() {
  super({ ... });
}
```

    at new t (/app/node_modules/@prisma/client/runtime/client.js:70:1527)
    at prismaClientSingleton (webpack-internal:///(rsc)/./src/lib/prisma.ts:9:12)
    at eval (webpack-internal:///(rsc)/./src/lib/prisma.ts:11:43)
    at (rsc)/./src/lib/prisma.ts (/app/.next/server/app/api/auth/[...nextauth]/route.js:212:1)
    at __webpack_require__ (/app/.next/server/webpack-runtime.js:33:43)
    at eval (webpack-internal:///(rsc)/./src/lib/auth/authOptions.ts:10:69)
    at (rsc)/./src/lib/auth/authOptions.ts (/app/.next/server/app/api/auth/[...nextauth]/route.js:202:1)
    at __webpack_require__ (/app/.next/server/webpack-runtime.js:33:43)
    at eval (webpack-internal:///(rsc)/./src/app/api/auth/[...nextauth]/route.ts:8:79)
    at (rsc)/./src/app/api/auth/[...nextauth]/route.ts (/app/.next/server/app/api/auth/[...nextauth]/route.js:192:1)
    at __webpack_require__ (/app/.next/server/webpack-runtime.js:33:43)
    at eval (webpack-internal:///(rsc)/./node_modules/next/dist/build/webpack/loaders/next-app-loader.js?name=app%2Fapi%2Fauth%2F%5B...nextauth%5D%2Froute&page=%2Fapi%2Fauth%2F%5B...nextauth%5D%2Froute&appPaths=&pagePath=private-next-app-dir%2Fapi%2Fauth%2F%5B...nextauth%5D%2Froute.ts&appDir=%2Fapp%2Fsrc%2Fapp&pageExtensions=tsx&pageExtensions=ts&pageExtensions=jsx&pageExtensions=js&rootDir=%2Fapp&isDev=true&tsconfigPath=tsconfig.json&basePath=&assetPrefix=&nextConfigOutput=&preferredRegion=&middlewareConfig=e30%3D!:15:97)
    at (rsc)/./node_modules/next/dist/build/webpack/loaders/next-app-loader.js?name=app%2Fapi%2Fauth%2F%5B...nextauth%5D%2Froute&page=%2Fapi%2Fauth%2F%5B...nextauth%5D%2Froute&appPaths=&pagePath=private-next-app-dir%2Fapi%2Fauth%2F%5B...nextauth%5D%2Froute.ts&appDir=%2Fapp%2Fsrc%2Fapp&pageExtensions=tsx&pageExtensions=ts&pageExtensions=jsx&pageExtensions=js&rootDir=%2Fapp&isDev=true&tsconfigPath=tsconfig.json&basePath=&assetPrefix=&nextConfigOutput=&preferredRegion=&middlewareConfig=e30%3D! (/app/.next/server/app/api/auth/[...nextauth]/route.js:182:1)
    at __webpack_require__ (/app/.next/server/webpack-runtime.js:33:43)
    at __webpack_exec__ (/app/.next/server/app/api/auth/[...nextauth]/route.js:222:39)
    at /app/.next/server/app/api/auth/[...nextauth]/route.js:223:438
    at __webpack_require__.X (/app/.next/server/webpack-runtime.js:163:21)
    at /app/.next/server/app/api/auth/[...nextauth]/route.js:223:47
    at Object.<anonymous> (/app/.next/server/app/api/auth/[...nextauth]/route.js:226:3)
    at Module._compile (node:internal/modules/cjs/loader:1705:14)
    at Object..js (node:internal/modules/cjs/loader:1838:10)
    at Module.load (node:internal/modules/cjs/loader:1441:32)
    at Function._load (node:internal/modules/cjs/loader:1263:12)
    at TracingChannel.traceSync (node:diagnostics_channel:328:14)
    at wrapModuleLoad (node:internal/modules/cjs/loader:237:24)
    at Module.<anonymous> (node:internal/modules/cjs/loader:1463:12)
    at mod.require (/app/node_modules/next/dist/server/require-hook.js:65:28)
    at require (node:internal/modules/helpers:147:16)
    at requirePage (/app/node_modules/next/dist/server/require.js:109:84)
    at /app/node_modules/next/dist/server/load-components.js:103:84
    at async loadComponentsImpl (/app/node_modules/next/dist/server/load-components.js:103:26)
    at async DevServer.findPageComponentsImpl (/app/node_modules/next/dist/server/next-server.js:714:36)
    at async DevServer.findPageComponents (/app/node_modules/next/dist/server/dev/next-dev-server.js:577:20)
    at async DevServer.renderPageComponent (/app/node_modules/next/dist/server/base-server.js:1910:24)
    at async DevServer.renderToResponseImpl (/app/node_modules/next/dist/server/base-server.js:1962:32)
    at async DevServer.pipeImpl (/app/node_modules/next/dist/server/base-server.js:922:25)
    at async NextNodeServer.handleCatchallRenderRequest (/app/node_modules/next/dist/server/next-server.js:272:17)
    at async DevServer.handleRequestImpl (/app/node_modules/next/dist/server/base-server.js:818:17)
    at async /app/node_modules/next/dist/server/dev/next-dev-server.js:339:20
    at async Span.traceAsyncFn (/app/node_modules/next/dist/trace/trace.js:154:20)
    at async DevServer.handleRequest (/app/node_modules/next/dist/server/dev/next-dev-server.js:336:24)
    at async invokeRender (/app/node_modules/next/dist/server/lib/router-server.js:179:21)
    at async handleRequest (/app/node_modules/next/dist/server/lib/router-server.js:359:24)
    at async requestHandlerImpl (/app/node_modules/next/dist/server/lib/router-server.js:383:13)
    at async Server.requestListener (/app/node_modules/next/dist/server/lib/start-server.js:141:13) {
  clientVersion: '7.6.0',
  errorCode: undefined,
  retryable: undefined,
  page: '/api/auth/_log'
}
 POST /api/auth/_log 500 in 25ms
 ✓ Compiled /new-order in 382ms (1960 modules)
 ⨯ Error: The default export is not a React Component in page: "/new-order"
    at async Promise.all (index 0)
    at async Promise.all (index 0)
digest: "94756885"
 ⨯ Error: The default export is not a React Component in page: "/new-order"
    at async Promise.all (index 0)
    at async Promise.all (index 0)
digest: "94756885"
 GET /new-order 500 in 504ms
 ✓ Compiled /orders in 463ms (1977 modules)
 GET /orders 200 in 569ms
 ⨯ PrismaClientInitializationError: `PrismaClient` needs to be constructed with a non-empty, valid `PrismaClientOptions`:

```
new PrismaClient({
  ...
})
```

or

```
constructor() {
  super({ ... });
}
```

    at new t (/app/node_modules/@prisma/client/runtime/client.js:70:1527)
    at prismaClientSingleton (webpack-internal:///(rsc)/./src/lib/prisma.ts:9:12)
    at eval (webpack-internal:///(rsc)/./src/lib/prisma.ts:11:43)
    at (rsc)/./src/lib/prisma.ts (/app/.next/server/app/api/auth/[...nextauth]/route.js:212:1)
    at __webpack_require__ (/app/.next/server/webpack-runtime.js:33:43)
    at eval (webpack-internal:///(rsc)/./src/lib/auth/authOptions.ts:10:69)
    at (rsc)/./src/lib/auth/authOptions.ts (/app/.next/server/app/api/auth/[...nextauth]/route.js:202:1)
    at __webpack_require__ (/app/.next/server/webpack-runtime.js:33:43)
    at eval (webpack-internal:///(rsc)/./src/app/api/auth/[...nextauth]/route.ts:8:79)
    at (rsc)/./src/app/api/auth/[...nextauth]/route.ts (/app/.next/server/app/api/auth/[...nextauth]/route.js:192:1)
    at __webpack_require__ (/app/.next/server/webpack-runtime.js:33:43)
    at eval (webpack-internal:///(rsc)/./node_modules/next/dist/build/webpack/loaders/next-app-loader.js?name=app%2Fapi%2Fauth%2F%5B...nextauth%5D%2Froute&page=%2Fapi%2Fauth%2F%5B...nextauth%5D%2Froute&appPaths=&pagePath=private-next-app-dir%2Fapi%2Fauth%2F%5B...nextauth%5D%2Froute.ts&appDir=%2Fapp%2Fsrc%2Fapp&pageExtensions=tsx&pageExtensions=ts&pageExtensions=jsx&pageExtensions=js&rootDir=%2Fapp&isDev=true&tsconfigPath=tsconfig.json&basePath=&assetPrefix=&nextConfigOutput=&preferredRegion=&middlewareConfig=e30%3D!:15:97)
    at (rsc)/./node_modules/next/dist/build/webpack/loaders/next-app-loader.js?name=app%2Fapi%2Fauth%2F%5B...nextauth%5D%2Froute&page=%2Fapi%2Fauth%2F%5B...nextauth%5D%2Froute&appPaths=&pagePath=private-next-app-dir%2Fapi%2Fauth%2F%5B...nextauth%5D%2Froute.ts&appDir=%2Fapp%2Fsrc%2Fapp&pageExtensions=tsx&pageExtensions=ts&pageExtensions=jsx&pageExtensions=js&rootDir=%2Fapp&isDev=true&tsconfigPath=tsconfig.json&basePath=&assetPrefix=&nextConfigOutput=&preferredRegion=&middlewareConfig=e30%3D! (/app/.next/server/app/api/auth/[...nextauth]/route.js:182:1)
    at __webpack_require__ (/app/.next/server/webpack-runtime.js:33:43)
    at __webpack_exec__ (/app/.next/server/app/api/auth/[...nextauth]/route.js:222:39)
    at /app/.next/server/app/api/auth/[...nextauth]/route.js:223:438
    at __webpack_require__.X (/app/.next/server/webpack-runtime.js:163:21)
    at /app/.next/server/app/api/auth/[...nextauth]/route.js:223:47
    at Object.<anonymous> (/app/.next/server/app/api/auth/[...nextauth]/route.js:226:3)
    at Module._compile (node:internal/modules/cjs/loader:1705:14)
    at Object..js (node:internal/modules/cjs/loader:1838:10)
    at Module.load (node:internal/modules/cjs/loader:1441:32)
    at Function._load (node:internal/modules/cjs/loader:1263:12)
    at TracingChannel.traceSync (node:diagnostics_channel:328:14)
    at wrapModuleLoad (node:internal/modules/cjs/loader:237:24)
    at Module.<anonymous> (node:internal/modules/cjs/loader:1463:12)
    at mod.require (/app/node_modules/next/dist/server/require-hook.js:65:28)
    at require (node:internal/modules/helpers:147:16)
    at requirePage (/app/node_modules/next/dist/server/require.js:109:84)
    at /app/node_modules/next/dist/server/load-components.js:103:84
    at async loadComponentsImpl (/app/node_modules/next/dist/server/load-components.js:103:26)
    at async DevServer.findPageComponentsImpl (/app/node_modules/next/dist/server/next-server.js:714:36)
    at async DevServer.findPageComponents (/app/node_modules/next/dist/server/dev/next-dev-server.js:577:20)
    at async DevServer.renderPageComponent (/app/node_modules/next/dist/server/base-server.js:1910:24)
    at async DevServer.renderToResponseImpl (/app/node_modules/next/dist/server/base-server.js:1962:32)
    at async DevServer.pipeImpl (/app/node_modules/next/dist/server/base-server.js:922:25)
    at async NextNodeServer.handleCatchallRenderRequest (/app/node_modules/next/dist/server/next-server.js:272:17)
    at async DevServer.handleRequestImpl (/app/node_modules/next/dist/server/base-server.js:818:17)
    at async /app/node_modules/next/dist/server/dev/next-dev-server.js:339:20
    at async Span.traceAsyncFn (/app/node_modules/next/dist/trace/trace.js:154:20)
    at async DevServer.handleRequest (/app/node_modules/next/dist/server/dev/next-dev-server.js:336:24)
    at async invokeRender (/app/node_modules/next/dist/server/lib/router-server.js:179:21)
    at async handleRequest (/app/node_modules/next/dist/server/lib/router-server.js:359:24)
    at async requestHandlerImpl (/app/node_modules/next/dist/server/lib/router-server.js:383:13)
    at async Server.requestListener (/app/node_modules/next/dist/server/lib/start-server.js:141:13) {
  clientVersion: '7.6.0',
  errorCode: undefined,
  retryable: undefined,
  page: '/api/auth/session'
}
 GET /api/auth/session 500 in 59ms
 ⨯ PrismaClientInitializationError: `PrismaClient` needs to be constructed with a non-empty, valid `PrismaClientOptions`:

```
new PrismaClient({
  ...
})
```

or

```
constructor() {
  super({ ... });
}
```

    at new t (/app/node_modules/@prisma/client/runtime/client.js:70:1527)
    at prismaClientSingleton (webpack-internal:///(rsc)/./src/lib/prisma.ts:9:12)
    at eval (webpack-internal:///(rsc)/./src/lib/prisma.ts:11:43)
    at (rsc)/./src/lib/prisma.ts (/app/.next/server/app/api/auth/[...nextauth]/route.js:212:1)
    at __webpack_require__ (/app/.next/server/webpack-runtime.js:33:43)
    at eval (webpack-internal:///(rsc)/./src/lib/auth/authOptions.ts:10:69)
    at (rsc)/./src/lib/auth/authOptions.ts (/app/.next/server/app/api/auth/[...nextauth]/route.js:202:1)
    at __webpack_require__ (/app/.next/server/webpack-runtime.js:33:43)
    at eval (webpack-internal:///(rsc)/./src/app/api/auth/[...nextauth]/route.ts:8:79)
    at (rsc)/./src/app/api/auth/[...nextauth]/route.ts (/app/.next/server/app/api/auth/[...nextauth]/route.js:192:1)
    at __webpack_require__ (/app/.next/server/webpack-runtime.js:33:43)
    at eval (webpack-internal:///(rsc)/./node_modules/next/dist/build/webpack/loaders/next-app-loader.js?name=app%2Fapi%2Fauth%2F%5B...nextauth%5D%2Froute&page=%2Fapi%2Fauth%2F%5B...nextauth%5D%2Froute&appPaths=&pagePath=private-next-app-dir%2Fapi%2Fauth%2F%5B...nextauth%5D%2Froute.ts&appDir=%2Fapp%2Fsrc%2Fapp&pageExtensions=tsx&pageExtensions=ts&pageExtensions=jsx&pageExtensions=js&rootDir=%2Fapp&isDev=true&tsconfigPath=tsconfig.json&basePath=&assetPrefix=&nextConfigOutput=&preferredRegion=&middlewareConfig=e30%3D!:15:97)
    at (rsc)/./node_modules/next/dist/build/webpack/loaders/next-app-loader.js?name=app%2Fapi%2Fauth%2F%5B...nextauth%5D%2Froute&page=%2Fapi%2Fauth%2F%5B...nextauth%5D%2Froute&appPaths=&pagePath=private-next-app-dir%2Fapi%2Fauth%2F%5B...nextauth%5D%2Froute.ts&appDir=%2Fapp%2Fsrc%2Fapp&pageExtensions=tsx&pageExtensions=ts&pageExtensions=jsx&pageExtensions=js&rootDir=%2Fapp&isDev=true&tsconfigPath=tsconfig.json&basePath=&assetPrefix=&nextConfigOutput=&preferredRegion=&middlewareConfig=e30%3D! (/app/.next/server/app/api/auth/[...nextauth]/route.js:182:1)
    at __webpack_require__ (/app/.next/server/webpack-runtime.js:33:43)
    at __webpack_exec__ (/app/.next/server/app/api/auth/[...nextauth]/route.js:222:39)
    at /app/.next/server/app/api/auth/[...nextauth]/route.js:223:438
    at __webpack_require__.X (/app/.next/server/webpack-runtime.js:163:21)
    at /app/.next/server/app/api/auth/[...nextauth]/route.js:223:47
    at Object.<anonymous> (/app/.next/server/app/api/auth/[...nextauth]/route.js:226:3)
    at Module._compile (node:internal/modules/cjs/loader:1705:14)
    at Object..js (node:internal/modules/cjs/loader:1838:10)
    at Module.load (node:internal/modules/cjs/loader:1441:32)
    at Function._load (node:internal/modules/cjs/loader:1263:12)
    at TracingChannel.traceSync (node:diagnostics_channel:328:14)
    at wrapModuleLoad (node:internal/modules/cjs/loader:237:24)
    at Module.<anonymous> (node:internal/modules/cjs/loader:1463:12)
    at mod.require (/app/node_modules/next/dist/server/require-hook.js:65:28)
    at require (node:internal/modules/helpers:147:16)
    at requirePage (/app/node_modules/next/dist/server/require.js:109:84)
    at /app/node_modules/next/dist/server/load-components.js:103:84
    at async loadComponentsImpl (/app/node_modules/next/dist/server/load-components.js:103:26)
    at async DevServer.findPageComponentsImpl (/app/node_modules/next/dist/server/next-server.js:714:36)
    at async DevServer.findPageComponents (/app/node_modules/next/dist/server/dev/next-dev-server.js:577:20)
    at async DevServer.renderPageComponent (/app/node_modules/next/dist/server/base-server.js:1910:24)
    at async DevServer.renderToResponseImpl (/app/node_modules/next/dist/server/base-server.js:1962:32)
    at async DevServer.pipeImpl (/app/node_modules/next/dist/server/base-server.js:922:25)
    at async NextNodeServer.handleCatchallRenderRequest (/app/node_modules/next/dist/server/next-server.js:272:17)
    at async DevServer.handleRequestImpl (/app/node_modules/next/dist/server/base-server.js:818:17)
    at async /app/node_modules/next/dist/server/dev/next-dev-server.js:339:20
    at async Span.traceAsyncFn (/app/node_modules/next/dist/trace/trace.js:154:20)
    at async DevServer.handleRequest (/app/node_modules/next/dist/server/dev/next-dev-server.js:336:24)
    at async invokeRender (/app/node_modules/next/dist/server/lib/router-server.js:179:21)
    at async handleRequest (/app/node_modules/next/dist/server/lib/router-server.js:359:24)
    at async requestHandlerImpl (/app/node_modules/next/dist/server/lib/router-server.js:383:13)
    at async Server.requestListener (/app/node_modules/next/dist/server/lib/start-server.js:141:13) {
  clientVersion: '7.6.0',
  errorCode: undefined,
  retryable: undefined,
  page: '/api/auth/session'
}
 ⨯ PrismaClientInitializationError: `PrismaClient` needs to be constructed with a non-empty, valid `PrismaClientOptions`:

```
new PrismaClient({
  ...
})
```

or

```
constructor() {
  super({ ... });
}
```

    at new t (/app/node_modules/@prisma/client/runtime/client.js:70:1527)
    at prismaClientSingleton (webpack-internal:///(rsc)/./src/lib/prisma.ts:9:12)
    at eval (webpack-internal:///(rsc)/./src/lib/prisma.ts:11:43)
    at (rsc)/./src/lib/prisma.ts (/app/.next/server/app/api/auth/[...nextauth]/route.js:212:1)
    at __webpack_require__ (/app/.next/server/webpack-runtime.js:33:43)
    at eval (webpack-internal:///(rsc)/./src/lib/auth/authOptions.ts:10:69)
    at (rsc)/./src/lib/auth/authOptions.ts (/app/.next/server/app/api/auth/[...nextauth]/route.js:202:1)
    at __webpack_require__ (/app/.next/server/webpack-runtime.js:33:43)
    at eval (webpack-internal:///(rsc)/./src/app/api/auth/[...nextauth]/route.ts:8:79)
    at (rsc)/./src/app/api/auth/[...nextauth]/route.ts (/app/.next/server/app/api/auth/[...nextauth]/route.js:192:1)
    at __webpack_require__ (/app/.next/server/webpack-runtime.js:33:43)
    at eval (webpack-internal:///(rsc)/./node_modules/next/dist/build/webpack/loaders/next-app-loader.js?name=app%2Fapi%2Fauth%2F%5B...nextauth%5D%2Froute&page=%2Fapi%2Fauth%2F%5B...nextauth%5D%2Froute&appPaths=&pagePath=private-next-app-dir%2Fapi%2Fauth%2F%5B...nextauth%5D%2Froute.ts&appDir=%2Fapp%2Fsrc%2Fapp&pageExtensions=tsx&pageExtensions=ts&pageExtensions=jsx&pageExtensions=js&rootDir=%2Fapp&isDev=true&tsconfigPath=tsconfig.json&basePath=&assetPrefix=&nextConfigOutput=&preferredRegion=&middlewareConfig=e30%3D!:15:97)
    at (rsc)/./node_modules/next/dist/build/webpack/loaders/next-app-loader.js?name=app%2Fapi%2Fauth%2F%5B...nextauth%5D%2Froute&page=%2Fapi%2Fauth%2F%5B...nextauth%5D%2Froute&appPaths=&pagePath=private-next-app-dir%2Fapi%2Fauth%2F%5B...nextauth%5D%2Froute.ts&appDir=%2Fapp%2Fsrc%2Fapp&pageExtensions=tsx&pageExtensions=ts&pageExtensions=jsx&pageExtensions=js&rootDir=%2Fapp&isDev=true&tsconfigPath=tsconfig.json&basePath=&assetPrefix=&nextConfigOutput=&preferredRegion=&middlewareConfig=e30%3D! (/app/.next/server/app/api/auth/[...nextauth]/route.js:182:1)
    at __webpack_require__ (/app/.next/server/webpack-runtime.js:33:43)
    at __webpack_exec__ (/app/.next/server/app/api/auth/[...nextauth]/route.js:222:39)
    at /app/.next/server/app/api/auth/[...nextauth]/route.js:223:438
    at __webpack_require__.X (/app/.next/server/webpack-runtime.js:163:21)
    at /app/.next/server/app/api/auth/[...nextauth]/route.js:223:47
    at Object.<anonymous> (/app/.next/server/app/api/auth/[...nextauth]/route.js:226:3)
    at Module._compile (node:internal/modules/cjs/loader:1705:14)
    at Object..js (node:internal/modules/cjs/loader:1838:10)
    at Module.load (node:internal/modules/cjs/loader:1441:32)
    at Function._load (node:internal/modules/cjs/loader:1263:12)
    at TracingChannel.traceSync (node:diagnostics_channel:328:14)
    at wrapModuleLoad (node:internal/modules/cjs/loader:237:24)
    at Module.<anonymous> (node:internal/modules/cjs/loader:1463:12)
    at mod.require (/app/node_modules/next/dist/server/require-hook.js:65:28)
    at require (node:internal/modules/helpers:147:16)
    at requirePage (/app/node_modules/next/dist/server/require.js:109:84)
    at /app/node_modules/next/dist/server/load-components.js:103:84
    at async loadComponentsImpl (/app/node_modules/next/dist/server/load-components.js:103:26)
    at async DevServer.findPageComponentsImpl (/app/node_modules/next/dist/server/next-server.js:714:36)
    at async DevServer.findPageComponents (/app/node_modules/next/dist/server/dev/next-dev-server.js:577:20)
    at async DevServer.renderPageComponent (/app/node_modules/next/dist/server/base-server.js:1910:24)
    at async DevServer.renderToResponseImpl (/app/node_modules/next/dist/server/base-server.js:1962:32)
    at async DevServer.pipeImpl (/app/node_modules/next/dist/server/base-server.js:922:25)
    at async NextNodeServer.handleCatchallRenderRequest (/app/node_modules/next/dist/server/next-server.js:272:17)
    at async DevServer.handleRequestImpl (/app/node_modules/next/dist/server/base-server.js:818:17)
    at async /app/node_modules/next/dist/server/dev/next-dev-server.js:339:20
    at async Span.traceAsyncFn (/app/node_modules/next/dist/trace/trace.js:154:20)
    at async DevServer.handleRequest (/app/node_modules/next/dist/server/dev/next-dev-server.js:336:24)
    at async invokeRender (/app/node_modules/next/dist/server/lib/router-server.js:179:21)
    at async handleRequest (/app/node_modules/next/dist/server/lib/router-server.js:359:24)
    at async requestHandlerImpl (/app/node_modules/next/dist/server/lib/router-server.js:383:13)
    at async Server.requestListener (/app/node_modules/next/dist/server/lib/start-server.js:141:13) {
  clientVersion: '7.6.0',
  errorCode: undefined,
  retryable: undefined,
  page: '/api/auth/_log'
}
 GET /api/auth/session 500 in 33ms
 POST /api/auth/_log 500 in 31ms
 ⨯ PrismaClientInitializationError: `PrismaClient` needs to be constructed with a non-empty, valid `PrismaClientOptions`:

```
new PrismaClient({
  ...
})
```

or

```
constructor() {
  super({ ... });
}
```

    at new t (/app/node_modules/@prisma/client/runtime/client.js:70:1527)
    at prismaClientSingleton (webpack-internal:///(rsc)/./src/lib/prisma.ts:9:12)
    at eval (webpack-internal:///(rsc)/./src/lib/prisma.ts:11:43)
    at (rsc)/./src/lib/prisma.ts (/app/.next/server/app/api/auth/[...nextauth]/route.js:212:1)
    at __webpack_require__ (/app/.next/server/webpack-runtime.js:33:43)
    at eval (webpack-internal:///(rsc)/./src/lib/auth/authOptions.ts:10:69)
    at (rsc)/./src/lib/auth/authOptions.ts (/app/.next/server/app/api/auth/[...nextauth]/route.js:202:1)
    at __webpack_require__ (/app/.next/server/webpack-runtime.js:33:43)
    at eval (webpack-internal:///(rsc)/./src/app/api/auth/[...nextauth]/route.ts:8:79)
    at (rsc)/./src/app/api/auth/[...nextauth]/route.ts (/app/.next/server/app/api/auth/[...nextauth]/route.js:192:1)
    at __webpack_require__ (/app/.next/server/webpack-runtime.js:33:43)
    at eval (webpack-internal:///(rsc)/./node_modules/next/dist/build/webpack/loaders/next-app-loader.js?name=app%2Fapi%2Fauth%2F%5B...nextauth%5D%2Froute&page=%2Fapi%2Fauth%2F%5B...nextauth%5D%2Froute&appPaths=&pagePath=private-next-app-dir%2Fapi%2Fauth%2F%5B...nextauth%5D%2Froute.ts&appDir=%2Fapp%2Fsrc%2Fapp&pageExtensions=tsx&pageExtensions=ts&pageExtensions=jsx&pageExtensions=js&rootDir=%2Fapp&isDev=true&tsconfigPath=tsconfig.json&basePath=&assetPrefix=&nextConfigOutput=&preferredRegion=&middlewareConfig=e30%3D!:15:97)
    at (rsc)/./node_modules/next/dist/build/webpack/loaders/next-app-loader.js?name=app%2Fapi%2Fauth%2F%5B...nextauth%5D%2Froute&page=%2Fapi%2Fauth%2F%5B...nextauth%5D%2Froute&appPaths=&pagePath=private-next-app-dir%2Fapi%2Fauth%2F%5B...nextauth%5D%2Froute.ts&appDir=%2Fapp%2Fsrc%2Fapp&pageExtensions=tsx&pageExtensions=ts&pageExtensions=jsx&pageExtensions=js&rootDir=%2Fapp&isDev=true&tsconfigPath=tsconfig.json&basePath=&assetPrefix=&nextConfigOutput=&preferredRegion=&middlewareConfig=e30%3D! (/app/.next/server/app/api/auth/[...nextauth]/route.js:182:1)
    at __webpack_require__ (/app/.next/server/webpack-runtime.js:33:43)
    at __webpack_exec__ (/app/.next/server/app/api/auth/[...nextauth]/route.js:222:39)
    at /app/.next/server/app/api/auth/[...nextauth]/route.js:223:438
    at __webpack_require__.X (/app/.next/server/webpack-runtime.js:163:21)
    at /app/.next/server/app/api/auth/[...nextauth]/route.js:223:47
    at Object.<anonymous> (/app/.next/server/app/api/auth/[...nextauth]/route.js:226:3)
    at Module._compile (node:internal/modules/cjs/loader:1705:14)
    at Object..js (node:internal/modules/cjs/loader:1838:10)
    at Module.load (node:internal/modules/cjs/loader:1441:32)
    at Function._load (node:internal/modules/cjs/loader:1263:12)
    at TracingChannel.traceSync (node:diagnostics_channel:328:14)
    at wrapModuleLoad (node:internal/modules/cjs/loader:237:24)
    at Module.<anonymous> (node:internal/modules/cjs/loader:1463:12)
    at mod.require (/app/node_modules/next/dist/server/require-hook.js:65:28)
    at require (node:internal/modules/helpers:147:16)
    at requirePage (/app/node_modules/next/dist/server/require.js:109:84)
    at /app/node_modules/next/dist/server/load-components.js:103:84
    at async loadComponentsImpl (/app/node_modules/next/dist/server/load-components.js:103:26)
    at async DevServer.findPageComponentsImpl (/app/node_modules/next/dist/server/next-server.js:714:36)
    at async DevServer.findPageComponents (/app/node_modules/next/dist/server/dev/next-dev-server.js:577:20)
    at async DevServer.renderPageComponent (/app/node_modules/next/dist/server/base-server.js:1910:24)
    at async DevServer.renderToResponseImpl (/app/node_modules/next/dist/server/base-server.js:1962:32)
    at async DevServer.pipeImpl (/app/node_modules/next/dist/server/base-server.js:922:25)
    at async NextNodeServer.handleCatchallRenderRequest (/app/node_modules/next/dist/server/next-server.js:272:17)
    at async DevServer.handleRequestImpl (/app/node_modules/next/dist/server/base-server.js:818:17)
    at async /app/node_modules/next/dist/server/dev/next-dev-server.js:339:20
    at async Span.traceAsyncFn (/app/node_modules/next/dist/trace/trace.js:154:20)
    at async DevServer.handleRequest (/app/node_modules/next/dist/server/dev/next-dev-server.js:336:24)
    at async invokeRender (/app/node_modules/next/dist/server/lib/router-server.js:179:21)
    at async handleRequest (/app/node_modules/next/dist/server/lib/router-server.js:359:24)
    at async requestHandlerImpl (/app/node_modules/next/dist/server/lib/router-server.js:383:13)
    at async Server.requestListener (/app/node_modules/next/dist/server/lib/start-server.js:141:13) {
  clientVersion: '7.6.0',
  errorCode: undefined,
  retryable: undefined,
  page: '/api/auth/_log'
}
 POST /api/auth/_log 500 in 20ms
 ○ Compiling /add-funds ...
 ✓ Compiled /add-funds in 528ms (1998 modules)
 GET /add-funds 200 in 623ms
 ⨯ PrismaClientInitializationError: `PrismaClient` needs to be constructed with a non-empty, valid `PrismaClientOptions`:

```
new PrismaClient({
  ...
})
```

or

```
constructor() {
  super({ ... });
}
```

    at new t (/app/node_modules/@prisma/client/runtime/client.js:70:1527)
    at prismaClientSingleton (webpack-internal:///(rsc)/./src/lib/prisma.ts:9:12)
    at eval (webpack-internal:///(rsc)/./src/lib/prisma.ts:11:43)
    at (rsc)/./src/lib/prisma.ts (/app/.next/server/app/api/auth/[...nextauth]/route.js:212:1)
    at __webpack_require__ (/app/.next/server/webpack-runtime.js:33:43)
    at eval (webpack-internal:///(rsc)/./src/lib/auth/authOptions.ts:10:69)
    at (rsc)/./src/lib/auth/authOptions.ts (/app/.next/server/app/api/auth/[...nextauth]/route.js:202:1)
    at __webpack_require__ (/app/.next/server/webpack-runtime.js:33:43)
    at eval (webpack-internal:///(rsc)/./src/app/api/auth/[...nextauth]/route.ts:8:79)
    at (rsc)/./src/app/api/auth/[...nextauth]/route.ts (/app/.next/server/app/api/auth/[...nextauth]/route.js:192:1)
    at __webpack_require__ (/app/.next/server/webpack-runtime.js:33:43)
    at eval (webpack-internal:///(rsc)/./node_modules/next/dist/build/webpack/loaders/next-app-loader.js?name=app%2Fapi%2Fauth%2F%5B...nextauth%5D%2Froute&page=%2Fapi%2Fauth%2F%5B...nextauth%5D%2Froute&appPaths=&pagePath=private-next-app-dir%2Fapi%2Fauth%2F%5B...nextauth%5D%2Froute.ts&appDir=%2Fapp%2Fsrc%2Fapp&pageExtensions=tsx&pageExtensions=ts&pageExtensions=jsx&pageExtensions=js&rootDir=%2Fapp&isDev=true&tsconfigPath=tsconfig.json&basePath=&assetPrefix=&nextConfigOutput=&preferredRegion=&middlewareConfig=e30%3D!:15:97)
    at (rsc)/./node_modules/next/dist/build/webpack/loaders/next-app-loader.js?name=app%2Fapi%2Fauth%2F%5B...nextauth%5D%2Froute&page=%2Fapi%2Fauth%2F%5B...nextauth%5D%2Froute&appPaths=&pagePath=private-next-app-dir%2Fapi%2Fauth%2F%5B...nextauth%5D%2Froute.ts&appDir=%2Fapp%2Fsrc%2Fapp&pageExtensions=tsx&pageExtensions=ts&pageExtensions=jsx&pageExtensions=js&rootDir=%2Fapp&isDev=true&tsconfigPath=tsconfig.json&basePath=&assetPrefix=&nextConfigOutput=&preferredRegion=&middlewareConfig=e30%3D! (/app/.next/server/app/api/auth/[...nextauth]/route.js:182:1)
    at __webpack_require__ (/app/.next/server/webpack-runtime.js:33:43)
    at __webpack_exec__ (/app/.next/server/app/api/auth/[...nextauth]/route.js:222:39)
    at /app/.next/server/app/api/auth/[...nextauth]/route.js:223:438
    at __webpack_require__.X (/app/.next/server/webpack-runtime.js:163:21)
    at /app/.next/server/app/api/auth/[...nextauth]/route.js:223:47
    at Object.<anonymous> (/app/.next/server/app/api/auth/[...nextauth]/route.js:226:3)
    at Module._compile (node:internal/modules/cjs/loader:1705:14)
    at Object..js (node:internal/modules/cjs/loader:1838:10)
    at Module.load (node:internal/modules/cjs/loader:1441:32)
    at Function._load (node:internal/modules/cjs/loader:1263:12)
    at TracingChannel.traceSync (node:diagnostics_channel:328:14)
    at wrapModuleLoad (node:internal/modules/cjs/loader:237:24)
    at Module.<anonymous> (node:internal/modules/cjs/loader:1463:12)
    at mod.require (/app/node_modules/next/dist/server/require-hook.js:65:28)
    at require (node:internal/modules/helpers:147:16)
    at requirePage (/app/node_modules/next/dist/server/require.js:109:84)
    at /app/node_modules/next/dist/server/load-components.js:103:84
    at async loadComponentsImpl (/app/node_modules/next/dist/server/load-components.js:103:26)
    at async DevServer.findPageComponentsImpl (/app/node_modules/next/dist/server/next-server.js:714:36)
    at async DevServer.findPageComponents (/app/node_modules/next/dist/server/dev/next-dev-server.js:577:20)
    at async DevServer.renderPageComponent (/app/node_modules/next/dist/server/base-server.js:1910:24)
    at async DevServer.renderToResponseImpl (/app/node_modules/next/dist/server/base-server.js:1962:32)
    at async DevServer.pipeImpl (/app/node_modules/next/dist/server/base-server.js:922:25)
    at async NextNodeServer.handleCatchallRenderRequest (/app/node_modules/next/dist/server/next-server.js:272:17)
    at async DevServer.handleRequestImpl (/app/node_modules/next/dist/server/base-server.js:818:17)
    at async /app/node_modules/next/dist/server/dev/next-dev-server.js:339:20
    at async Span.traceAsyncFn (/app/node_modules/next/dist/trace/trace.js:154:20)
    at async DevServer.handleRequest (/app/node_modules/next/dist/server/dev/next-dev-server.js:336:24)
    at async invokeRender (/app/node_modules/next/dist/server/lib/router-server.js:179:21)
    at async handleRequest (/app/node_modules/next/dist/server/lib/router-server.js:359:24)
    at async requestHandlerImpl (/app/node_modules/next/dist/server/lib/router-server.js:383:13)
    at async Server.requestListener (/app/node_modules/next/dist/server/lib/start-server.js:141:13) {
  clientVersion: '7.6.0',
  errorCode: undefined,
  retryable: undefined,
  page: '/api/auth/session'
}
 GET /api/auth/session 500 in 46ms
 ⨯ PrismaClientInitializationError: `PrismaClient` needs to be constructed with a non-empty, valid `PrismaClientOptions`:

```
new PrismaClient({
  ...
})
```

or

```
constructor() {
  super({ ... });
}
```

    at new t (/app/node_modules/@prisma/client/runtime/client.js:70:1527)
    at prismaClientSingleton (webpack-internal:///(rsc)/./src/lib/prisma.ts:9:12)
    at eval (webpack-internal:///(rsc)/./src/lib/prisma.ts:11:43)
    at (rsc)/./src/lib/prisma.ts (/app/.next/server/app/api/auth/[...nextauth]/route.js:212:1)
    at __webpack_require__ (/app/.next/server/webpack-runtime.js:33:43)
    at eval (webpack-internal:///(rsc)/./src/lib/auth/authOptions.ts:10:69)
    at (rsc)/./src/lib/auth/authOptions.ts (/app/.next/server/app/api/auth/[...nextauth]/route.js:202:1)
    at __webpack_require__ (/app/.next/server/webpack-runtime.js:33:43)
    at eval (webpack-internal:///(rsc)/./src/app/api/auth/[...nextauth]/route.ts:8:79)
    at (rsc)/./src/app/api/auth/[...nextauth]/route.ts (/app/.next/server/app/api/auth/[...nextauth]/route.js:192:1)
    at __webpack_require__ (/app/.next/server/webpack-runtime.js:33:43)
    at eval (webpack-internal:///(rsc)/./node_modules/next/dist/build/webpack/loaders/next-app-loader.js?name=app%2Fapi%2Fauth%2F%5B...nextauth%5D%2Froute&page=%2Fapi%2Fauth%2F%5B...nextauth%5D%2Froute&appPaths=&pagePath=private-next-app-dir%2Fapi%2Fauth%2F%5B...nextauth%5D%2Froute.ts&appDir=%2Fapp%2Fsrc%2Fapp&pageExtensions=tsx&pageExtensions=ts&pageExtensions=jsx&pageExtensions=js&rootDir=%2Fapp&isDev=true&tsconfigPath=tsconfig.json&basePath=&assetPrefix=&nextConfigOutput=&preferredRegion=&middlewareConfig=e30%3D!:15:97)
    at (rsc)/./node_modules/next/dist/build/webpack/loaders/next-app-loader.js?name=app%2Fapi%2Fauth%2F%5B...nextauth%5D%2Froute&page=%2Fapi%2Fauth%2F%5B...nextauth%5D%2Froute&appPaths=&pagePath=private-next-app-dir%2Fapi%2Fauth%2F%5B...nextauth%5D%2Froute.ts&appDir=%2Fapp%2Fsrc%2Fapp&pageExtensions=tsx&pageExtensions=ts&pageExtensions=jsx&pageExtensions=js&rootDir=%2Fapp&isDev=true&tsconfigPath=tsconfig.json&basePath=&assetPrefix=&nextConfigOutput=&preferredRegion=&middlewareConfig=e30%3D! (/app/.next/server/app/api/auth/[...nextauth]/route.js:182:1)
    at __webpack_require__ (/app/.next/server/webpack-runtime.js:33:43)
    at __webpack_exec__ (/app/.next/server/app/api/auth/[...nextauth]/route.js:222:39)
    at /app/.next/server/app/api/auth/[...nextauth]/route.js:223:438
    at __webpack_require__.X (/app/.next/server/webpack-runtime.js:163:21)
    at /app/.next/server/app/api/auth/[...nextauth]/route.js:223:47
    at Object.<anonymous> (/app/.next/server/app/api/auth/[...nextauth]/route.js:226:3)
    at Module._compile (node:internal/modules/cjs/loader:1705:14)
    at Object..js (node:internal/modules/cjs/loader:1838:10)
    at Module.load (node:internal/modules/cjs/loader:1441:32)
    at Function._load (node:internal/modules/cjs/loader:1263:12)
    at TracingChannel.traceSync (node:diagnostics_channel:328:14)
    at wrapModuleLoad (node:internal/modules/cjs/loader:237:24)
    at Module.<anonymous> (node:internal/modules/cjs/loader:1463:12)
    at mod.require (/app/node_modules/next/dist/server/require-hook.js:65:28)
    at require (node:internal/modules/helpers:147:16)
    at requirePage (/app/node_modules/next/dist/server/require.js:109:84)
    at /app/node_modules/next/dist/server/load-components.js:103:84
    at async loadComponentsImpl (/app/node_modules/next/dist/server/load-components.js:103:26)
    at async DevServer.findPageComponentsImpl (/app/node_modules/next/dist/server/next-server.js:714:36)
    at async DevServer.findPageComponents (/app/node_modules/next/dist/server/dev/next-dev-server.js:577:20)
    at async DevServer.renderPageComponent (/app/node_modules/next/dist/server/base-server.js:1910:24)
    at async DevServer.renderToResponseImpl (/app/node_modules/next/dist/server/base-server.js:1962:32)
    at async DevServer.pipeImpl (/app/node_modules/next/dist/server/base-server.js:922:25)
    at async NextNodeServer.handleCatchallRenderRequest (/app/node_modules/next/dist/server/next-server.js:272:17)
    at async DevServer.handleRequestImpl (/app/node_modules/next/dist/server/base-server.js:818:17)
    at async /app/node_modules/next/dist/server/dev/next-dev-server.js:339:20
    at async Span.traceAsyncFn (/app/node_modules/next/dist/trace/trace.js:154:20)
    at async DevServer.handleRequest (/app/node_modules/next/dist/server/dev/next-dev-server.js:336:24)
    at async invokeRender (/app/node_modules/next/dist/server/lib/router-server.js:179:21)
    at async handleRequest (/app/node_modules/next/dist/server/lib/router-server.js:359:24)
    at async requestHandlerImpl (/app/node_modules/next/dist/server/lib/router-server.js:383:13)
    at async Server.requestListener (/app/node_modules/next/dist/server/lib/start-server.js:141:13) {
  clientVersion: '7.6.0',
  errorCode: undefined,
  retryable: undefined,
  page: '/api/auth/session'
}
 GET /api/auth/session 500 in 27ms
 ⨯ PrismaClientInitializationError: `PrismaClient` needs to be constructed with a non-empty, valid `PrismaClientOptions`:

```
new PrismaClient({
  ...
})
```

or

```
constructor() {
  super({ ... });
}
```

    at new t (/app/node_modules/@prisma/client/runtime/client.js:70:1527)
    at prismaClientSingleton (webpack-internal:///(rsc)/./src/lib/prisma.ts:9:12)
    at eval (webpack-internal:///(rsc)/./src/lib/prisma.ts:11:43)
    at (rsc)/./src/lib/prisma.ts (/app/.next/server/app/api/auth/[...nextauth]/route.js:212:1)
    at __webpack_require__ (/app/.next/server/webpack-runtime.js:33:43)
    at eval (webpack-internal:///(rsc)/./src/lib/auth/authOptions.ts:10:69)
    at (rsc)/./src/lib/auth/authOptions.ts (/app/.next/server/app/api/auth/[...nextauth]/route.js:202:1)
    at __webpack_require__ (/app/.next/server/webpack-runtime.js:33:43)
    at eval (webpack-internal:///(rsc)/./src/app/api/auth/[...nextauth]/route.ts:8:79)
    at (rsc)/./src/app/api/auth/[...nextauth]/route.ts (/app/.next/server/app/api/auth/[...nextauth]/route.js:192:1)
    at __webpack_require__ (/app/.next/server/webpack-runtime.js:33:43)
    at eval (webpack-internal:///(rsc)/./node_modules/next/dist/build/webpack/loaders/next-app-loader.js?name=app%2Fapi%2Fauth%2F%5B...nextauth%5D%2Froute&page=%2Fapi%2Fauth%2F%5B...nextauth%5D%2Froute&appPaths=&pagePath=private-next-app-dir%2Fapi%2Fauth%2F%5B...nextauth%5D%2Froute.ts&appDir=%2Fapp%2Fsrc%2Fapp&pageExtensions=tsx&pageExtensions=ts&pageExtensions=jsx&pageExtensions=js&rootDir=%2Fapp&isDev=true&tsconfigPath=tsconfig.json&basePath=&assetPrefix=&nextConfigOutput=&preferredRegion=&middlewareConfig=e30%3D!:15:97)
    at (rsc)/./node_modules/next/dist/build/webpack/loaders/next-app-loader.js?name=app%2Fapi%2Fauth%2F%5B...nextauth%5D%2Froute&page=%2Fapi%2Fauth%2F%5B...nextauth%5D%2Froute&appPaths=&pagePath=private-next-app-dir%2Fapi%2Fauth%2F%5B...nextauth%5D%2Froute.ts&appDir=%2Fapp%2Fsrc%2Fapp&pageExtensions=tsx&pageExtensions=ts&pageExtensions=jsx&pageExtensions=js&rootDir=%2Fapp&isDev=true&tsconfigPath=tsconfig.json&basePath=&assetPrefix=&nextConfigOutput=&preferredRegion=&middlewareConfig=e30%3D! (/app/.next/server/app/api/auth/[...nextauth]/route.js:182:1)
    at __webpack_require__ (/app/.next/server/webpack-runtime.js:33:43)
    at __webpack_exec__ (/app/.next/server/app/api/auth/[...nextauth]/route.js:222:39)
    at /app/.next/server/app/api/auth/[...nextauth]/route.js:223:438
    at __webpack_require__.X (/app/.next/server/webpack-runtime.js:163:21)
    at /app/.next/server/app/api/auth/[...nextauth]/route.js:223:47
    at Object.<anonymous> (/app/.next/server/app/api/auth/[...nextauth]/route.js:226:3)
    at Module._compile (node:internal/modules/cjs/loader:1705:14)
    at Object..js (node:internal/modules/cjs/loader:1838:10)
    at Module.load (node:internal/modules/cjs/loader:1441:32)
    at Function._load (node:internal/modules/cjs/loader:1263:12)
    at TracingChannel.traceSync (node:diagnostics_channel:328:14)
    at wrapModuleLoad (node:internal/modules/cjs/loader:237:24)
    at Module.<anonymous> (node:internal/modules/cjs/loader:1463:12)
    at mod.require (/app/node_modules/next/dist/server/require-hook.js:65:28)
    at require (node:internal/modules/helpers:147:16)
    at requirePage (/app/node_modules/next/dist/server/require.js:109:84)
    at /app/node_modules/next/dist/server/load-components.js:103:84
    at async loadComponentsImpl (/app/node_modules/next/dist/server/load-components.js:103:26)
    at async DevServer.findPageComponentsImpl (/app/node_modules/next/dist/server/next-server.js:714:36)
    at async DevServer.findPageComponents (/app/node_modules/next/dist/server/dev/next-dev-server.js:577:20)
    at async DevServer.renderPageComponent (/app/node_modules/next/dist/server/base-server.js:1910:24)
    at async DevServer.renderToResponseImpl (/app/node_modules/next/dist/server/base-server.js:1962:32)
    at async DevServer.pipeImpl (/app/node_modules/next/dist/server/base-server.js:922:25)
    at async NextNodeServer.handleCatchallRenderRequest (/app/node_modules/next/dist/server/next-server.js:272:17)
    at async DevServer.handleRequestImpl (/app/node_modules/next/dist/server/base-server.js:818:17)
    at async /app/node_modules/next/dist/server/dev/next-dev-server.js:339:20
    at async Span.traceAsyncFn (/app/node_modules/next/dist/trace/trace.js:154:20)
    at async DevServer.handleRequest (/app/node_modules/next/dist/server/dev/next-dev-server.js:336:24)
    at async invokeRender (/app/node_modules/next/dist/server/lib/router-server.js:179:21)
    at async handleRequest (/app/node_modules/next/dist/server/lib/router-server.js:359:24)
    at async requestHandlerImpl (/app/node_modules/next/dist/server/lib/router-server.js:383:13)
    at async Server.requestListener (/app/node_modules/next/dist/server/lib/start-server.js:141:13) {
  clientVersion: '7.6.0',
  errorCode: undefined,
  retryable: undefined,
  page: '/api/auth/_log'
}
 POST /api/auth/_log 500 in 41ms
 ⨯ PrismaClientInitializationError: `PrismaClient` needs to be constructed with a non-empty, valid `PrismaClientOptions`:

```
new PrismaClient({
  ...
})
```

or

```
constructor() {
  super({ ... });
}
```

    at new t (/app/node_modules/@prisma/client/runtime/client.js:70:1527)
    at prismaClientSingleton (webpack-internal:///(rsc)/./src/lib/prisma.ts:9:12)
    at eval (webpack-internal:///(rsc)/./src/lib/prisma.ts:11:43)
    at (rsc)/./src/lib/prisma.ts (/app/.next/server/app/api/auth/[...nextauth]/route.js:212:1)
    at __webpack_require__ (/app/.next/server/webpack-runtime.js:33:43)
    at eval (webpack-internal:///(rsc)/./src/lib/auth/authOptions.ts:10:69)
    at (rsc)/./src/lib/auth/authOptions.ts (/app/.next/server/app/api/auth/[...nextauth]/route.js:202:1)
    at __webpack_require__ (/app/.next/server/webpack-runtime.js:33:43)
    at eval (webpack-internal:///(rsc)/./src/app/api/auth/[...nextauth]/route.ts:8:79)
    at (rsc)/./src/app/api/auth/[...nextauth]/route.ts (/app/.next/server/app/api/auth/[...nextauth]/route.js:192:1)
    at __webpack_require__ (/app/.next/server/webpack-runtime.js:33:43)
    at eval (webpack-internal:///(rsc)/./node_modules/next/dist/build/webpack/loaders/next-app-loader.js?name=app%2Fapi%2Fauth%2F%5B...nextauth%5D%2Froute&page=%2Fapi%2Fauth%2F%5B...nextauth%5D%2Froute&appPaths=&pagePath=private-next-app-dir%2Fapi%2Fauth%2F%5B...nextauth%5D%2Froute.ts&appDir=%2Fapp%2Fsrc%2Fapp&pageExtensions=tsx&pageExtensions=ts&pageExtensions=jsx&pageExtensions=js&rootDir=%2Fapp&isDev=true&tsconfigPath=tsconfig.json&basePath=&assetPrefix=&nextConfigOutput=&preferredRegion=&middlewareConfig=e30%3D!:15:97)
    at (rsc)/./node_modules/next/dist/build/webpack/loaders/next-app-loader.js?name=app%2Fapi%2Fauth%2F%5B...nextauth%5D%2Froute&page=%2Fapi%2Fauth%2F%5B...nextauth%5D%2Froute&appPaths=&pagePath=private-next-app-dir%2Fapi%2Fauth%2F%5B...nextauth%5D%2Froute.ts&appDir=%2Fapp%2Fsrc%2Fapp&pageExtensions=tsx&pageExtensions=ts&pageExtensions=jsx&pageExtensions=js&rootDir=%2Fapp&isDev=true&tsconfigPath=tsconfig.json&basePath=&assetPrefix=&nextConfigOutput=&preferredRegion=&middlewareConfig=e30%3D! (/app/.next/server/app/api/auth/[...nextauth]/route.js:182:1)
    at __webpack_require__ (/app/.next/server/webpack-runtime.js:33:43)
    at __webpack_exec__ (/app/.next/server/app/api/auth/[...nextauth]/route.js:222:39)
    at /app/.next/server/app/api/auth/[...nextauth]/route.js:223:438
    at __webpack_require__.X (/app/.next/server/webpack-runtime.js:163:21)
    at /app/.next/server/app/api/auth/[...nextauth]/route.js:223:47
    at Object.<anonymous> (/app/.next/server/app/api/auth/[...nextauth]/route.js:226:3)
    at Module._compile (node:internal/modules/cjs/loader:1705:14)
    at Object..js (node:internal/modules/cjs/loader:1838:10)
    at Module.load (node:internal/modules/cjs/loader:1441:32)
    at Function._load (node:internal/modules/cjs/loader:1263:12)
    at TracingChannel.traceSync (node:diagnostics_channel:328:14)
    at wrapModuleLoad (node:internal/modules/cjs/loader:237:24)
    at Module.<anonymous> (node:internal/modules/cjs/loader:1463:12)
    at mod.require (/app/node_modules/next/dist/server/require-hook.js:65:28)
    at require (node:internal/modules/helpers:147:16)
    at requirePage (/app/node_modules/next/dist/server/require.js:109:84)
    at /app/node_modules/next/dist/server/load-components.js:103:84
    at async loadComponentsImpl (/app/node_modules/next/dist/server/load-components.js:103:26)
    at async DevServer.findPageComponentsImpl (/app/node_modules/next/dist/server/next-server.js:714:36)
    at async DevServer.findPageComponents (/app/node_modules/next/dist/server/dev/next-dev-server.js:577:20)
    at async DevServer.renderPageComponent (/app/node_modules/next/dist/server/base-server.js:1910:24)
    at async DevServer.renderToResponseImpl (/app/node_modules/next/dist/server/base-server.js:1962:32)
    at async DevServer.pipeImpl (/app/node_modules/next/dist/server/base-server.js:922:25)
    at async NextNodeServer.handleCatchallRenderRequest (/app/node_modules/next/dist/server/next-server.js:272:17)
    at async DevServer.handleRequestImpl (/app/node_modules/next/dist/server/base-server.js:818:17)
    at async /app/node_modules/next/dist/server/dev/next-dev-server.js:339:20
    at async Span.traceAsyncFn (/app/node_modules/next/dist/trace/trace.js:154:20)
    at async DevServer.handleRequest (/app/node_modules/next/dist/server/dev/next-dev-server.js:336:24)
    at async invokeRender (/app/node_modules/next/dist/server/lib/router-server.js:179:21)
    at async handleRequest (/app/node_modules/next/dist/server/lib/router-server.js:359:24)
    at async requestHandlerImpl (/app/node_modules/next/dist/server/lib/router-server.js:383:13)
    at async Server.requestListener (/app/node_modules/next/dist/server/lib/start-server.js:141:13) {
  clientVersion: '7.6.0',
  errorCode: undefined,
  retryable: undefined,
  page: '/api/auth/_log'
}
 POST /api/auth/_log 500 in 30ms
 ○ Compiling /settings ...
 ✓ Compiled /settings in 543ms (2019 modules)
 GET /settings 200 in 633ms
 ⨯ PrismaClientInitializationError: `PrismaClient` needs to be constructed with a non-empty, valid `PrismaClientOptions`:

```
new PrismaClient({
  ...
})
```

or

```
constructor() {
  super({ ... });
}
```

    at new t (/app/node_modules/@prisma/client/runtime/client.js:70:1527)
    at prismaClientSingleton (webpack-internal:///(rsc)/./src/lib/prisma.ts:9:12)
    at eval (webpack-internal:///(rsc)/./src/lib/prisma.ts:11:43)
    at (rsc)/./src/lib/prisma.ts (/app/.next/server/app/api/auth/[...nextauth]/route.js:212:1)
    at __webpack_require__ (/app/.next/server/webpack-runtime.js:33:43)
    at eval (webpack-internal:///(rsc)/./src/lib/auth/authOptions.ts:10:69)
    at (rsc)/./src/lib/auth/authOptions.ts (/app/.next/server/app/api/auth/[...nextauth]/route.js:202:1)
    at __webpack_require__ (/app/.next/server/webpack-runtime.js:33:43)
    at eval (webpack-internal:///(rsc)/./src/app/api/auth/[...nextauth]/route.ts:8:79)
    at (rsc)/./src/app/api/auth/[...nextauth]/route.ts (/app/.next/server/app/api/auth/[...nextauth]/route.js:192:1)
    at __webpack_require__ (/app/.next/server/webpack-runtime.js:33:43)
    at eval (webpack-internal:///(rsc)/./node_modules/next/dist/build/webpack/loaders/next-app-loader.js?name=app%2Fapi%2Fauth%2F%5B...nextauth%5D%2Froute&page=%2Fapi%2Fauth%2F%5B...nextauth%5D%2Froute&appPaths=&pagePath=private-next-app-dir%2Fapi%2Fauth%2F%5B...nextauth%5D%2Froute.ts&appDir=%2Fapp%2Fsrc%2Fapp&pageExtensions=tsx&pageExtensions=ts&pageExtensions=jsx&pageExtensions=js&rootDir=%2Fapp&isDev=true&tsconfigPath=tsconfig.json&basePath=&assetPrefix=&nextConfigOutput=&preferredRegion=&middlewareConfig=e30%3D!:15:97)
    at (rsc)/./node_modules/next/dist/build/webpack/loaders/next-app-loader.js?name=app%2Fapi%2Fauth%2F%5B...nextauth%5D%2Froute&page=%2Fapi%2Fauth%2F%5B...nextauth%5D%2Froute&appPaths=&pagePath=private-next-app-dir%2Fapi%2Fauth%2F%5B...nextauth%5D%2Froute.ts&appDir=%2Fapp%2Fsrc%2Fapp&pageExtensions=tsx&pageExtensions=ts&pageExtensions=jsx&pageExtensions=js&rootDir=%2Fapp&isDev=true&tsconfigPath=tsconfig.json&basePath=&assetPrefix=&nextConfigOutput=&preferredRegion=&middlewareConfig=e30%3D! (/app/.next/server/app/api/auth/[...nextauth]/route.js:182:1)
    at __webpack_require__ (/app/.next/server/webpack-runtime.js:33:43)
    at __webpack_exec__ (/app/.next/server/app/api/auth/[...nextauth]/route.js:222:39)
    at /app/.next/server/app/api/auth/[...nextauth]/route.js:223:438
    at __webpack_require__.X (/app/.next/server/webpack-runtime.js:163:21)
    at /app/.next/server/app/api/auth/[...nextauth]/route.js:223:47
    at Object.<anonymous> (/app/.next/server/app/api/auth/[...nextauth]/route.js:226:3)
    at Module._compile (node:internal/modules/cjs/loader:1705:14)
    at Object..js (node:internal/modules/cjs/loader:1838:10)
    at Module.load (node:internal/modules/cjs/loader:1441:32)
    at Function._load (node:internal/modules/cjs/loader:1263:12)
    at TracingChannel.traceSync (node:diagnostics_channel:328:14)
    at wrapModuleLoad (node:internal/modules/cjs/loader:237:24)
    at Module.<anonymous> (node:internal/modules/cjs/loader:1463:12)
    at mod.require (/app/node_modules/next/dist/server/require-hook.js:65:28)
    at require (node:internal/modules/helpers:147:16)
    at requirePage (/app/node_modules/next/dist/server/require.js:109:84)
    at /app/node_modules/next/dist/server/load-components.js:103:84
    at async loadComponentsImpl (/app/node_modules/next/dist/server/load-components.js:103:26)
    at async DevServer.findPageComponentsImpl (/app/node_modules/next/dist/server/next-server.js:714:36)
    at async DevServer.findPageComponents (/app/node_modules/next/dist/server/dev/next-dev-server.js:577:20)
    at async DevServer.renderPageComponent (/app/node_modules/next/dist/server/base-server.js:1910:24)
    at async DevServer.renderToResponseImpl (/app/node_modules/next/dist/server/base-server.js:1962:32)
    at async DevServer.pipeImpl (/app/node_modules/next/dist/server/base-server.js:922:25)
    at async NextNodeServer.handleCatchallRenderRequest (/app/node_modules/next/dist/server/next-server.js:272:17)
    at async DevServer.handleRequestImpl (/app/node_modules/next/dist/server/base-server.js:818:17)
    at async /app/node_modules/next/dist/server/dev/next-dev-server.js:339:20
    at async Span.traceAsyncFn (/app/node_modules/next/dist/trace/trace.js:154:20)
    at async DevServer.handleRequest (/app/node_modules/next/dist/server/dev/next-dev-server.js:336:24)
    at async invokeRender (/app/node_modules/next/dist/server/lib/router-server.js:179:21)
    at async handleRequest (/app/node_modules/next/dist/server/lib/router-server.js:359:24)
    at async requestHandlerImpl (/app/node_modules/next/dist/server/lib/router-server.js:383:13)
    at async Server.requestListener (/app/node_modules/next/dist/server/lib/start-server.js:141:13) {
  clientVersion: '7.6.0',
  errorCode: undefined,
  retryable: undefined,
  page: '/api/auth/session'
}
 GET /api/auth/session 500 in 33ms
 ⨯ PrismaClientInitializationError: `PrismaClient` needs to be constructed with a non-empty, valid `PrismaClientOptions`:

```
new PrismaClient({
  ...
})
```

or

```
constructor() {
  super({ ... });
}
```

    at new t (/app/node_modules/@prisma/client/runtime/client.js:70:1527)
    at prismaClientSingleton (webpack-internal:///(rsc)/./src/lib/prisma.ts:9:12)
    at eval (webpack-internal:///(rsc)/./src/lib/prisma.ts:11:43)
    at (rsc)/./src/lib/prisma.ts (/app/.next/server/app/api/auth/[...nextauth]/route.js:212:1)
    at __webpack_require__ (/app/.next/server/webpack-runtime.js:33:43)
    at eval (webpack-internal:///(rsc)/./src/lib/auth/authOptions.ts:10:69)
    at (rsc)/./src/lib/auth/authOptions.ts (/app/.next/server/app/api/auth/[...nextauth]/route.js:202:1)
    at __webpack_require__ (/app/.next/server/webpack-runtime.js:33:43)
    at eval (webpack-internal:///(rsc)/./src/app/api/auth/[...nextauth]/route.ts:8:79)
    at (rsc)/./src/app/api/auth/[...nextauth]/route.ts (/app/.next/server/app/api/auth/[...nextauth]/route.js:192:1)
    at __webpack_require__ (/app/.next/server/webpack-runtime.js:33:43)
    at eval (webpack-internal:///(rsc)/./node_modules/next/dist/build/webpack/loaders/next-app-loader.js?name=app%2Fapi%2Fauth%2F%5B...nextauth%5D%2Froute&page=%2Fapi%2Fauth%2F%5B...nextauth%5D%2Froute&appPaths=&pagePath=private-next-app-dir%2Fapi%2Fauth%2F%5B...nextauth%5D%2Froute.ts&appDir=%2Fapp%2Fsrc%2Fapp&pageExtensions=tsx&pageExtensions=ts&pageExtensions=jsx&pageExtensions=js&rootDir=%2Fapp&isDev=true&tsconfigPath=tsconfig.json&basePath=&assetPrefix=&nextConfigOutput=&preferredRegion=&middlewareConfig=e30%3D!:15:97)
    at (rsc)/./node_modules/next/dist/build/webpack/loaders/next-app-loader.js?name=app%2Fapi%2Fauth%2F%5B...nextauth%5D%2Froute&page=%2Fapi%2Fauth%2F%5B...nextauth%5D%2Froute&appPaths=&pagePath=private-next-app-dir%2Fapi%2Fauth%2F%5B...nextauth%5D%2Froute.ts&appDir=%2Fapp%2Fsrc%2Fapp&pageExtensions=tsx&pageExtensions=ts&pageExtensions=jsx&pageExtensions=js&rootDir=%2Fapp&isDev=true&tsconfigPath=tsconfig.json&basePath=&assetPrefix=&nextConfigOutput=&preferredRegion=&middlewareConfig=e30%3D! (/app/.next/server/app/api/auth/[...nextauth]/route.js:182:1)
    at __webpack_require__ (/app/.next/server/webpack-runtime.js:33:43)
    at __webpack_exec__ (/app/.next/server/app/api/auth/[...nextauth]/route.js:222:39)
    at /app/.next/server/app/api/auth/[...nextauth]/route.js:223:438
    at __webpack_require__.X (/app/.next/server/webpack-runtime.js:163:21)
    at /app/.next/server/app/api/auth/[...nextauth]/route.js:223:47
    at Object.<anonymous> (/app/.next/server/app/api/auth/[...nextauth]/route.js:226:3)
    at Module._compile (node:internal/modules/cjs/loader:1705:14)
    at Object..js (node:internal/modules/cjs/loader:1838:10)
    at Module.load (node:internal/modules/cjs/loader:1441:32)
    at Function._load (node:internal/modules/cjs/loader:1263:12)
    at TracingChannel.traceSync (node:diagnostics_channel:328:14)
    at wrapModuleLoad (node:internal/modules/cjs/loader:237:24)
    at Module.<anonymous> (node:internal/modules/cjs/loader:1463:12)
    at mod.require (/app/node_modules/next/dist/server/require-hook.js:65:28)
    at require (node:internal/modules/helpers:147:16)
    at requirePage (/app/node_modules/next/dist/server/require.js:109:84)
    at /app/node_modules/next/dist/server/load-components.js:103:84
    at async loadComponentsImpl (/app/node_modules/next/dist/server/load-components.js:103:26)
    at async DevServer.findPageComponentsImpl (/app/node_modules/next/dist/server/next-server.js:714:36)
    at async DevServer.findPageComponents (/app/node_modules/next/dist/server/dev/next-dev-server.js:577:20)
    at async DevServer.renderPageComponent (/app/node_modules/next/dist/server/base-server.js:1910:24)
    at async DevServer.renderToResponseImpl (/app/node_modules/next/dist/server/base-server.js:1962:32)
    at async DevServer.pipeImpl (/app/node_modules/next/dist/server/base-server.js:922:25)
    at async NextNodeServer.handleCatchallRenderRequest (/app/node_modules/next/dist/server/next-server.js:272:17)
    at async DevServer.handleRequestImpl (/app/node_modules/next/dist/server/base-server.js:818:17)
    at async /app/node_modules/next/dist/server/dev/next-dev-server.js:339:20
    at async Span.traceAsyncFn (/app/node_modules/next/dist/trace/trace.js:154:20)
    at async DevServer.handleRequest (/app/node_modules/next/dist/server/dev/next-dev-server.js:336:24)
    at async invokeRender (/app/node_modules/next/dist/server/lib/router-server.js:179:21)
    at async handleRequest (/app/node_modules/next/dist/server/lib/router-server.js:359:24)
    at async requestHandlerImpl (/app/node_modules/next/dist/server/lib/router-server.js:383:13)
    at async Server.requestListener (/app/node_modules/next/dist/server/lib/start-server.js:141:13) {
  clientVersion: '7.6.0',
  errorCode: undefined,
  retryable: undefined,
  page: '/api/auth/session'
}
 GET /api/auth/session 500 in 22ms
 ⨯ PrismaClientInitializationError: `PrismaClient` needs to be constructed with a non-empty, valid `PrismaClientOptions`:

```
new PrismaClient({
  ...
})
```

or

```
constructor() {
  super({ ... });
}
```

    at new t (/app/node_modules/@prisma/client/runtime/client.js:70:1527)
    at prismaClientSingleton (webpack-internal:///(rsc)/./src/lib/prisma.ts:9:12)
    at eval (webpack-internal:///(rsc)/./src/lib/prisma.ts:11:43)
    at (rsc)/./src/lib/prisma.ts (/app/.next/server/app/api/auth/[...nextauth]/route.js:212:1)
    at __webpack_require__ (/app/.next/server/webpack-runtime.js:33:43)
    at eval (webpack-internal:///(rsc)/./src/lib/auth/authOptions.ts:10:69)
    at (rsc)/./src/lib/auth/authOptions.ts (/app/.next/server/app/api/auth/[...nextauth]/route.js:202:1)
    at __webpack_require__ (/app/.next/server/webpack-runtime.js:33:43)
    at eval (webpack-internal:///(rsc)/./src/app/api/auth/[...nextauth]/route.ts:8:79)
    at (rsc)/./src/app/api/auth/[...nextauth]/route.ts (/app/.next/server/app/api/auth/[...nextauth]/route.js:192:1)
    at __webpack_require__ (/app/.next/server/webpack-runtime.js:33:43)
    at eval (webpack-internal:///(rsc)/./node_modules/next/dist/build/webpack/loaders/next-app-loader.js?name=app%2Fapi%2Fauth%2F%5B...nextauth%5D%2Froute&page=%2Fapi%2Fauth%2F%5B...nextauth%5D%2Froute&appPaths=&pagePath=private-next-app-dir%2Fapi%2Fauth%2F%5B...nextauth%5D%2Froute.ts&appDir=%2Fapp%2Fsrc%2Fapp&pageExtensions=tsx&pageExtensions=ts&pageExtensions=jsx&pageExtensions=js&rootDir=%2Fapp&isDev=true&tsconfigPath=tsconfig.json&basePath=&assetPrefix=&nextConfigOutput=&preferredRegion=&middlewareConfig=e30%3D!:15:97)
    at (rsc)/./node_modules/next/dist/build/webpack/loaders/next-app-loader.js?name=app%2Fapi%2Fauth%2F%5B...nextauth%5D%2Froute&page=%2Fapi%2Fauth%2F%5B...nextauth%5D%2Froute&appPaths=&pagePath=private-next-app-dir%2Fapi%2Fauth%2F%5B...nextauth%5D%2Froute.ts&appDir=%2Fapp%2Fsrc%2Fapp&pageExtensions=tsx&pageExtensions=ts&pageExtensions=jsx&pageExtensions=js&rootDir=%2Fapp&isDev=true&tsconfigPath=tsconfig.json&basePath=&assetPrefix=&nextConfigOutput=&preferredRegion=&middlewareConfig=e30%3D! (/app/.next/server/app/api/auth/[...nextauth]/route.js:182:1)
    at __webpack_require__ (/app/.next/server/webpack-runtime.js:33:43)
    at __webpack_exec__ (/app/.next/server/app/api/auth/[...nextauth]/route.js:222:39)
    at /app/.next/server/app/api/auth/[...nextauth]/route.js:223:438
    at __webpack_require__.X (/app/.next/server/webpack-runtime.js:163:21)
    at /app/.next/server/app/api/auth/[...nextauth]/route.js:223:47
    at Object.<anonymous> (/app/.next/server/app/api/auth/[...nextauth]/route.js:226:3)
    at Module._compile (node:internal/modules/cjs/loader:1705:14)
    at Object..js (node:internal/modules/cjs/loader:1838:10)
    at Module.load (node:internal/modules/cjs/loader:1441:32)
    at Function._load (node:internal/modules/cjs/loader:1263:12)
    at TracingChannel.traceSync (node:diagnostics_channel:328:14)
    at wrapModuleLoad (node:internal/modules/cjs/loader:237:24)
    at Module.<anonymous> (node:internal/modules/cjs/loader:1463:12)
    at mod.require (/app/node_modules/next/dist/server/require-hook.js:65:28)
    at require (node:internal/modules/helpers:147:16)
    at requirePage (/app/node_modules/next/dist/server/require.js:109:84)
    at /app/node_modules/next/dist/server/load-components.js:103:84
    at async loadComponentsImpl (/app/node_modules/next/dist/server/load-components.js:103:26)
    at async DevServer.findPageComponentsImpl (/app/node_modules/next/dist/server/next-server.js:714:36)
    at async DevServer.findPageComponents (/app/node_modules/next/dist/server/dev/next-dev-server.js:577:20)
    at async DevServer.renderPageComponent (/app/node_modules/next/dist/server/base-server.js:1910:24)
    at async DevServer.renderToResponseImpl (/app/node_modules/next/dist/server/base-server.js:1962:32)
    at async DevServer.pipeImpl (/app/node_modules/next/dist/server/base-server.js:922:25)
    at async NextNodeServer.handleCatchallRenderRequest (/app/node_modules/next/dist/server/next-server.js:272:17)
    at async DevServer.handleRequestImpl (/app/node_modules/next/dist/server/base-server.js:818:17)
    at async /app/node_modules/next/dist/server/dev/next-dev-server.js:339:20
    at async Span.traceAsyncFn (/app/node_modules/next/dist/trace/trace.js:154:20)
    at async DevServer.handleRequest (/app/node_modules/next/dist/server/dev/next-dev-server.js:336:24)
    at async invokeRender (/app/node_modules/next/dist/server/lib/router-server.js:179:21)
    at async handleRequest (/app/node_modules/next/dist/server/lib/router-server.js:359:24)
    at async requestHandlerImpl (/app/node_modules/next/dist/server/lib/router-server.js:383:13)
    at async Server.requestListener (/app/node_modules/next/dist/server/lib/start-server.js:141:13) {
  clientVersion: '7.6.0',
  errorCode: undefined,
  retryable: undefined,
  page: '/api/auth/_log'
}
 POST /api/auth/_log 500 in 28ms
 ⨯ PrismaClientInitializationError: `PrismaClient` needs to be constructed with a non-empty, valid `PrismaClientOptions`:

```
new PrismaClient({
  ...
})
```

or

```
constructor() {
  super({ ... });
}
```

    at new t (/app/node_modules/@prisma/client/runtime/client.js:70:1527)
    at prismaClientSingleton (webpack-internal:///(rsc)/./src/lib/prisma.ts:9:12)
    at eval (webpack-internal:///(rsc)/./src/lib/prisma.ts:11:43)
    at (rsc)/./src/lib/prisma.ts (/app/.next/server/app/api/auth/[...nextauth]/route.js:212:1)
    at __webpack_require__ (/app/.next/server/webpack-runtime.js:33:43)
    at eval (webpack-internal:///(rsc)/./src/lib/auth/authOptions.ts:10:69)
    at (rsc)/./src/lib/auth/authOptions.ts (/app/.next/server/app/api/auth/[...nextauth]/route.js:202:1)
    at __webpack_require__ (/app/.next/server/webpack-runtime.js:33:43)
    at eval (webpack-internal:///(rsc)/./src/app/api/auth/[...nextauth]/route.ts:8:79)
    at (rsc)/./src/app/api/auth/[...nextauth]/route.ts (/app/.next/server/app/api/auth/[...nextauth]/route.js:192:1)
    at __webpack_require__ (/app/.next/server/webpack-runtime.js:33:43)
    at eval (webpack-internal:///(rsc)/./node_modules/next/dist/build/webpack/loaders/next-app-loader.js?name=app%2Fapi%2Fauth%2F%5B...nextauth%5D%2Froute&page=%2Fapi%2Fauth%2F%5B...nextauth%5D%2Froute&appPaths=&pagePath=private-next-app-dir%2Fapi%2Fauth%2F%5B...nextauth%5D%2Froute.ts&appDir=%2Fapp%2Fsrc%2Fapp&pageExtensions=tsx&pageExtensions=ts&pageExtensions=jsx&pageExtensions=js&rootDir=%2Fapp&isDev=true&tsconfigPath=tsconfig.json&basePath=&assetPrefix=&nextConfigOutput=&preferredRegion=&middlewareConfig=e30%3D!:15:97)
    at (rsc)/./node_modules/next/dist/build/webpack/loaders/next-app-loader.js?name=app%2Fapi%2Fauth%2F%5B...nextauth%5D%2Froute&page=%2Fapi%2Fauth%2F%5B...nextauth%5D%2Froute&appPaths=&pagePath=private-next-app-dir%2Fapi%2Fauth%2F%5B...nextauth%5D%2Froute.ts&appDir=%2Fapp%2Fsrc%2Fapp&pageExtensions=tsx&pageExtensions=ts&pageExtensions=jsx&pageExtensions=js&rootDir=%2Fapp&isDev=true&tsconfigPath=tsconfig.json&basePath=&assetPrefix=&nextConfigOutput=&preferredRegion=&middlewareConfig=e30%3D! (/app/.next/server/app/api/auth/[...nextauth]/route.js:182:1)
    at __webpack_require__ (/app/.next/server/webpack-runtime.js:33:43)
    at __webpack_exec__ (/app/.next/server/app/api/auth/[...nextauth]/route.js:222:39)
    at /app/.next/server/app/api/auth/[...nextauth]/route.js:223:438
    at __webpack_require__.X (/app/.next/server/webpack-runtime.js:163:21)
    at /app/.next/server/app/api/auth/[...nextauth]/route.js:223:47
    at Object.<anonymous> (/app/.next/server/app/api/auth/[...nextauth]/route.js:226:3)
    at Module._compile (node:internal/modules/cjs/loader:1705:14)
    at Object..js (node:internal/modules/cjs/loader:1838:10)
    at Module.load (node:internal/modules/cjs/loader:1441:32)
    at Function._load (node:internal/modules/cjs/loader:1263:12)
    at TracingChannel.traceSync (node:diagnostics_channel:328:14)
    at wrapModuleLoad (node:internal/modules/cjs/loader:237:24)
    at Module.<anonymous> (node:internal/modules/cjs/loader:1463:12)
    at mod.require (/app/node_modules/next/dist/server/require-hook.js:65:28)
    at require (node:internal/modules/helpers:147:16)
    at requirePage (/app/node_modules/next/dist/server/require.js:109:84)
    at /app/node_modules/next/dist/server/load-components.js:103:84
    at async loadComponentsImpl (/app/node_modules/next/dist/server/load-components.js:103:26)
    at async DevServer.findPageComponentsImpl (/app/node_modules/next/dist/server/next-server.js:714:36)
    at async DevServer.findPageComponents (/app/node_modules/next/dist/server/dev/next-dev-server.js:577:20)
    at async DevServer.renderPageComponent (/app/node_modules/next/dist/server/base-server.js:1910:24)
    at async DevServer.renderToResponseImpl (/app/node_modules/next/dist/server/base-server.js:1962:32)
    at async DevServer.pipeImpl (/app/node_modules/next/dist/server/base-server.js:922:25)
    at async NextNodeServer.handleCatchallRenderRequest (/app/node_modules/next/dist/server/next-server.js:272:17)
    at async DevServer.handleRequestImpl (/app/node_modules/next/dist/server/base-server.js:818:17)
    at async /app/node_modules/next/dist/server/dev/next-dev-server.js:339:20
    at async Span.traceAsyncFn (/app/node_modules/next/dist/trace/trace.js:154:20)
    at async DevServer.handleRequest (/app/node_modules/next/dist/server/dev/next-dev-server.js:336:24)
    at async invokeRender (/app/node_modules/next/dist/server/lib/router-server.js:179:21)
    at async handleRequest (/app/node_modules/next/dist/server/lib/router-server.js:359:24)
    at async requestHandlerImpl (/app/node_modules/next/dist/server/lib/router-server.js:383:13)
    at async Server.requestListener (/app/node_modules/next/dist/server/lib/start-server.js:141:13) {
  clientVersion: '7.6.0',
  errorCode: undefined,
  retryable: undefined,
  page: '/api/auth/_log'
}
 POST /api/auth/_log 500 in 15ms
 ✓ Compiled in 1333ms (1786 modules)
 GET /login 200 in 288ms
 ○ Compiling /api/auth/[...nextauth] ...
 ✓ Compiled /api/auth/[...nextauth] in 699ms (1071 modules)
 ⨯ PrismaClientInitializationError: `PrismaClient` needs to be constructed with a non-empty, valid `PrismaClientOptions`:

```
new PrismaClient({
  ...
})
```

or

```
constructor() {
  super({ ... });
}
```

    at new t (/app/node_modules/@prisma/client/runtime/client.js:70:1527)
    at prismaClientSingleton (webpack-internal:///(rsc)/./src/lib/prisma.ts:9:12)
    at eval (webpack-internal:///(rsc)/./src/lib/prisma.ts:11:43)
    at (rsc)/./src/lib/prisma.ts (/app/.next/server/app/api/auth/[...nextauth]/route.js:212:1)
    at __webpack_require__ (/app/.next/server/webpack-runtime.js:33:43)
    at eval (webpack-internal:///(rsc)/./src/lib/auth/authOptions.ts:10:69)
    at (rsc)/./src/lib/auth/authOptions.ts (/app/.next/server/app/api/auth/[...nextauth]/route.js:202:1)
    at __webpack_require__ (/app/.next/server/webpack-runtime.js:33:43)
    at eval (webpack-internal:///(rsc)/./src/app/api/auth/[...nextauth]/route.ts:8:79)
    at (rsc)/./src/app/api/auth/[...nextauth]/route.ts (/app/.next/server/app/api/auth/[...nextauth]/route.js:192:1)
    at __webpack_require__ (/app/.next/server/webpack-runtime.js:33:43)
    at eval (webpack-internal:///(rsc)/./node_modules/next/dist/build/webpack/loaders/next-app-loader.js?name=app%2Fapi%2Fauth%2F%5B...nextauth%5D%2Froute&page=%2Fapi%2Fauth%2F%5B...nextauth%5D%2Froute&appPaths=&pagePath=private-next-app-dir%2Fapi%2Fauth%2F%5B...nextauth%5D%2Froute.ts&appDir=%2Fapp%2Fsrc%2Fapp&pageExtensions=tsx&pageExtensions=ts&pageExtensions=jsx&pageExtensions=js&rootDir=%2Fapp&isDev=true&tsconfigPath=tsconfig.json&basePath=&assetPrefix=&nextConfigOutput=&preferredRegion=&middlewareConfig=e30%3D!:15:97)
    at (rsc)/./node_modules/next/dist/build/webpack/loaders/next-app-loader.js?name=app%2Fapi%2Fauth%2F%5B...nextauth%5D%2Froute&page=%2Fapi%2Fauth%2F%5B...nextauth%5D%2Froute&appPaths=&pagePath=private-next-app-dir%2Fapi%2Fauth%2F%5B...nextauth%5D%2Froute.ts&appDir=%2Fapp%2Fsrc%2Fapp&pageExtensions=tsx&pageExtensions=ts&pageExtensions=jsx&pageExtensions=js&rootDir=%2Fapp&isDev=true&tsconfigPath=tsconfig.json&basePath=&assetPrefix=&nextConfigOutput=&preferredRegion=&middlewareConfig=e30%3D! (/app/.next/server/app/api/auth/[...nextauth]/route.js:182:1)
    at __webpack_require__ (/app/.next/server/webpack-runtime.js:33:43)
    at __webpack_exec__ (/app/.next/server/app/api/auth/[...nextauth]/route.js:222:39)
    at /app/.next/server/app/api/auth/[...nextauth]/route.js:223:438
    at __webpack_require__.X (/app/.next/server/webpack-runtime.js:163:21)
    at /app/.next/server/app/api/auth/[...nextauth]/route.js:223:47
    at Object.<anonymous> (/app/.next/server/app/api/auth/[...nextauth]/route.js:226:3)
    at Module._compile (node:internal/modules/cjs/loader:1705:14)
    at Object..js (node:internal/modules/cjs/loader:1838:10)
    at Module.load (node:internal/modules/cjs/loader:1441:32)
    at Function._load (node:internal/modules/cjs/loader:1263:12)
    at TracingChannel.traceSync (node:diagnostics_channel:328:14)
    at wrapModuleLoad (node:internal/modules/cjs/loader:237:24)
    at Module.<anonymous> (node:internal/modules/cjs/loader:1463:12)
    at mod.require (/app/node_modules/next/dist/server/require-hook.js:65:28)
    at require (node:internal/modules/helpers:147:16)
    at requirePage (/app/node_modules/next/dist/server/require.js:109:84)
    at /app/node_modules/next/dist/server/load-components.js:103:84
    at async loadComponentsImpl (/app/node_modules/next/dist/server/load-components.js:103:26)
    at async DevServer.findPageComponentsImpl (/app/node_modules/next/dist/server/next-server.js:714:36)
    at async DevServer.findPageComponents (/app/node_modules/next/dist/server/dev/next-dev-server.js:577:20)
    at async DevServer.renderPageComponent (/app/node_modules/next/dist/server/base-server.js:1910:24)
    at async DevServer.renderToResponseImpl (/app/node_modules/next/dist/server/base-server.js:1962:32)
    at async DevServer.pipeImpl (/app/node_modules/next/dist/server/base-server.js:922:25)
    at async NextNodeServer.handleCatchallRenderRequest (/app/node_modules/next/dist/server/next-server.js:272:17)
    at async DevServer.handleRequestImpl (/app/node_modules/next/dist/server/base-server.js:818:17)
    at async /app/node_modules/next/dist/server/dev/next-dev-server.js:339:20
    at async Span.traceAsyncFn (/app/node_modules/next/dist/trace/trace.js:154:20)
    at async DevServer.handleRequest (/app/node_modules/next/dist/server/dev/next-dev-server.js:336:24)
    at async invokeRender (/app/node_modules/next/dist/server/lib/router-server.js:179:21)
    at async handleRequest (/app/node_modules/next/dist/server/lib/router-server.js:359:24)
    at async requestHandlerImpl (/app/node_modules/next/dist/server/lib/router-server.js:383:13)
    at async Server.requestListener (/app/node_modules/next/dist/server/lib/start-server.js:141:13) {
  clientVersion: '7.6.0',
  errorCode: undefined,
  retryable: undefined,
  page: '/api/auth/session'
}
 ✓ Compiled /_error in 467ms (2015 modules)
 GET /api/auth/session 500 in 1390ms
 ⨯ PrismaClientInitializationError: `PrismaClient` needs to be constructed with a non-empty, valid `PrismaClientOptions`:

```
new PrismaClient({
  ...
})
```

or

```
constructor() {
  super({ ... });
}
```

    at new t (/app/node_modules/@prisma/client/runtime/client.js:70:1527)
    at prismaClientSingleton (webpack-internal:///(rsc)/./src/lib/prisma.ts:9:12)
    at eval (webpack-internal:///(rsc)/./src/lib/prisma.ts:11:43)
    at (rsc)/./src/lib/prisma.ts (/app/.next/server/app/api/auth/[...nextauth]/route.js:212:1)
    at __webpack_require__ (/app/.next/server/webpack-runtime.js:33:43)
    at eval (webpack-internal:///(rsc)/./src/lib/auth/authOptions.ts:10:69)
    at (rsc)/./src/lib/auth/authOptions.ts (/app/.next/server/app/api/auth/[...nextauth]/route.js:202:1)
    at __webpack_require__ (/app/.next/server/webpack-runtime.js:33:43)
    at eval (webpack-internal:///(rsc)/./src/app/api/auth/[...nextauth]/route.ts:8:79)
    at (rsc)/./src/app/api/auth/[...nextauth]/route.ts (/app/.next/server/app/api/auth/[...nextauth]/route.js:192:1)
    at __webpack_require__ (/app/.next/server/webpack-runtime.js:33:43)
    at eval (webpack-internal:///(rsc)/./node_modules/next/dist/build/webpack/loaders/next-app-loader.js?name=app%2Fapi%2Fauth%2F%5B...nextauth%5D%2Froute&page=%2Fapi%2Fauth%2F%5B...nextauth%5D%2Froute&appPaths=&pagePath=private-next-app-dir%2Fapi%2Fauth%2F%5B...nextauth%5D%2Froute.ts&appDir=%2Fapp%2Fsrc%2Fapp&pageExtensions=tsx&pageExtensions=ts&pageExtensions=jsx&pageExtensions=js&rootDir=%2Fapp&isDev=true&tsconfigPath=tsconfig.json&basePath=&assetPrefix=&nextConfigOutput=&preferredRegion=&middlewareConfig=e30%3D!:15:97)
    at (rsc)/./node_modules/next/dist/build/webpack/loaders/next-app-loader.js?name=app%2Fapi%2Fauth%2F%5B...nextauth%5D%2Froute&page=%2Fapi%2Fauth%2F%5B...nextauth%5D%2Froute&appPaths=&pagePath=private-next-app-dir%2Fapi%2Fauth%2F%5B...nextauth%5D%2Froute.ts&appDir=%2Fapp%2Fsrc%2Fapp&pageExtensions=tsx&pageExtensions=ts&pageExtensions=jsx&pageExtensions=js&rootDir=%2Fapp&isDev=true&tsconfigPath=tsconfig.json&basePath=&assetPrefix=&nextConfigOutput=&preferredRegion=&middlewareConfig=e30%3D! (/app/.next/server/app/api/auth/[...nextauth]/route.js:182:1)
    at __webpack_require__ (/app/.next/server/webpack-runtime.js:33:43)
    at __webpack_exec__ (/app/.next/server/app/api/auth/[...nextauth]/route.js:222:39)
    at /app/.next/server/app/api/auth/[...nextauth]/route.js:223:438
    at __webpack_require__.X (/app/.next/server/webpack-runtime.js:163:21)
    at /app/.next/server/app/api/auth/[...nextauth]/route.js:223:47
    at Object.<anonymous> (/app/.next/server/app/api/auth/[...nextauth]/route.js:226:3)
    at Module._compile (node:internal/modules/cjs/loader:1705:14)
    at Object..js (node:internal/modules/cjs/loader:1838:10)
    at Module.load (node:internal/modules/cjs/loader:1441:32)
    at Function._load (node:internal/modules/cjs/loader:1263:12)
    at TracingChannel.traceSync (node:diagnostics_channel:328:14)
    at wrapModuleLoad (node:internal/modules/cjs/loader:237:24)
    at Module.<anonymous> (node:internal/modules/cjs/loader:1463:12)
    at mod.require (/app/node_modules/next/dist/server/require-hook.js:65:28)
    at require (node:internal/modules/helpers:147:16)
    at requirePage (/app/node_modules/next/dist/server/require.js:109:84)
    at /app/node_modules/next/dist/server/load-components.js:103:84
    at async loadComponentsImpl (/app/node_modules/next/dist/server/load-components.js:103:26)
    at async DevServer.findPageComponentsImpl (/app/node_modules/next/dist/server/next-server.js:714:36)
    at async DevServer.findPageComponents (/app/node_modules/next/dist/server/dev/next-dev-server.js:577:20)
    at async DevServer.renderPageComponent (/app/node_modules/next/dist/server/base-server.js:1910:24)
    at async DevServer.renderToResponseImpl (/app/node_modules/next/dist/server/base-server.js:1962:32)
    at async DevServer.pipeImpl (/app/node_modules/next/dist/server/base-server.js:922:25)
    at async NextNodeServer.handleCatchallRenderRequest (/app/node_modules/next/dist/server/next-server.js:272:17)
    at async DevServer.handleRequestImpl (/app/node_modules/next/dist/server/base-server.js:818:17)
    at async /app/node_modules/next/dist/server/dev/next-dev-server.js:339:20
    at async Span.traceAsyncFn (/app/node_modules/next/dist/trace/trace.js:154:20)
    at async DevServer.handleRequest (/app/node_modules/next/dist/server/dev/next-dev-server.js:336:24)
    at async invokeRender (/app/node_modules/next/dist/server/lib/router-server.js:179:21)
    at async handleRequest (/app/node_modules/next/dist/server/lib/router-server.js:359:24)
    at async requestHandlerImpl (/app/node_modules/next/dist/server/lib/router-server.js:383:13)
    at async Server.requestListener (/app/node_modules/next/dist/server/lib/start-server.js:141:13) {
  clientVersion: '7.6.0',
  errorCode: undefined,
  retryable: undefined,
  page: '/api/auth/_log'
}
 ⨯ PrismaClientInitializationError: `PrismaClient` needs to be constructed with a non-empty, valid `PrismaClientOptions`:

```
new PrismaClient({
  ...
})
```

or

```
constructor() {
  super({ ... });
}
```

    at new t (/app/node_modules/@prisma/client/runtime/client.js:70:1527)
    at prismaClientSingleton (webpack-internal:///(rsc)/./src/lib/prisma.ts:9:12)
    at eval (webpack-internal:///(rsc)/./src/lib/prisma.ts:11:43)
    at (rsc)/./src/lib/prisma.ts (/app/.next/server/app/api/auth/[...nextauth]/route.js:212:1)
    at __webpack_require__ (/app/.next/server/webpack-runtime.js:33:43)
    at eval (webpack-internal:///(rsc)/./src/lib/auth/authOptions.ts:10:69)
    at (rsc)/./src/lib/auth/authOptions.ts (/app/.next/server/app/api/auth/[...nextauth]/route.js:202:1)
    at __webpack_require__ (/app/.next/server/webpack-runtime.js:33:43)
    at eval (webpack-internal:///(rsc)/./src/app/api/auth/[...nextauth]/route.ts:8:79)
    at (rsc)/./src/app/api/auth/[...nextauth]/route.ts (/app/.next/server/app/api/auth/[...nextauth]/route.js:192:1)
    at __webpack_require__ (/app/.next/server/webpack-runtime.js:33:43)
    at eval (webpack-internal:///(rsc)/./node_modules/next/dist/build/webpack/loaders/next-app-loader.js?name=app%2Fapi%2Fauth%2F%5B...nextauth%5D%2Froute&page=%2Fapi%2Fauth%2F%5B...nextauth%5D%2Froute&appPaths=&pagePath=private-next-app-dir%2Fapi%2Fauth%2F%5B...nextauth%5D%2Froute.ts&appDir=%2Fapp%2Fsrc%2Fapp&pageExtensions=tsx&pageExtensions=ts&pageExtensions=jsx&pageExtensions=js&rootDir=%2Fapp&isDev=true&tsconfigPath=tsconfig.json&basePath=&assetPrefix=&nextConfigOutput=&preferredRegion=&middlewareConfig=e30%3D!:15:97)
    at (rsc)/./node_modules/next/dist/build/webpack/loaders/next-app-loader.js?name=app%2Fapi%2Fauth%2F%5B...nextauth%5D%2Froute&page=%2Fapi%2Fauth%2F%5B...nextauth%5D%2Froute&appPaths=&pagePath=private-next-app-dir%2Fapi%2Fauth%2F%5B...nextauth%5D%2Froute.ts&appDir=%2Fapp%2Fsrc%2Fapp&pageExtensions=tsx&pageExtensions=ts&pageExtensions=jsx&pageExtensions=js&rootDir=%2Fapp&isDev=true&tsconfigPath=tsconfig.json&basePath=&assetPrefix=&nextConfigOutput=&preferredRegion=&middlewareConfig=e30%3D! (/app/.next/server/app/api/auth/[...nextauth]/route.js:182:1)
    at __webpack_require__ (/app/.next/server/webpack-runtime.js:33:43)
    at __webpack_exec__ (/app/.next/server/app/api/auth/[...nextauth]/route.js:222:39)
    at /app/.next/server/app/api/auth/[...nextauth]/route.js:223:438
    at __webpack_require__.X (/app/.next/server/webpack-runtime.js:163:21)
    at /app/.next/server/app/api/auth/[...nextauth]/route.js:223:47
    at Object.<anonymous> (/app/.next/server/app/api/auth/[...nextauth]/route.js:226:3)
    at Module._compile (node:internal/modules/cjs/loader:1705:14)
    at Object..js (node:internal/modules/cjs/loader:1838:10)
    at Module.load (node:internal/modules/cjs/loader:1441:32)
    at Function._load (node:internal/modules/cjs/loader:1263:12)
    at TracingChannel.traceSync (node:diagnostics_channel:328:14)
    at wrapModuleLoad (node:internal/modules/cjs/loader:237:24)
    at Module.<anonymous> (node:internal/modules/cjs/loader:1463:12)
    at mod.require (/app/node_modules/next/dist/server/require-hook.js:65:28)
    at require (node:internal/modules/helpers:147:16)
    at requirePage (/app/node_modules/next/dist/server/require.js:109:84)
    at /app/node_modules/next/dist/server/load-components.js:103:84
    at async loadComponentsImpl (/app/node_modules/next/dist/server/load-components.js:103:26)
    at async DevServer.findPageComponentsImpl (/app/node_modules/next/dist/server/next-server.js:714:36)
    at async DevServer.findPageComponents (/app/node_modules/next/dist/server/dev/next-dev-server.js:577:20)
    at async DevServer.renderPageComponent (/app/node_modules/next/dist/server/base-server.js:1910:24)
    at async DevServer.renderToResponseImpl (/app/node_modules/next/dist/server/base-server.js:1962:32)
    at async DevServer.pipeImpl (/app/node_modules/next/dist/server/base-server.js:922:25)
    at async NextNodeServer.handleCatchallRenderRequest (/app/node_modules/next/dist/server/next-server.js:272:17)
    at async DevServer.handleRequestImpl (/app/node_modules/next/dist/server/base-server.js:818:17)
    at async /app/node_modules/next/dist/server/dev/next-dev-server.js:339:20
    at async Span.traceAsyncFn (/app/node_modules/next/dist/trace/trace.js:154:20)
    at async DevServer.handleRequest (/app/node_modules/next/dist/server/dev/next-dev-server.js:336:24)
    at async invokeRender (/app/node_modules/next/dist/server/lib/router-server.js:179:21)
    at async handleRequest (/app/node_modules/next/dist/server/lib/router-server.js:359:24)
    at async requestHandlerImpl (/app/node_modules/next/dist/server/lib/router-server.js:383:13)
    at async Server.requestListener (/app/node_modules/next/dist/server/lib/start-server.js:141:13) {
  clientVersion: '7.6.0',
  errorCode: undefined,
  retryable: undefined,
  page: '/api/auth/session'
}
 POST /api/auth/_log 500 in 87ms
 GET /api/auth/session 500 in 92ms
 ⨯ PrismaClientInitializationError: `PrismaClient` needs to be constructed with a non-empty, valid `PrismaClientOptions`:

```
new PrismaClient({
  ...
})
```

or

```
constructor() {
  super({ ... });
}
```

    at new t (/app/node_modules/@prisma/client/runtime/client.js:70:1527)
    at prismaClientSingleton (webpack-internal:///(rsc)/./src/lib/prisma.ts:9:12)
    at eval (webpack-internal:///(rsc)/./src/lib/prisma.ts:11:43)
    at (rsc)/./src/lib/prisma.ts (/app/.next/server/app/api/auth/[...nextauth]/route.js:212:1)
    at __webpack_require__ (/app/.next/server/webpack-runtime.js:33:43)
    at eval (webpack-internal:///(rsc)/./src/lib/auth/authOptions.ts:10:69)
    at (rsc)/./src/lib/auth/authOptions.ts (/app/.next/server/app/api/auth/[...nextauth]/route.js:202:1)
    at __webpack_require__ (/app/.next/server/webpack-runtime.js:33:43)
    at eval (webpack-internal:///(rsc)/./src/app/api/auth/[...nextauth]/route.ts:8:79)
    at (rsc)/./src/app/api/auth/[...nextauth]/route.ts (/app/.next/server/app/api/auth/[...nextauth]/route.js:192:1)
    at __webpack_require__ (/app/.next/server/webpack-runtime.js:33:43)
    at eval (webpack-internal:///(rsc)/./node_modules/next/dist/build/webpack/loaders/next-app-loader.js?name=app%2Fapi%2Fauth%2F%5B...nextauth%5D%2Froute&page=%2Fapi%2Fauth%2F%5B...nextauth%5D%2Froute&appPaths=&pagePath=private-next-app-dir%2Fapi%2Fauth%2F%5B...nextauth%5D%2Froute.ts&appDir=%2Fapp%2Fsrc%2Fapp&pageExtensions=tsx&pageExtensions=ts&pageExtensions=jsx&pageExtensions=js&rootDir=%2Fapp&isDev=true&tsconfigPath=tsconfig.json&basePath=&assetPrefix=&nextConfigOutput=&preferredRegion=&middlewareConfig=e30%3D!:15:97)
    at (rsc)/./node_modules/next/dist/build/webpack/loaders/next-app-loader.js?name=app%2Fapi%2Fauth%2F%5B...nextauth%5D%2Froute&page=%2Fapi%2Fauth%2F%5B...nextauth%5D%2Froute&appPaths=&pagePath=private-next-app-dir%2Fapi%2Fauth%2F%5B...nextauth%5D%2Froute.ts&appDir=%2Fapp%2Fsrc%2Fapp&pageExtensions=tsx&pageExtensions=ts&pageExtensions=jsx&pageExtensions=js&rootDir=%2Fapp&isDev=true&tsconfigPath=tsconfig.json&basePath=&assetPrefix=&nextConfigOutput=&preferredRegion=&middlewareConfig=e30%3D! (/app/.next/server/app/api/auth/[...nextauth]/route.js:182:1)
    at __webpack_require__ (/app/.next/server/webpack-runtime.js:33:43)
    at __webpack_exec__ (/app/.next/server/app/api/auth/[...nextauth]/route.js:222:39)
    at /app/.next/server/app/api/auth/[...nextauth]/route.js:223:438
    at __webpack_require__.X (/app/.next/server/webpack-runtime.js:163:21)
    at /app/.next/server/app/api/auth/[...nextauth]/route.js:223:47
    at Object.<anonymous> (/app/.next/server/app/api/auth/[...nextauth]/route.js:226:3)
    at Module._compile (node:internal/modules/cjs/loader:1705:14)
    at Object..js (node:internal/modules/cjs/loader:1838:10)
    at Module.load (node:internal/modules/cjs/loader:1441:32)
    at Function._load (node:internal/modules/cjs/loader:1263:12)
    at TracingChannel.traceSync (node:diagnostics_channel:328:14)
    at wrapModuleLoad (node:internal/modules/cjs/loader:237:24)
    at Module.<anonymous> (node:internal/modules/cjs/loader:1463:12)
    at mod.require (/app/node_modules/next/dist/server/require-hook.js:65:28)
    at require (node:internal/modules/helpers:147:16)
    at requirePage (/app/node_modules/next/dist/server/require.js:109:84)
    at /app/node_modules/next/dist/server/load-components.js:103:84
    at async loadComponentsImpl (/app/node_modules/next/dist/server/load-components.js:103:26)
    at async DevServer.findPageComponentsImpl (/app/node_modules/next/dist/server/next-server.js:714:36)
    at async DevServer.findPageComponents (/app/node_modules/next/dist/server/dev/next-dev-server.js:577:20)
    at async DevServer.renderPageComponent (/app/node_modules/next/dist/server/base-server.js:1910:24)
    at async DevServer.renderToResponseImpl (/app/node_modules/next/dist/server/base-server.js:1962:32)
    at async DevServer.pipeImpl (/app/node_modules/next/dist/server/base-server.js:922:25)
    at async NextNodeServer.handleCatchallRenderRequest (/app/node_modules/next/dist/server/next-server.js:272:17)
    at async DevServer.handleRequestImpl (/app/node_modules/next/dist/server/base-server.js:818:17)
    at async /app/node_modules/next/dist/server/dev/next-dev-server.js:339:20
    at async Span.traceAsyncFn (/app/node_modules/next/dist/trace/trace.js:154:20)
    at async DevServer.handleRequest (/app/node_modules/next/dist/server/dev/next-dev-server.js:336:24)
    at async invokeRender (/app/node_modules/next/dist/server/lib/router-server.js:179:21)
    at async handleRequest (/app/node_modules/next/dist/server/lib/router-server.js:359:24)
    at async requestHandlerImpl (/app/node_modules/next/dist/server/lib/router-server.js:383:13)
    at async Server.requestListener (/app/node_modules/next/dist/server/lib/start-server.js:141:13) {
  clientVersion: '7.6.0',
  errorCode: undefined,
  retryable: undefined,
  page: '/api/auth/_log'
}
 POST /api/auth/_log 500 in 21ms
 GET /login 200 in 202ms
 ⨯ PrismaClientInitializationError: `PrismaClient` needs to be constructed with a non-empty, valid `PrismaClientOptions`:

```
new PrismaClient({
  ...
})
```

or

```
constructor() {
  super({ ... });
}
```

    at new t (/app/node_modules/@prisma/client/runtime/client.js:70:1527)
    at prismaClientSingleton (webpack-internal:///(rsc)/./src/lib/prisma.ts:9:12)
    at eval (webpack-internal:///(rsc)/./src/lib/prisma.ts:11:43)
    at (rsc)/./src/lib/prisma.ts (/app/.next/server/app/api/auth/[...nextauth]/route.js:212:1)
    at __webpack_require__ (/app/.next/server/webpack-runtime.js:33:43)
    at eval (webpack-internal:///(rsc)/./src/lib/auth/authOptions.ts:10:69)
    at (rsc)/./src/lib/auth/authOptions.ts (/app/.next/server/app/api/auth/[...nextauth]/route.js:202:1)
    at __webpack_require__ (/app/.next/server/webpack-runtime.js:33:43)
    at eval (webpack-internal:///(rsc)/./src/app/api/auth/[...nextauth]/route.ts:8:79)
    at (rsc)/./src/app/api/auth/[...nextauth]/route.ts (/app/.next/server/app/api/auth/[...nextauth]/route.js:192:1)
    at __webpack_require__ (/app/.next/server/webpack-runtime.js:33:43)
    at eval (webpack-internal:///(rsc)/./node_modules/next/dist/build/webpack/loaders/next-app-loader.js?name=app%2Fapi%2Fauth%2F%5B...nextauth%5D%2Froute&page=%2Fapi%2Fauth%2F%5B...nextauth%5D%2Froute&appPaths=&pagePath=private-next-app-dir%2Fapi%2Fauth%2F%5B...nextauth%5D%2Froute.ts&appDir=%2Fapp%2Fsrc%2Fapp&pageExtensions=tsx&pageExtensions=ts&pageExtensions=jsx&pageExtensions=js&rootDir=%2Fapp&isDev=true&tsconfigPath=tsconfig.json&basePath=&assetPrefix=&nextConfigOutput=&preferredRegion=&middlewareConfig=e30%3D!:15:97)
    at (rsc)/./node_modules/next/dist/build/webpack/loaders/next-app-loader.js?name=app%2Fapi%2Fauth%2F%5B...nextauth%5D%2Froute&page=%2Fapi%2Fauth%2F%5B...nextauth%5D%2Froute&appPaths=&pagePath=private-next-app-dir%2Fapi%2Fauth%2F%5B...nextauth%5D%2Froute.ts&appDir=%2Fapp%2Fsrc%2Fapp&pageExtensions=tsx&pageExtensions=ts&pageExtensions=jsx&pageExtensions=js&rootDir=%2Fapp&isDev=true&tsconfigPath=tsconfig.json&basePath=&assetPrefix=&nextConfigOutput=&preferredRegion=&middlewareConfig=e30%3D! (/app/.next/server/app/api/auth/[...nextauth]/route.js:182:1)
    at __webpack_require__ (/app/.next/server/webpack-runtime.js:33:43)
    at __webpack_exec__ (/app/.next/server/app/api/auth/[...nextauth]/route.js:222:39)
    at /app/.next/server/app/api/auth/[...nextauth]/route.js:223:438
    at __webpack_require__.X (/app/.next/server/webpack-runtime.js:163:21)
    at /app/.next/server/app/api/auth/[...nextauth]/route.js:223:47
    at Object.<anonymous> (/app/.next/server/app/api/auth/[...nextauth]/route.js:226:3)
    at Module._compile (node:internal/modules/cjs/loader:1705:14)
    at Object..js (node:internal/modules/cjs/loader:1838:10)
    at Module.load (node:internal/modules/cjs/loader:1441:32)
    at Function._load (node:internal/modules/cjs/loader:1263:12)
    at TracingChannel.traceSync (node:diagnostics_channel:328:14)
    at wrapModuleLoad (node:internal/modules/cjs/loader:237:24)
    at Module.<anonymous> (node:internal/modules/cjs/loader:1463:12)
    at mod.require (/app/node_modules/next/dist/server/require-hook.js:65:28)
    at require (node:internal/modules/helpers:147:16)
    at requirePage (/app/node_modules/next/dist/server/require.js:109:84)
    at /app/node_modules/next/dist/server/load-components.js:103:84
    at async loadComponentsImpl (/app/node_modules/next/dist/server/load-components.js:103:26)
    at async DevServer.findPageComponentsImpl (/app/node_modules/next/dist/server/next-server.js:714:36)
    at async DevServer.findPageComponents (/app/node_modules/next/dist/server/dev/next-dev-server.js:577:20)
    at async DevServer.renderPageComponent (/app/node_modules/next/dist/server/base-server.js:1910:24)
    at async DevServer.renderToResponseImpl (/app/node_modules/next/dist/server/base-server.js:1962:32)
    at async DevServer.pipeImpl (/app/node_modules/next/dist/server/base-server.js:922:25)
    at async NextNodeServer.handleCatchallRenderRequest (/app/node_modules/next/dist/server/next-server.js:272:17)
    at async DevServer.handleRequestImpl (/app/node_modules/next/dist/server/base-server.js:818:17)
    at async /app/node_modules/next/dist/server/dev/next-dev-server.js:339:20
    at async Span.traceAsyncFn (/app/node_modules/next/dist/trace/trace.js:154:20)
    at async DevServer.handleRequest (/app/node_modules/next/dist/server/dev/next-dev-server.js:336:24)
    at async invokeRender (/app/node_modules/next/dist/server/lib/router-server.js:179:21)
    at async handleRequest (/app/node_modules/next/dist/server/lib/router-server.js:359:24)
    at async requestHandlerImpl (/app/node_modules/next/dist/server/lib/router-server.js:383:13)
    at async Server.requestListener (/app/node_modules/next/dist/server/lib/start-server.js:141:13) {
  clientVersion: '7.6.0',
  errorCode: undefined,
  retryable: undefined,
  page: '/api/auth/session'
}
 GET /api/auth/session 500 in 25ms
 ⨯ PrismaClientInitializationError: `PrismaClient` needs to be constructed with a non-empty, valid `PrismaClientOptions`:

```
new PrismaClient({
  ...
})
```

or

```
constructor() {
  super({ ... });
}
```

    at new t (/app/node_modules/@prisma/client/runtime/client.js:70:1527)
    at prismaClientSingleton (webpack-internal:///(rsc)/./src/lib/prisma.ts:9:12)
    at eval (webpack-internal:///(rsc)/./src/lib/prisma.ts:11:43)
    at (rsc)/./src/lib/prisma.ts (/app/.next/server/app/api/auth/[...nextauth]/route.js:212:1)
    at __webpack_require__ (/app/.next/server/webpack-runtime.js:33:43)
    at eval (webpack-internal:///(rsc)/./src/lib/auth/authOptions.ts:10:69)
    at (rsc)/./src/lib/auth/authOptions.ts (/app/.next/server/app/api/auth/[...nextauth]/route.js:202:1)
    at __webpack_require__ (/app/.next/server/webpack-runtime.js:33:43)
    at eval (webpack-internal:///(rsc)/./src/app/api/auth/[...nextauth]/route.ts:8:79)
    at (rsc)/./src/app/api/auth/[...nextauth]/route.ts (/app/.next/server/app/api/auth/[...nextauth]/route.js:192:1)
    at __webpack_require__ (/app/.next/server/webpack-runtime.js:33:43)
    at eval (webpack-internal:///(rsc)/./node_modules/next/dist/build/webpack/loaders/next-app-loader.js?name=app%2Fapi%2Fauth%2F%5B...nextauth%5D%2Froute&page=%2Fapi%2Fauth%2F%5B...nextauth%5D%2Froute&appPaths=&pagePath=private-next-app-dir%2Fapi%2Fauth%2F%5B...nextauth%5D%2Froute.ts&appDir=%2Fapp%2Fsrc%2Fapp&pageExtensions=tsx&pageExtensions=ts&pageExtensions=jsx&pageExtensions=js&rootDir=%2Fapp&isDev=true&tsconfigPath=tsconfig.json&basePath=&assetPrefix=&nextConfigOutput=&preferredRegion=&middlewareConfig=e30%3D!:15:97)
    at (rsc)/./node_modules/next/dist/build/webpack/loaders/next-app-loader.js?name=app%2Fapi%2Fauth%2F%5B...nextauth%5D%2Froute&page=%2Fapi%2Fauth%2F%5B...nextauth%5D%2Froute&appPaths=&pagePath=private-next-app-dir%2Fapi%2Fauth%2F%5B...nextauth%5D%2Froute.ts&appDir=%2Fapp%2Fsrc%2Fapp&pageExtensions=tsx&pageExtensions=ts&pageExtensions=jsx&pageExtensions=js&rootDir=%2Fapp&isDev=true&tsconfigPath=tsconfig.json&basePath=&assetPrefix=&nextConfigOutput=&preferredRegion=&middlewareConfig=e30%3D! (/app/.next/server/app/api/auth/[...nextauth]/route.js:182:1)
    at __webpack_require__ (/app/.next/server/webpack-runtime.js:33:43)
    at __webpack_exec__ (/app/.next/server/app/api/auth/[...nextauth]/route.js:222:39)
    at /app/.next/server/app/api/auth/[...nextauth]/route.js:223:438
    at __webpack_require__.X (/app/.next/server/webpack-runtime.js:163:21)
    at /app/.next/server/app/api/auth/[...nextauth]/route.js:223:47
    at Object.<anonymous> (/app/.next/server/app/api/auth/[...nextauth]/route.js:226:3)
    at Module._compile (node:internal/modules/cjs/loader:1705:14)
    at Object..js (node:internal/modules/cjs/loader:1838:10)
    at Module.load (node:internal/modules/cjs/loader:1441:32)
    at Function._load (node:internal/modules/cjs/loader:1263:12)
    at TracingChannel.traceSync (node:diagnostics_channel:328:14)
    at wrapModuleLoad (node:internal/modules/cjs/loader:237:24)
    at Module.<anonymous> (node:internal/modules/cjs/loader:1463:12)
    at mod.require (/app/node_modules/next/dist/server/require-hook.js:65:28)
    at require (node:internal/modules/helpers:147:16)
    at requirePage (/app/node_modules/next/dist/server/require.js:109:84)
    at /app/node_modules/next/dist/server/load-components.js:103:84
    at async loadComponentsImpl (/app/node_modules/next/dist/server/load-components.js:103:26)
    at async DevServer.findPageComponentsImpl (/app/node_modules/next/dist/server/next-server.js:714:36)
    at async DevServer.findPageComponents (/app/node_modules/next/dist/server/dev/next-dev-server.js:577:20)
    at async DevServer.renderPageComponent (/app/node_modules/next/dist/server/base-server.js:1910:24)
    at async DevServer.renderToResponseImpl (/app/node_modules/next/dist/server/base-server.js:1962:32)
    at async DevServer.pipeImpl (/app/node_modules/next/dist/server/base-server.js:922:25)
    at async NextNodeServer.handleCatchallRenderRequest (/app/node_modules/next/dist/server/next-server.js:272:17)
    at async DevServer.handleRequestImpl (/app/node_modules/next/dist/server/base-server.js:818:17)
    at async /app/node_modules/next/dist/server/dev/next-dev-server.js:339:20
    at async Span.traceAsyncFn (/app/node_modules/next/dist/trace/trace.js:154:20)
    at async DevServer.handleRequest (/app/node_modules/next/dist/server/dev/next-dev-server.js:336:24)
    at async invokeRender (/app/node_modules/next/dist/server/lib/router-server.js:179:21)
    at async handleRequest (/app/node_modules/next/dist/server/lib/router-server.js:359:24)
    at async requestHandlerImpl (/app/node_modules/next/dist/server/lib/router-server.js:383:13)
    at async Server.requestListener (/app/node_modules/next/dist/server/lib/start-server.js:141:13) {
  clientVersion: '7.6.0',
  errorCode: undefined,
  retryable: undefined,
  page: '/api/auth/session'
}
 ⨯ PrismaClientInitializationError: `PrismaClient` needs to be constructed with a non-empty, valid `PrismaClientOptions`:

```
new PrismaClient({
  ...
})
```

or

```
constructor() {
  super({ ... });
}
```

    at new t (/app/node_modules/@prisma/client/runtime/client.js:70:1527)
    at prismaClientSingleton (webpack-internal:///(rsc)/./src/lib/prisma.ts:9:12)
    at eval (webpack-internal:///(rsc)/./src/lib/prisma.ts:11:43)
    at (rsc)/./src/lib/prisma.ts (/app/.next/server/app/api/auth/[...nextauth]/route.js:212:1)
    at __webpack_require__ (/app/.next/server/webpack-runtime.js:33:43)
    at eval (webpack-internal:///(rsc)/./src/lib/auth/authOptions.ts:10:69)
    at (rsc)/./src/lib/auth/authOptions.ts (/app/.next/server/app/api/auth/[...nextauth]/route.js:202:1)
    at __webpack_require__ (/app/.next/server/webpack-runtime.js:33:43)
    at eval (webpack-internal:///(rsc)/./src/app/api/auth/[...nextauth]/route.ts:8:79)
    at (rsc)/./src/app/api/auth/[...nextauth]/route.ts (/app/.next/server/app/api/auth/[...nextauth]/route.js:192:1)
    at __webpack_require__ (/app/.next/server/webpack-runtime.js:33:43)
    at eval (webpack-internal:///(rsc)/./node_modules/next/dist/build/webpack/loaders/next-app-loader.js?name=app%2Fapi%2Fauth%2F%5B...nextauth%5D%2Froute&page=%2Fapi%2Fauth%2F%5B...nextauth%5D%2Froute&appPaths=&pagePath=private-next-app-dir%2Fapi%2Fauth%2F%5B...nextauth%5D%2Froute.ts&appDir=%2Fapp%2Fsrc%2Fapp&pageExtensions=tsx&pageExtensions=ts&pageExtensions=jsx&pageExtensions=js&rootDir=%2Fapp&isDev=true&tsconfigPath=tsconfig.json&basePath=&assetPrefix=&nextConfigOutput=&preferredRegion=&middlewareConfig=e30%3D!:15:97)
    at (rsc)/./node_modules/next/dist/build/webpack/loaders/next-app-loader.js?name=app%2Fapi%2Fauth%2F%5B...nextauth%5D%2Froute&page=%2Fapi%2Fauth%2F%5B...nextauth%5D%2Froute&appPaths=&pagePath=private-next-app-dir%2Fapi%2Fauth%2F%5B...nextauth%5D%2Froute.ts&appDir=%2Fapp%2Fsrc%2Fapp&pageExtensions=tsx&pageExtensions=ts&pageExtensions=jsx&pageExtensions=js&rootDir=%2Fapp&isDev=true&tsconfigPath=tsconfig.json&basePath=&assetPrefix=&nextConfigOutput=&preferredRegion=&middlewareConfig=e30%3D! (/app/.next/server/app/api/auth/[...nextauth]/route.js:182:1)
    at __webpack_require__ (/app/.next/server/webpack-runtime.js:33:43)
    at __webpack_exec__ (/app/.next/server/app/api/auth/[...nextauth]/route.js:222:39)
    at /app/.next/server/app/api/auth/[...nextauth]/route.js:223:438
    at __webpack_require__.X (/app/.next/server/webpack-runtime.js:163:21)
    at /app/.next/server/app/api/auth/[...nextauth]/route.js:223:47
    at Object.<anonymous> (/app/.next/server/app/api/auth/[...nextauth]/route.js:226:3)
    at Module._compile (node:internal/modules/cjs/loader:1705:14)
    at Object..js (node:internal/modules/cjs/loader:1838:10)
    at Module.load (node:internal/modules/cjs/loader:1441:32)
    at Function._load (node:internal/modules/cjs/loader:1263:12)
    at TracingChannel.traceSync (node:diagnostics_channel:328:14)
    at wrapModuleLoad (node:internal/modules/cjs/loader:237:24)
    at Module.<anonymous> (node:internal/modules/cjs/loader:1463:12)
    at mod.require (/app/node_modules/next/dist/server/require-hook.js:65:28)
    at require (node:internal/modules/helpers:147:16)
    at requirePage (/app/node_modules/next/dist/server/require.js:109:84)
    at /app/node_modules/next/dist/server/load-components.js:103:84
    at async loadComponentsImpl (/app/node_modules/next/dist/server/load-components.js:103:26)
    at async DevServer.findPageComponentsImpl (/app/node_modules/next/dist/server/next-server.js:714:36)
    at async DevServer.findPageComponents (/app/node_modules/next/dist/server/dev/next-dev-server.js:577:20)
    at async DevServer.renderPageComponent (/app/node_modules/next/dist/server/base-server.js:1910:24)
    at async DevServer.renderToResponseImpl (/app/node_modules/next/dist/server/base-server.js:1962:32)
    at async DevServer.pipeImpl (/app/node_modules/next/dist/server/base-server.js:922:25)
    at async NextNodeServer.handleCatchallRenderRequest (/app/node_modules/next/dist/server/next-server.js:272:17)
    at async DevServer.handleRequestImpl (/app/node_modules/next/dist/server/base-server.js:818:17)
    at async /app/node_modules/next/dist/server/dev/next-dev-server.js:339:20
    at async Span.traceAsyncFn (/app/node_modules/next/dist/trace/trace.js:154:20)
    at async DevServer.handleRequest (/app/node_modules/next/dist/server/dev/next-dev-server.js:336:24)
    at async invokeRender (/app/node_modules/next/dist/server/lib/router-server.js:179:21)
    at async handleRequest (/app/node_modules/next/dist/server/lib/router-server.js:359:24)
    at async requestHandlerImpl (/app/node_modules/next/dist/server/lib/router-server.js:383:13)
    at async Server.requestListener (/app/node_modules/next/dist/server/lib/start-server.js:141:13) {
  clientVersion: '7.6.0',
  errorCode: undefined,
  retryable: undefined,
  page: '/api/auth/_log'
}
 GET /api/auth/session 500 in 36ms
 POST /api/auth/_log 500 in 31ms
 ⨯ PrismaClientInitializationError: `PrismaClient` needs to be constructed with a non-empty, valid `PrismaClientOptions`:

```
new PrismaClient({
  ...
})
```

or

```
constructor() {
  super({ ... });
}
```

    at new t (/app/node_modules/@prisma/client/runtime/client.js:70:1527)
    at prismaClientSingleton (webpack-internal:///(rsc)/./src/lib/prisma.ts:9:12)
    at eval (webpack-internal:///(rsc)/./src/lib/prisma.ts:11:43)
    at (rsc)/./src/lib/prisma.ts (/app/.next/server/app/api/auth/[...nextauth]/route.js:212:1)
    at __webpack_require__ (/app/.next/server/webpack-runtime.js:33:43)
    at eval (webpack-internal:///(rsc)/./src/lib/auth/authOptions.ts:10:69)
    at (rsc)/./src/lib/auth/authOptions.ts (/app/.next/server/app/api/auth/[...nextauth]/route.js:202:1)
    at __webpack_require__ (/app/.next/server/webpack-runtime.js:33:43)
    at eval (webpack-internal:///(rsc)/./src/app/api/auth/[...nextauth]/route.ts:8:79)
    at (rsc)/./src/app/api/auth/[...nextauth]/route.ts (/app/.next/server/app/api/auth/[...nextauth]/route.js:192:1)
    at __webpack_require__ (/app/.next/server/webpack-runtime.js:33:43)
    at eval (webpack-internal:///(rsc)/./node_modules/next/dist/build/webpack/loaders/next-app-loader.js?name=app%2Fapi%2Fauth%2F%5B...nextauth%5D%2Froute&page=%2Fapi%2Fauth%2F%5B...nextauth%5D%2Froute&appPaths=&pagePath=private-next-app-dir%2Fapi%2Fauth%2F%5B...nextauth%5D%2Froute.ts&appDir=%2Fapp%2Fsrc%2Fapp&pageExtensions=tsx&pageExtensions=ts&pageExtensions=jsx&pageExtensions=js&rootDir=%2Fapp&isDev=true&tsconfigPath=tsconfig.json&basePath=&assetPrefix=&nextConfigOutput=&preferredRegion=&middlewareConfig=e30%3D!:15:97)
    at (rsc)/./node_modules/next/dist/build/webpack/loaders/next-app-loader.js?name=app%2Fapi%2Fauth%2F%5B...nextauth%5D%2Froute&page=%2Fapi%2Fauth%2F%5B...nextauth%5D%2Froute&appPaths=&pagePath=private-next-app-dir%2Fapi%2Fauth%2F%5B...nextauth%5D%2Froute.ts&appDir=%2Fapp%2Fsrc%2Fapp&pageExtensions=tsx&pageExtensions=ts&pageExtensions=jsx&pageExtensions=js&rootDir=%2Fapp&isDev=true&tsconfigPath=tsconfig.json&basePath=&assetPrefix=&nextConfigOutput=&preferredRegion=&middlewareConfig=e30%3D! (/app/.next/server/app/api/auth/[...nextauth]/route.js:182:1)
    at __webpack_require__ (/app/.next/server/webpack-runtime.js:33:43)
    at __webpack_exec__ (/app/.next/server/app/api/auth/[...nextauth]/route.js:222:39)
    at /app/.next/server/app/api/auth/[...nextauth]/route.js:223:438
    at __webpack_require__.X (/app/.next/server/webpack-runtime.js:163:21)
    at /app/.next/server/app/api/auth/[...nextauth]/route.js:223:47
    at Object.<anonymous> (/app/.next/server/app/api/auth/[...nextauth]/route.js:226:3)
    at Module._compile (node:internal/modules/cjs/loader:1705:14)
    at Object..js (node:internal/modules/cjs/loader:1838:10)
    at Module.load (node:internal/modules/cjs/loader:1441:32)
    at Function._load (node:internal/modules/cjs/loader:1263:12)
    at TracingChannel.traceSync (node:diagnostics_channel:328:14)
    at wrapModuleLoad (node:internal/modules/cjs/loader:237:24)
    at Module.<anonymous> (node:internal/modules/cjs/loader:1463:12)
    at mod.require (/app/node_modules/next/dist/server/require-hook.js:65:28)
    at require (node:internal/modules/helpers:147:16)
    at requirePage (/app/node_modules/next/dist/server/require.js:109:84)
    at /app/node_modules/next/dist/server/load-components.js:103:84
    at async loadComponentsImpl (/app/node_modules/next/dist/server/load-components.js:103:26)
    at async DevServer.findPageComponentsImpl (/app/node_modules/next/dist/server/next-server.js:714:36)
    at async DevServer.findPageComponents (/app/node_modules/next/dist/server/dev/next-dev-server.js:577:20)
    at async DevServer.renderPageComponent (/app/node_modules/next/dist/server/base-server.js:1910:24)
    at async DevServer.renderToResponseImpl (/app/node_modules/next/dist/server/base-server.js:1962:32)
    at async DevServer.pipeImpl (/app/node_modules/next/dist/server/base-server.js:922:25)
    at async NextNodeServer.handleCatchallRenderRequest (/app/node_modules/next/dist/server/next-server.js:272:17)
    at async DevServer.handleRequestImpl (/app/node_modules/next/dist/server/base-server.js:818:17)
    at async /app/node_modules/next/dist/server/dev/next-dev-server.js:339:20
    at async Span.traceAsyncFn (/app/node_modules/next/dist/trace/trace.js:154:20)
    at async DevServer.handleRequest (/app/node_modules/next/dist/server/dev/next-dev-server.js:336:24)
    at async invokeRender (/app/node_modules/next/dist/server/lib/router-server.js:179:21)
    at async handleRequest (/app/node_modules/next/dist/server/lib/router-server.js:359:24)
    at async requestHandlerImpl (/app/node_modules/next/dist/server/lib/router-server.js:383:13)
    at async Server.requestListener (/app/node_modules/next/dist/server/lib/start-server.js:141:13) {
  clientVersion: '7.6.0',
  errorCode: undefined,
  retryable: undefined,
  page: '/api/auth/_log'
}
 POST /api/auth/_log 500 in 22ms
 GET /dashboard 200 in 76ms
 ⨯ PrismaClientInitializationError: `PrismaClient` needs to be constructed with a non-empty, valid `PrismaClientOptions`:

```
new PrismaClient({
  ...
})
```

or

```
constructor() {
  super({ ... });
}
```

    at new t (/app/node_modules/@prisma/client/runtime/client.js:70:1527)
    at prismaClientSingleton (webpack-internal:///(rsc)/./src/lib/prisma.ts:9:12)
    at eval (webpack-internal:///(rsc)/./src/lib/prisma.ts:11:43)
    at (rsc)/./src/lib/prisma.ts (/app/.next/server/app/api/auth/[...nextauth]/route.js:212:1)
    at __webpack_require__ (/app/.next/server/webpack-runtime.js:33:43)
    at eval (webpack-internal:///(rsc)/./src/lib/auth/authOptions.ts:10:69)
    at (rsc)/./src/lib/auth/authOptions.ts (/app/.next/server/app/api/auth/[...nextauth]/route.js:202:1)
    at __webpack_require__ (/app/.next/server/webpack-runtime.js:33:43)
    at eval (webpack-internal:///(rsc)/./src/app/api/auth/[...nextauth]/route.ts:8:79)
    at (rsc)/./src/app/api/auth/[...nextauth]/route.ts (/app/.next/server/app/api/auth/[...nextauth]/route.js:192:1)
    at __webpack_require__ (/app/.next/server/webpack-runtime.js:33:43)
    at eval (webpack-internal:///(rsc)/./node_modules/next/dist/build/webpack/loaders/next-app-loader.js?name=app%2Fapi%2Fauth%2F%5B...nextauth%5D%2Froute&page=%2Fapi%2Fauth%2F%5B...nextauth%5D%2Froute&appPaths=&pagePath=private-next-app-dir%2Fapi%2Fauth%2F%5B...nextauth%5D%2Froute.ts&appDir=%2Fapp%2Fsrc%2Fapp&pageExtensions=tsx&pageExtensions=ts&pageExtensions=jsx&pageExtensions=js&rootDir=%2Fapp&isDev=true&tsconfigPath=tsconfig.json&basePath=&assetPrefix=&nextConfigOutput=&preferredRegion=&middlewareConfig=e30%3D!:15:97)
    at (rsc)/./node_modules/next/dist/build/webpack/loaders/next-app-loader.js?name=app%2Fapi%2Fauth%2F%5B...nextauth%5D%2Froute&page=%2Fapi%2Fauth%2F%5B...nextauth%5D%2Froute&appPaths=&pagePath=private-next-app-dir%2Fapi%2Fauth%2F%5B...nextauth%5D%2Froute.ts&appDir=%2Fapp%2Fsrc%2Fapp&pageExtensions=tsx&pageExtensions=ts&pageExtensions=jsx&pageExtensions=js&rootDir=%2Fapp&isDev=true&tsconfigPath=tsconfig.json&basePath=&assetPrefix=&nextConfigOutput=&preferredRegion=&middlewareConfig=e30%3D! (/app/.next/server/app/api/auth/[...nextauth]/route.js:182:1)
    at __webpack_require__ (/app/.next/server/webpack-runtime.js:33:43)
    at __webpack_exec__ (/app/.next/server/app/api/auth/[...nextauth]/route.js:222:39)
    at /app/.next/server/app/api/auth/[...nextauth]/route.js:223:438
    at __webpack_require__.X (/app/.next/server/webpack-runtime.js:163:21)
    at /app/.next/server/app/api/auth/[...nextauth]/route.js:223:47
    at Object.<anonymous> (/app/.next/server/app/api/auth/[...nextauth]/route.js:226:3)
    at Module._compile (node:internal/modules/cjs/loader:1705:14)
    at Object..js (node:internal/modules/cjs/loader:1838:10)
    at Module.load (node:internal/modules/cjs/loader:1441:32)
    at Function._load (node:internal/modules/cjs/loader:1263:12)
    at TracingChannel.traceSync (node:diagnostics_channel:328:14)
    at wrapModuleLoad (node:internal/modules/cjs/loader:237:24)
    at Module.<anonymous> (node:internal/modules/cjs/loader:1463:12)
    at mod.require (/app/node_modules/next/dist/server/require-hook.js:65:28)
    at require (node:internal/modules/helpers:147:16)
    at requirePage (/app/node_modules/next/dist/server/require.js:109:84)
    at /app/node_modules/next/dist/server/load-components.js:103:84
    at async loadComponentsImpl (/app/node_modules/next/dist/server/load-components.js:103:26)
    at async DevServer.findPageComponentsImpl (/app/node_modules/next/dist/server/next-server.js:714:36)
    at async DevServer.findPageComponents (/app/node_modules/next/dist/server/dev/next-dev-server.js:577:20)
    at async DevServer.renderPageComponent (/app/node_modules/next/dist/server/base-server.js:1910:24)
    at async DevServer.renderToResponseImpl (/app/node_modules/next/dist/server/base-server.js:1962:32)
    at async DevServer.pipeImpl (/app/node_modules/next/dist/server/base-server.js:922:25)
    at async NextNodeServer.handleCatchallRenderRequest (/app/node_modules/next/dist/server/next-server.js:272:17)
    at async DevServer.handleRequestImpl (/app/node_modules/next/dist/server/base-server.js:818:17)
    at async /app/node_modules/next/dist/server/dev/next-dev-server.js:339:20
    at async Span.traceAsyncFn (/app/node_modules/next/dist/trace/trace.js:154:20)
    at async DevServer.handleRequest (/app/node_modules/next/dist/server/dev/next-dev-server.js:336:24)
    at async invokeRender (/app/node_modules/next/dist/server/lib/router-server.js:179:21)
    at async handleRequest (/app/node_modules/next/dist/server/lib/router-server.js:359:24)
    at async requestHandlerImpl (/app/node_modules/next/dist/server/lib/router-server.js:383:13)
    at async Server.requestListener (/app/node_modules/next/dist/server/lib/start-server.js:141:13) {
  clientVersion: '7.6.0',
  errorCode: undefined,
  retryable: undefined,
  page: '/api/auth/session'
}
 GET /api/auth/session 500 in 351ms
 ⨯ PrismaClientInitializationError: `PrismaClient` needs to be constructed with a non-empty, valid `PrismaClientOptions`:

```
new PrismaClient({
  ...
})
```

or

```
constructor() {
  super({ ... });
}
```

    at new t (/app/node_modules/@prisma/client/runtime/client.js:70:1527)
    at prismaClientSingleton (webpack-internal:///(rsc)/./src/lib/prisma.ts:9:12)
    at eval (webpack-internal:///(rsc)/./src/lib/prisma.ts:11:43)
    at (rsc)/./src/lib/prisma.ts (/app/.next/server/app/api/auth/[...nextauth]/route.js:212:1)
    at __webpack_require__ (/app/.next/server/webpack-runtime.js:33:43)
    at eval (webpack-internal:///(rsc)/./src/lib/auth/authOptions.ts:10:69)
    at (rsc)/./src/lib/auth/authOptions.ts (/app/.next/server/app/api/auth/[...nextauth]/route.js:202:1)
    at __webpack_require__ (/app/.next/server/webpack-runtime.js:33:43)
    at eval (webpack-internal:///(rsc)/./src/app/api/auth/[...nextauth]/route.ts:8:79)
    at (rsc)/./src/app/api/auth/[...nextauth]/route.ts (/app/.next/server/app/api/auth/[...nextauth]/route.js:192:1)
    at __webpack_require__ (/app/.next/server/webpack-runtime.js:33:43)
    at eval (webpack-internal:///(rsc)/./node_modules/next/dist/build/webpack/loaders/next-app-loader.js?name=app%2Fapi%2Fauth%2F%5B...nextauth%5D%2Froute&page=%2Fapi%2Fauth%2F%5B...nextauth%5D%2Froute&appPaths=&pagePath=private-next-app-dir%2Fapi%2Fauth%2F%5B...nextauth%5D%2Froute.ts&appDir=%2Fapp%2Fsrc%2Fapp&pageExtensions=tsx&pageExtensions=ts&pageExtensions=jsx&pageExtensions=js&rootDir=%2Fapp&isDev=true&tsconfigPath=tsconfig.json&basePath=&assetPrefix=&nextConfigOutput=&preferredRegion=&middlewareConfig=e30%3D!:15:97)
    at (rsc)/./node_modules/next/dist/build/webpack/loaders/next-app-loader.js?name=app%2Fapi%2Fauth%2F%5B...nextauth%5D%2Froute&page=%2Fapi%2Fauth%2F%5B...nextauth%5D%2Froute&appPaths=&pagePath=private-next-app-dir%2Fapi%2Fauth%2F%5B...nextauth%5D%2Froute.ts&appDir=%2Fapp%2Fsrc%2Fapp&pageExtensions=tsx&pageExtensions=ts&pageExtensions=jsx&pageExtensions=js&rootDir=%2Fapp&isDev=true&tsconfigPath=tsconfig.json&basePath=&assetPrefix=&nextConfigOutput=&preferredRegion=&middlewareConfig=e30%3D! (/app/.next/server/app/api/auth/[...nextauth]/route.js:182:1)
    at __webpack_require__ (/app/.next/server/webpack-runtime.js:33:43)
    at __webpack_exec__ (/app/.next/server/app/api/auth/[...nextauth]/route.js:222:39)
    at /app/.next/server/app/api/auth/[...nextauth]/route.js:223:438
    at __webpack_require__.X (/app/.next/server/webpack-runtime.js:163:21)
    at /app/.next/server/app/api/auth/[...nextauth]/route.js:223:47
    at Object.<anonymous> (/app/.next/server/app/api/auth/[...nextauth]/route.js:226:3)
    at Module._compile (node:internal/modules/cjs/loader:1705:14)
    at Object..js (node:internal/modules/cjs/loader:1838:10)
    at Module.load (node:internal/modules/cjs/loader:1441:32)
    at Function._load (node:internal/modules/cjs/loader:1263:12)
    at TracingChannel.traceSync (node:diagnostics_channel:328:14)
    at wrapModuleLoad (node:internal/modules/cjs/loader:237:24)
    at Module.<anonymous> (node:internal/modules/cjs/loader:1463:12)
    at mod.require (/app/node_modules/next/dist/server/require-hook.js:65:28)
    at require (node:internal/modules/helpers:147:16)
    at requirePage (/app/node_modules/next/dist/server/require.js:109:84)
    at /app/node_modules/next/dist/server/load-components.js:103:84
    at async loadComponentsImpl (/app/node_modules/next/dist/server/load-components.js:103:26)
    at async DevServer.findPageComponentsImpl (/app/node_modules/next/dist/server/next-server.js:714:36)
    at async DevServer.findPageComponents (/app/node_modules/next/dist/server/dev/next-dev-server.js:577:20)
    at async DevServer.renderPageComponent (/app/node_modules/next/dist/server/base-server.js:1910:24)
    at async DevServer.renderToResponseImpl (/app/node_modules/next/dist/server/base-server.js:1962:32)
    at async DevServer.pipeImpl (/app/node_modules/next/dist/server/base-server.js:922:25)
    at async NextNodeServer.handleCatchallRenderRequest (/app/node_modules/next/dist/server/next-server.js:272:17)
    at async DevServer.handleRequestImpl (/app/node_modules/next/dist/server/base-server.js:818:17)
    at async /app/node_modules/next/dist/server/dev/next-dev-server.js:339:20
    at async Span.traceAsyncFn (/app/node_modules/next/dist/trace/trace.js:154:20)
    at async DevServer.handleRequest (/app/node_modules/next/dist/server/dev/next-dev-server.js:336:24)
    at async invokeRender (/app/node_modules/next/dist/server/lib/router-server.js:179:21)
    at async handleRequest (/app/node_modules/next/dist/server/lib/router-server.js:359:24)
    at async requestHandlerImpl (/app/node_modules/next/dist/server/lib/router-server.js:383:13)
    at async Server.requestListener (/app/node_modules/next/dist/server/lib/start-server.js:141:13) {
  clientVersion: '7.6.0',
  errorCode: undefined,
  retryable: undefined,
  page: '/api/auth/session'
}
 ⨯ PrismaClientInitializationError: `PrismaClient` needs to be constructed with a non-empty, valid `PrismaClientOptions`:

```
new PrismaClient({
  ...
})
```

or

```
constructor() {
  super({ ... });
}
```

    at new t (/app/node_modules/@prisma/client/runtime/client.js:70:1527)
    at prismaClientSingleton (webpack-internal:///(rsc)/./src/lib/prisma.ts:9:12)
    at eval (webpack-internal:///(rsc)/./src/lib/prisma.ts:11:43)
    at (rsc)/./src/lib/prisma.ts (/app/.next/server/app/api/auth/[...nextauth]/route.js:212:1)
    at __webpack_require__ (/app/.next/server/webpack-runtime.js:33:43)
    at eval (webpack-internal:///(rsc)/./src/lib/auth/authOptions.ts:10:69)
    at (rsc)/./src/lib/auth/authOptions.ts (/app/.next/server/app/api/auth/[...nextauth]/route.js:202:1)
    at __webpack_require__ (/app/.next/server/webpack-runtime.js:33:43)
    at eval (webpack-internal:///(rsc)/./src/app/api/auth/[...nextauth]/route.ts:8:79)
    at (rsc)/./src/app/api/auth/[...nextauth]/route.ts (/app/.next/server/app/api/auth/[...nextauth]/route.js:192:1)
    at __webpack_require__ (/app/.next/server/webpack-runtime.js:33:43)
    at eval (webpack-internal:///(rsc)/./node_modules/next/dist/build/webpack/loaders/next-app-loader.js?name=app%2Fapi%2Fauth%2F%5B...nextauth%5D%2Froute&page=%2Fapi%2Fauth%2F%5B...nextauth%5D%2Froute&appPaths=&pagePath=private-next-app-dir%2Fapi%2Fauth%2F%5B...nextauth%5D%2Froute.ts&appDir=%2Fapp%2Fsrc%2Fapp&pageExtensions=tsx&pageExtensions=ts&pageExtensions=jsx&pageExtensions=js&rootDir=%2Fapp&isDev=true&tsconfigPath=tsconfig.json&basePath=&assetPrefix=&nextConfigOutput=&preferredRegion=&middlewareConfig=e30%3D!:15:97)
    at (rsc)/./node_modules/next/dist/build/webpack/loaders/next-app-loader.js?name=app%2Fapi%2Fauth%2F%5B...nextauth%5D%2Froute&page=%2Fapi%2Fauth%2F%5B...nextauth%5D%2Froute&appPaths=&pagePath=private-next-app-dir%2Fapi%2Fauth%2F%5B...nextauth%5D%2Froute.ts&appDir=%2Fapp%2Fsrc%2Fapp&pageExtensions=tsx&pageExtensions=ts&pageExtensions=jsx&pageExtensions=js&rootDir=%2Fapp&isDev=true&tsconfigPath=tsconfig.json&basePath=&assetPrefix=&nextConfigOutput=&preferredRegion=&middlewareConfig=e30%3D! (/app/.next/server/app/api/auth/[...nextauth]/route.js:182:1)
    at __webpack_require__ (/app/.next/server/webpack-runtime.js:33:43)
    at __webpack_exec__ (/app/.next/server/app/api/auth/[...nextauth]/route.js:222:39)
    at /app/.next/server/app/api/auth/[...nextauth]/route.js:223:438
    at __webpack_require__.X (/app/.next/server/webpack-runtime.js:163:21)
    at /app/.next/server/app/api/auth/[...nextauth]/route.js:223:47
    at Object.<anonymous> (/app/.next/server/app/api/auth/[...nextauth]/route.js:226:3)
    at Module._compile (node:internal/modules/cjs/loader:1705:14)
    at Object..js (node:internal/modules/cjs/loader:1838:10)
    at Module.load (node:internal/modules/cjs/loader:1441:32)
    at Function._load (node:internal/modules/cjs/loader:1263:12)
    at TracingChannel.traceSync (node:diagnostics_channel:328:14)
    at wrapModuleLoad (node:internal/modules/cjs/loader:237:24)
    at Module.<anonymous> (node:internal/modules/cjs/loader:1463:12)
    at mod.require (/app/node_modules/next/dist/server/require-hook.js:65:28)
    at require (node:internal/modules/helpers:147:16)
    at requirePage (/app/node_modules/next/dist/server/require.js:109:84)
    at /app/node_modules/next/dist/server/load-components.js:103:84
    at async loadComponentsImpl (/app/node_modules/next/dist/server/load-components.js:103:26)
    at async DevServer.findPageComponentsImpl (/app/node_modules/next/dist/server/next-server.js:714:36)
    at async DevServer.findPageComponents (/app/node_modules/next/dist/server/dev/next-dev-server.js:577:20)
    at async DevServer.renderPageComponent (/app/node_modules/next/dist/server/base-server.js:1910:24)
    at async DevServer.renderToResponseImpl (/app/node_modules/next/dist/server/base-server.js:1962:32)
    at async DevServer.pipeImpl (/app/node_modules/next/dist/server/base-server.js:922:25)
    at async NextNodeServer.handleCatchallRenderRequest (/app/node_modules/next/dist/server/next-server.js:272:17)
    at async DevServer.handleRequestImpl (/app/node_modules/next/dist/server/base-server.js:818:17)
    at async /app/node_modules/next/dist/server/dev/next-dev-server.js:339:20
    at async Span.traceAsyncFn (/app/node_modules/next/dist/trace/trace.js:154:20)
    at async DevServer.handleRequest (/app/node_modules/next/dist/server/dev/next-dev-server.js:336:24)
    at async invokeRender (/app/node_modules/next/dist/server/lib/router-server.js:179:21)
    at async handleRequest (/app/node_modules/next/dist/server/lib/router-server.js:359:24)
    at async requestHandlerImpl (/app/node_modules/next/dist/server/lib/router-server.js:383:13)
    at async Server.requestListener (/app/node_modules/next/dist/server/lib/start-server.js:141:13) {
  clientVersion: '7.6.0',
  errorCode: undefined,
  retryable: undefined,
  page: '/api/auth/_log'
}
 GET /api/auth/session 500 in 73ms
 POST /api/auth/_log 500 in 53ms
 ⨯ PrismaClientInitializationError: `PrismaClient` needs to be constructed with a non-empty, valid `PrismaClientOptions`:

```
new PrismaClient({
  ...
})
```

or

```
constructor() {
  super({ ... });
}
```

    at new t (/app/node_modules/@prisma/client/runtime/client.js:70:1527)
    at prismaClientSingleton (webpack-internal:///(rsc)/./src/lib/prisma.ts:9:12)
    at eval (webpack-internal:///(rsc)/./src/lib/prisma.ts:11:43)
    at (rsc)/./src/lib/prisma.ts (/app/.next/server/app/api/auth/[...nextauth]/route.js:212:1)
    at __webpack_require__ (/app/.next/server/webpack-runtime.js:33:43)
    at eval (webpack-internal:///(rsc)/./src/lib/auth/authOptions.ts:10:69)
    at (rsc)/./src/lib/auth/authOptions.ts (/app/.next/server/app/api/auth/[...nextauth]/route.js:202:1)
    at __webpack_require__ (/app/.next/server/webpack-runtime.js:33:43)
    at eval (webpack-internal:///(rsc)/./src/app/api/auth/[...nextauth]/route.ts:8:79)
    at (rsc)/./src/app/api/auth/[...nextauth]/route.ts (/app/.next/server/app/api/auth/[...nextauth]/route.js:192:1)
    at __webpack_require__ (/app/.next/server/webpack-runtime.js:33:43)
    at eval (webpack-internal:///(rsc)/./node_modules/next/dist/build/webpack/loaders/next-app-loader.js?name=app%2Fapi%2Fauth%2F%5B...nextauth%5D%2Froute&page=%2Fapi%2Fauth%2F%5B...nextauth%5D%2Froute&appPaths=&pagePath=private-next-app-dir%2Fapi%2Fauth%2F%5B...nextauth%5D%2Froute.ts&appDir=%2Fapp%2Fsrc%2Fapp&pageExtensions=tsx&pageExtensions=ts&pageExtensions=jsx&pageExtensions=js&rootDir=%2Fapp&isDev=true&tsconfigPath=tsconfig.json&basePath=&assetPrefix=&nextConfigOutput=&preferredRegion=&middlewareConfig=e30%3D!:15:97)
    at (rsc)/./node_modules/next/dist/build/webpack/loaders/next-app-loader.js?name=app%2Fapi%2Fauth%2F%5B...nextauth%5D%2Froute&page=%2Fapi%2Fauth%2F%5B...nextauth%5D%2Froute&appPaths=&pagePath=private-next-app-dir%2Fapi%2Fauth%2F%5B...nextauth%5D%2Froute.ts&appDir=%2Fapp%2Fsrc%2Fapp&pageExtensions=tsx&pageExtensions=ts&pageExtensions=jsx&pageExtensions=js&rootDir=%2Fapp&isDev=true&tsconfigPath=tsconfig.json&basePath=&assetPrefix=&nextConfigOutput=&preferredRegion=&middlewareConfig=e30%3D! (/app/.next/server/app/api/auth/[...nextauth]/route.js:182:1)
    at __webpack_require__ (/app/.next/server/webpack-runtime.js:33:43)
    at __webpack_exec__ (/app/.next/server/app/api/auth/[...nextauth]/route.js:222:39)
    at /app/.next/server/app/api/auth/[...nextauth]/route.js:223:438
    at __webpack_require__.X (/app/.next/server/webpack-runtime.js:163:21)
    at /app/.next/server/app/api/auth/[...nextauth]/route.js:223:47
    at Object.<anonymous> (/app/.next/server/app/api/auth/[...nextauth]/route.js:226:3)
    at Module._compile (node:internal/modules/cjs/loader:1705:14)
    at Object..js (node:internal/modules/cjs/loader:1838:10)
    at Module.load (node:internal/modules/cjs/loader:1441:32)
    at Function._load (node:internal/modules/cjs/loader:1263:12)
    at TracingChannel.traceSync (node:diagnostics_channel:328:14)
    at wrapModuleLoad (node:internal/modules/cjs/loader:237:24)
    at Module.<anonymous> (node:internal/modules/cjs/loader:1463:12)
    at mod.require (/app/node_modules/next/dist/server/require-hook.js:65:28)
    at require (node:internal/modules/helpers:147:16)
    at requirePage (/app/node_modules/next/dist/server/require.js:109:84)
    at /app/node_modules/next/dist/server/load-components.js:103:84
    at async loadComponentsImpl (/app/node_modules/next/dist/server/load-components.js:103:26)
    at async DevServer.findPageComponentsImpl (/app/node_modules/next/dist/server/next-server.js:714:36)
    at async DevServer.findPageComponents (/app/node_modules/next/dist/server/dev/next-dev-server.js:577:20)
    at async DevServer.renderPageComponent (/app/node_modules/next/dist/server/base-server.js:1910:24)
    at async DevServer.renderToResponseImpl (/app/node_modules/next/dist/server/base-server.js:1962:32)
    at async DevServer.pipeImpl (/app/node_modules/next/dist/server/base-server.js:922:25)
    at async NextNodeServer.handleCatchallRenderRequest (/app/node_modules/next/dist/server/next-server.js:272:17)
    at async DevServer.handleRequestImpl (/app/node_modules/next/dist/server/base-server.js:818:17)
    at async /app/node_modules/next/dist/server/dev/next-dev-server.js:339:20
    at async Span.traceAsyncFn (/app/node_modules/next/dist/trace/trace.js:154:20)
    at async DevServer.handleRequest (/app/node_modules/next/dist/server/dev/next-dev-server.js:336:24)
    at async invokeRender (/app/node_modules/next/dist/server/lib/router-server.js:179:21)
    at async handleRequest (/app/node_modules/next/dist/server/lib/router-server.js:359:24)
    at async requestHandlerImpl (/app/node_modules/next/dist/server/lib/router-server.js:383:13)
    at async Server.requestListener (/app/node_modules/next/dist/server/lib/start-server.js:141:13) {
  clientVersion: '7.6.0',
  errorCode: undefined,
  retryable: undefined,
  page: '/api/auth/_log'
}
 POST /api/auth/_log 500 in 20ms
 ○ Compiling /new-order ...
 ⚠ ./src/app/new-order/page.tsx
Attempted import error: 'Instagram' is not exported from '__barrel_optimize__?names=ArrowLeft,CheckCircle2,ChevronRight,Instagram,Music,Send,Smartphone,Twitter,Youtube!=!lucide-react' (imported as 'Instagram').

Import trace for requested module:
./src/app/new-order/page.tsx

./src/app/new-order/page.tsx
Attempted import error: 'Youtube' is not exported from '__barrel_optimize__?names=ArrowLeft,CheckCircle2,ChevronRight,Instagram,Music,Send,Smartphone,Twitter,Youtube!=!lucide-react' (imported as 'Youtube').

Import trace for requested module:
./src/app/new-order/page.tsx

./src/app/new-order/page.tsx
Attempted import error: 'Twitter' is not exported from '__barrel_optimize__?names=ArrowLeft,CheckCircle2,ChevronRight,Instagram,Music,Send,Smartphone,Twitter,Youtube!=!lucide-react' (imported as 'Twitter').

Import trace for requested module:
./src/app/new-order/page.tsx

./src/app/new-order/page.tsx
Attempted import error: 'Instagram' is not exported from '__barrel_optimize__?names=ArrowLeft,CheckCircle2,ChevronRight,Instagram,Music,Send,Smartphone,Twitter,Youtube!=!lucide-react' (imported as 'Instagram').

Import trace for requested module:
./src/app/new-order/page.tsx

./src/app/new-order/page.tsx
Attempted import error: 'Youtube' is not exported from '__barrel_optimize__?names=ArrowLeft,CheckCircle2,ChevronRight,Instagram,Music,Send,Smartphone,Twitter,Youtube!=!lucide-react' (imported as 'Youtube').

Import trace for requested module:
./src/app/new-order/page.tsx

./src/app/new-order/page.tsx
Attempted import error: 'Twitter' is not exported from '__barrel_optimize__?names=ArrowLeft,CheckCircle2,ChevronRight,Instagram,Music,Send,Smartphone,Twitter,Youtube!=!lucide-react' (imported as 'Twitter').

Import trace for requested module:
./src/app/new-order/page.tsx
Warning: React.jsx: type is invalid -- expected a string (for built-in components) or a class/function (for composite components) but got: undefined. You likely forgot to export your component from the file it's defined in, or you might have mixed up default and named imports.
    at NewOrderPage (webpack-internal:///(ssr)/./src/app/new-order/page.tsx:99:76)
    at ClientPageRoot (webpack-internal:///(ssr)/./node_modules/next/dist/client/components/client-page.js:14:11)
    at Lazy
    at InnerLayoutRouter (webpack-internal:///(ssr)/./node_modules/next/dist/client/components/layout-router.js:242:11)
    at RedirectErrorBoundary (webpack-internal:///(ssr)/./node_modules/next/dist/client/components/redirect-boundary.js:73:9)
    at RedirectBoundary (webpack-internal:///(ssr)/./node_modules/next/dist/client/components/redirect-boundary.js:81:11)
    at NotFoundBoundary (webpack-internal:///(ssr)/./node_modules/next/dist/client/components/not-found-boundary.js:84:11)
    at LoadingBoundary (webpack-internal:///(ssr)/./node_modules/next/dist/client/components/layout-router.js:347:11)
    at ErrorBoundary (webpack-internal:///(ssr)/./node_modules/next/dist/client/components/error-boundary.js:158:11)
    at InnerScrollAndFocusHandler (webpack-internal:///(ssr)/./node_modules/next/dist/client/components/layout-router.js:153:9)
    at ScrollAndFocusHandler (webpack-internal:///(ssr)/./node_modules/next/dist/client/components/layout-router.js:228:11)
    at RenderFromTemplateContext (webpack-internal:///(ssr)/./node_modules/next/dist/client/components/render-from-template-context.js:16:44)
    at Lazy
    at OuterLayoutRouter (webpack-internal:///(ssr)/./node_modules/next/dist/client/components/layout-router.js:367:11)
    at Lazy
    at main
    at MotionDOMComponent (webpack-internal:///(ssr)/./node_modules/framer-motion/dist/es/motion/index.mjs:60:65)
    at div
    at div
    at AppLayout (webpack-internal:///(ssr)/./src/components/layout/AppLayout.tsx:14:22)
    at Lazy
    at InnerLayoutRouter (webpack-internal:///(ssr)/./node_modules/next/dist/client/components/layout-router.js:242:11)
    at RedirectErrorBoundary (webpack-internal:///(ssr)/./node_modules/next/dist/client/components/redirect-boundary.js:73:9)
    at RedirectBoundary (webpack-internal:///(ssr)/./node_modules/next/dist/client/components/redirect-boundary.js:81:11)
    at NotFoundErrorBoundary (webpack-internal:///(ssr)/./node_modules/next/dist/client/components/not-found-boundary.js:76:9)
    at NotFoundBoundary (webpack-internal:///(ssr)/./node_modules/next/dist/client/components/not-found-boundary.js:84:11)
    at LoadingBoundary (webpack-internal:///(ssr)/./node_modules/next/dist/client/components/layout-router.js:347:11)
    at ErrorBoundary (webpack-internal:///(ssr)/./node_modules/next/dist/client/components/error-boundary.js:158:11)
    at InnerScrollAndFocusHandler (webpack-internal:///(ssr)/./node_modules/next/dist/client/components/layout-router.js:153:9)
    at ScrollAndFocusHandler (webpack-internal:///(ssr)/./node_modules/next/dist/client/components/layout-router.js:228:11)
    at RenderFromTemplateContext (webpack-internal:///(ssr)/./node_modules/next/dist/client/components/render-from-template-context.js:16:44)
    at Lazy
    at OuterLayoutRouter (webpack-internal:///(ssr)/./node_modules/next/dist/client/components/layout-router.js:367:11)
    at Lazy
    at PopChildMeasure (webpack-internal:///(ssr)/./node_modules/framer-motion/dist/es/components/AnimatePresence/PopChild.mjs:19:5)
    at PopChild (webpack-internal:///(ssr)/./node_modules/framer-motion/dist/es/components/AnimatePresence/PopChild.mjs:44:21)
    at PresenceChild (webpack-internal:///(ssr)/./node_modules/framer-motion/dist/es/components/AnimatePresence/PresenceChild.mjs:16:26)
    at AnimatePresence (webpack-internal:///(ssr)/./node_modules/framer-motion/dist/es/components/AnimatePresence/index.mjs:53:32)
    at SessionProvider (webpack-internal:///(ssr)/./node_modules/next-auth/react/index.js:364:24)
    at Providers (webpack-internal:///(ssr)/./src/app/providers.tsx:13:22)
    at Lazy
    at body
    at html
    at RedirectErrorBoundary (webpack-internal:///(ssr)/./node_modules/next/dist/client/components/redirect-boundary.js:73:9)
    at RedirectBoundary (webpack-internal:///(ssr)/./node_modules/next/dist/client/components/redirect-boundary.js:81:11)
    at ReactDevOverlay (webpack-internal:///(ssr)/./node_modules/next/dist/client/components/react-dev-overlay/app/ReactDevOverlay.js:87:9)
    at HotReload (webpack-internal:///(ssr)/./node_modules/next/dist/client/components/react-dev-overlay/app/hot-reloader-client.js:322:11)
    at Router (webpack-internal:///(ssr)/./node_modules/next/dist/client/components/app-router.js:202:11)
    at ErrorBoundaryHandler (webpack-internal:///(ssr)/./node_modules/next/dist/client/components/error-boundary.js:112:9)
    at ErrorBoundary (webpack-internal:///(ssr)/./node_modules/next/dist/client/components/error-boundary.js:158:11)
    at AppRouter (webpack-internal:///(ssr)/./node_modules/next/dist/client/components/app-router.js:564:13)
    at Lazy
    at r7 (/app/node_modules/next/dist/compiled/next-server/app-page.runtime.dev.js:40:19155)
    at r7 (/app/node_modules/next/dist/compiled/next-server/app-page.runtime.dev.js:40:19155)
    at ServerInsertedHTMLProvider (/app/node_modules/next/dist/compiled/next-server/app-page.runtime.dev.js:40:24939)
Warning: React.jsx: type is invalid -- expected a string (for built-in components) or a class/function (for composite components) but got: undefined. You likely forgot to export your component from the file it's defined in, or you might have mixed up default and named imports.
    at NewOrderPage (webpack-internal:///(ssr)/./src/app/new-order/page.tsx:99:76)
    at ClientPageRoot (webpack-internal:///(ssr)/./node_modules/next/dist/client/components/client-page.js:14:11)
    at Lazy
    at InnerLayoutRouter (webpack-internal:///(ssr)/./node_modules/next/dist/client/components/layout-router.js:242:11)
    at RedirectErrorBoundary (webpack-internal:///(ssr)/./node_modules/next/dist/client/components/redirect-boundary.js:73:9)
    at RedirectBoundary (webpack-internal:///(ssr)/./node_modules/next/dist/client/components/redirect-boundary.js:81:11)
    at NotFoundBoundary (webpack-internal:///(ssr)/./node_modules/next/dist/client/components/not-found-boundary.js:84:11)
    at LoadingBoundary (webpack-internal:///(ssr)/./node_modules/next/dist/client/components/layout-router.js:347:11)
    at ErrorBoundary (webpack-internal:///(ssr)/./node_modules/next/dist/client/components/error-boundary.js:158:11)
    at InnerScrollAndFocusHandler (webpack-internal:///(ssr)/./node_modules/next/dist/client/components/layout-router.js:153:9)
    at ScrollAndFocusHandler (webpack-internal:///(ssr)/./node_modules/next/dist/client/components/layout-router.js:228:11)
    at RenderFromTemplateContext (webpack-internal:///(ssr)/./node_modules/next/dist/client/components/render-from-template-context.js:16:44)
    at Lazy
    at OuterLayoutRouter (webpack-internal:///(ssr)/./node_modules/next/dist/client/components/layout-router.js:367:11)
    at Lazy
    at main
    at MotionDOMComponent (webpack-internal:///(ssr)/./node_modules/framer-motion/dist/es/motion/index.mjs:60:65)
    at div
    at div
    at AppLayout (webpack-internal:///(ssr)/./src/components/layout/AppLayout.tsx:14:22)
    at Lazy
    at InnerLayoutRouter (webpack-internal:///(ssr)/./node_modules/next/dist/client/components/layout-router.js:242:11)
    at RedirectErrorBoundary (webpack-internal:///(ssr)/./node_modules/next/dist/client/components/redirect-boundary.js:73:9)
    at RedirectBoundary (webpack-internal:///(ssr)/./node_modules/next/dist/client/components/redirect-boundary.js:81:11)
    at NotFoundErrorBoundary (webpack-internal:///(ssr)/./node_modules/next/dist/client/components/not-found-boundary.js:76:9)
    at NotFoundBoundary (webpack-internal:///(ssr)/./node_modules/next/dist/client/components/not-found-boundary.js:84:11)
    at LoadingBoundary (webpack-internal:///(ssr)/./node_modules/next/dist/client/components/layout-router.js:347:11)
    at ErrorBoundary (webpack-internal:///(ssr)/./node_modules/next/dist/client/components/error-boundary.js:158:11)
    at InnerScrollAndFocusHandler (webpack-internal:///(ssr)/./node_modules/next/dist/client/components/layout-router.js:153:9)
    at ScrollAndFocusHandler (webpack-internal:///(ssr)/./node_modules/next/dist/client/components/layout-router.js:228:11)
    at RenderFromTemplateContext (webpack-internal:///(ssr)/./node_modules/next/dist/client/components/render-from-template-context.js:16:44)
    at Lazy
    at OuterLayoutRouter (webpack-internal:///(ssr)/./node_modules/next/dist/client/components/layout-router.js:367:11)
    at Lazy
    at PopChildMeasure (webpack-internal:///(ssr)/./node_modules/framer-motion/dist/es/components/AnimatePresence/PopChild.mjs:19:5)
    at PopChild (webpack-internal:///(ssr)/./node_modules/framer-motion/dist/es/components/AnimatePresence/PopChild.mjs:44:21)
    at PresenceChild (webpack-internal:///(ssr)/./node_modules/framer-motion/dist/es/components/AnimatePresence/PresenceChild.mjs:16:26)
    at AnimatePresence (webpack-internal:///(ssr)/./node_modules/framer-motion/dist/es/components/AnimatePresence/index.mjs:53:32)
    at SessionProvider (webpack-internal:///(ssr)/./node_modules/next-auth/react/index.js:364:24)
    at Providers (webpack-internal:///(ssr)/./src/app/providers.tsx:13:22)
    at Lazy
    at body
    at html
    at RedirectErrorBoundary (webpack-internal:///(ssr)/./node_modules/next/dist/client/components/redirect-boundary.js:73:9)
    at RedirectBoundary (webpack-internal:///(ssr)/./node_modules/next/dist/client/components/redirect-boundary.js:81:11)
    at ReactDevOverlay (webpack-internal:///(ssr)/./node_modules/next/dist/client/components/react-dev-overlay/app/ReactDevOverlay.js:87:9)
    at HotReload (webpack-internal:///(ssr)/./node_modules/next/dist/client/components/react-dev-overlay/app/hot-reloader-client.js:322:11)
    at Router (webpack-internal:///(ssr)/./node_modules/next/dist/client/components/app-router.js:202:11)
    at ErrorBoundaryHandler (webpack-internal:///(ssr)/./node_modules/next/dist/client/components/error-boundary.js:112:9)
    at ErrorBoundary (webpack-internal:///(ssr)/./node_modules/next/dist/client/components/error-boundary.js:158:11)
    at AppRouter (webpack-internal:///(ssr)/./node_modules/next/dist/client/components/app-router.js:564:13)
    at Lazy
    at r7 (/app/node_modules/next/dist/compiled/next-server/app-page.runtime.dev.js:40:19155)
    at r7 (/app/node_modules/next/dist/compiled/next-server/app-page.runtime.dev.js:40:19155)
    at ServerInsertedHTMLProvider (/app/node_modules/next/dist/compiled/next-server/app-page.runtime.dev.js:40:24939)
Warning: React.jsx: type is invalid -- expected a string (for built-in components) or a class/function (for composite components) but got: undefined. You likely forgot to export your component from the file it's defined in, or you might have mixed up default and named imports.
    at NewOrderPage (webpack-internal:///(ssr)/./src/app/new-order/page.tsx:99:76)
    at ClientPageRoot (webpack-internal:///(ssr)/./node_modules/next/dist/client/components/client-page.js:14:11)
    at Lazy
    at InnerLayoutRouter (webpack-internal:///(ssr)/./node_modules/next/dist/client/components/layout-router.js:242:11)
    at RedirectErrorBoundary (webpack-internal:///(ssr)/./node_modules/next/dist/client/components/redirect-boundary.js:73:9)
    at RedirectBoundary (webpack-internal:///(ssr)/./node_modules/next/dist/client/components/redirect-boundary.js:81:11)
    at NotFoundBoundary (webpack-internal:///(ssr)/./node_modules/next/dist/client/components/not-found-boundary.js:84:11)
    at LoadingBoundary (webpack-internal:///(ssr)/./node_modules/next/dist/client/components/layout-router.js:347:11)
    at ErrorBoundary (webpack-internal:///(ssr)/./node_modules/next/dist/client/components/error-boundary.js:158:11)
    at InnerScrollAndFocusHandler (webpack-internal:///(ssr)/./node_modules/next/dist/client/components/layout-router.js:153:9)
    at ScrollAndFocusHandler (webpack-internal:///(ssr)/./node_modules/next/dist/client/components/layout-router.js:228:11)
    at RenderFromTemplateContext (webpack-internal:///(ssr)/./node_modules/next/dist/client/components/render-from-template-context.js:16:44)
    at Lazy
    at OuterLayoutRouter (webpack-internal:///(ssr)/./node_modules/next/dist/client/components/layout-router.js:367:11)
    at Lazy
    at main
    at MotionDOMComponent (webpack-internal:///(ssr)/./node_modules/framer-motion/dist/es/motion/index.mjs:60:65)
    at div
    at div
    at AppLayout (webpack-internal:///(ssr)/./src/components/layout/AppLayout.tsx:14:22)
    at Lazy
    at InnerLayoutRouter (webpack-internal:///(ssr)/./node_modules/next/dist/client/components/layout-router.js:242:11)
    at RedirectErrorBoundary (webpack-internal:///(ssr)/./node_modules/next/dist/client/components/redirect-boundary.js:73:9)
    at RedirectBoundary (webpack-internal:///(ssr)/./node_modules/next/dist/client/components/redirect-boundary.js:81:11)
    at NotFoundErrorBoundary (webpack-internal:///(ssr)/./node_modules/next/dist/client/components/not-found-boundary.js:76:9)
    at NotFoundBoundary (webpack-internal:///(ssr)/./node_modules/next/dist/client/components/not-found-boundary.js:84:11)
    at LoadingBoundary (webpack-internal:///(ssr)/./node_modules/next/dist/client/components/layout-router.js:347:11)
    at ErrorBoundary (webpack-internal:///(ssr)/./node_modules/next/dist/client/components/error-boundary.js:158:11)
    at InnerScrollAndFocusHandler (webpack-internal:///(ssr)/./node_modules/next/dist/client/components/layout-router.js:153:9)
    at ScrollAndFocusHandler (webpack-internal:///(ssr)/./node_modules/next/dist/client/components/layout-router.js:228:11)
    at RenderFromTemplateContext (webpack-internal:///(ssr)/./node_modules/next/dist/client/components/render-from-template-context.js:16:44)
    at Lazy
    at OuterLayoutRouter (webpack-internal:///(ssr)/./node_modules/next/dist/client/components/layout-router.js:367:11)
    at Lazy
    at PopChildMeasure (webpack-internal:///(ssr)/./node_modules/framer-motion/dist/es/components/AnimatePresence/PopChild.mjs:19:5)
    at PopChild (webpack-internal:///(ssr)/./node_modules/framer-motion/dist/es/components/AnimatePresence/PopChild.mjs:44:21)
    at PresenceChild (webpack-internal:///(ssr)/./node_modules/framer-motion/dist/es/components/AnimatePresence/PresenceChild.mjs:16:26)
    at AnimatePresence (webpack-internal:///(ssr)/./node_modules/framer-motion/dist/es/components/AnimatePresence/index.mjs:53:32)
    at SessionProvider (webpack-internal:///(ssr)/./node_modules/next-auth/react/index.js:364:24)
    at Providers (webpack-internal:///(ssr)/./src/app/providers.tsx:13:22)
    at Lazy
    at body
    at html
    at RedirectErrorBoundary (webpack-internal:///(ssr)/./node_modules/next/dist/client/components/redirect-boundary.js:73:9)
    at RedirectBoundary (webpack-internal:///(ssr)/./node_modules/next/dist/client/components/redirect-boundary.js:81:11)
    at ReactDevOverlay (webpack-internal:///(ssr)/./node_modules/next/dist/client/components/react-dev-overlay/app/ReactDevOverlay.js:87:9)
    at HotReload (webpack-internal:///(ssr)/./node_modules/next/dist/client/components/react-dev-overlay/app/hot-reloader-client.js:322:11)
    at Router (webpack-internal:///(ssr)/./node_modules/next/dist/client/components/app-router.js:202:11)
    at ErrorBoundaryHandler (webpack-internal:///(ssr)/./node_modules/next/dist/client/components/error-boundary.js:112:9)
    at ErrorBoundary (webpack-internal:///(ssr)/./node_modules/next/dist/client/components/error-boundary.js:158:11)
    at AppRouter (webpack-internal:///(ssr)/./node_modules/next/dist/client/components/app-router.js:564:13)
    at Lazy
    at r7 (/app/node_modules/next/dist/compiled/next-server/app-page.runtime.dev.js:40:19155)
    at r7 (/app/node_modules/next/dist/compiled/next-server/app-page.runtime.dev.js:40:19155)
    at ServerInsertedHTMLProvider (/app/node_modules/next/dist/compiled/next-server/app-page.runtime.dev.js:40:24939)
 ⨯ Internal error: Error: Element type is invalid: expected a string (for built-in components) or a class/function (for composite components) but got: undefined. You likely forgot to export your component from the file it's defined in, or you might have mixed up default and named imports.
    at aw (/app/node_modules/next/dist/compiled/next-server/app-page.runtime.dev.js:35:46775)
    at a_ (/app/node_modules/next/dist/compiled/next-server/app-page.runtime.dev.js:35:49776)
    at aj (/app/node_modules/next/dist/compiled/next-server/app-page.runtime.dev.js:35:53793)
    at aC (/app/node_modules/next/dist/compiled/next-server/app-page.runtime.dev.js:35:52874)
    at a_ (/app/node_modules/next/dist/compiled/next-server/app-page.runtime.dev.js:35:50095)
    at aj (/app/node_modules/next/dist/compiled/next-server/app-page.runtime.dev.js:35:53793)
    at /app/node_modules/next/dist/compiled/next-server/app-page.runtime.dev.js:35:42336
    at aw (/app/node_modules/next/dist/compiled/next-server/app-page.runtime.dev.js:35:42822)
    at a_ (/app/node_modules/next/dist/compiled/next-server/app-page.runtime.dev.js:35:49776)
    at aj (/app/node_modules/next/dist/compiled/next-server/app-page.runtime.dev.js:35:53793)
    at aC (/app/node_modules/next/dist/compiled/next-server/app-page.runtime.dev.js:35:52874)
    at a_ (/app/node_modules/next/dist/compiled/next-server/app-page.runtime.dev.js:35:50095)
    at aj (/app/node_modules/next/dist/compiled/next-server/app-page.runtime.dev.js:35:53793)
    at /app/node_modules/next/dist/compiled/next-server/app-page.runtime.dev.js:35:42336
    at aw (/app/node_modules/next/dist/compiled/next-server/app-page.runtime.dev.js:35:42822)
    at a_ (/app/node_modules/next/dist/compiled/next-server/app-page.runtime.dev.js:35:49776)
    at aj (/app/node_modules/next/dist/compiled/next-server/app-page.runtime.dev.js:35:53793)
    at aC (/app/node_modules/next/dist/compiled/next-server/app-page.runtime.dev.js:35:52874)
    at a_ (/app/node_modules/next/dist/compiled/next-server/app-page.runtime.dev.js:35:50095)
    at aw (/app/node_modules/next/dist/compiled/next-server/app-page.runtime.dev.js:35:45321)
    at a_ (/app/node_modules/next/dist/compiled/next-server/app-page.runtime.dev.js:35:49776)
    at ab (/app/node_modules/next/dist/compiled/next-server/app-page.runtime.dev.js:35:11808)
    at aw (/app/node_modules/next/dist/compiled/next-server/app-page.runtime.dev.js:35:44769)
    at a_ (/app/node_modules/next/dist/compiled/next-server/app-page.runtime.dev.js:35:49776)
    at ac (/app/node_modules/next/dist/compiled/next-server/app-page.runtime.dev.js:35:11400)
    at aw (/app/node_modules/next/dist/compiled/next-server/app-page.runtime.dev.js:35:14707)
    at a_ (/app/node_modules/next/dist/compiled/next-server/app-page.runtime.dev.js:35:49776)
    at aj (/app/node_modules/next/dist/compiled/next-server/app-page.runtime.dev.js:35:53793)
    at ab (/app/node_modules/next/dist/compiled/next-server/app-page.runtime.dev.js:35:11759)
    at /app/node_modules/next/dist/compiled/next-server/app-page.runtime.dev.js:35:16871
    at aw (/app/node_modules/next/dist/compiled/next-server/app-page.runtime.dev.js:35:16908)
    at a_ (/app/node_modules/next/dist/compiled/next-server/app-page.runtime.dev.js:35:49776)
    at aw (/app/node_modules/next/dist/compiled/next-server/app-page.runtime.dev.js:35:45321)
    at a_ (/app/node_modules/next/dist/compiled/next-server/app-page.runtime.dev.js:35:49776)
    at aj (/app/node_modules/next/dist/compiled/next-server/app-page.runtime.dev.js:35:53793)
    at ab (/app/node_modules/next/dist/compiled/next-server/app-page.runtime.dev.js:35:11759)
    at /app/node_modules/next/dist/compiled/next-server/app-page.runtime.dev.js:35:16871
    at aw (/app/node_modules/next/dist/compiled/next-server/app-page.runtime.dev.js:35:16908)
    at a_ (/app/node_modules/next/dist/compiled/next-server/app-page.runtime.dev.js:35:49776)
    at aj (/app/node_modules/next/dist/compiled/next-server/app-page.runtime.dev.js:35:53793)
    at aC (/app/node_modules/next/dist/compiled/next-server/app-page.runtime.dev.js:35:52874)
    at a_ (/app/node_modules/next/dist/compiled/next-server/app-page.runtime.dev.js:35:50095)
    at aw (/app/node_modules/next/dist/compiled/next-server/app-page.runtime.dev.js:35:42922)
    at a_ (/app/node_modules/next/dist/compiled/next-server/app-page.runtime.dev.js:35:49776)
    at aj (/app/node_modules/next/dist/compiled/next-server/app-page.runtime.dev.js:35:53793)
    at ab (/app/node_modules/next/dist/compiled/next-server/app-page.runtime.dev.js:35:11759)
    at /app/node_modules/next/dist/compiled/next-server/app-page.runtime.dev.js:35:16871
    at aw (/app/node_modules/next/dist/compiled/next-server/app-page.runtime.dev.js:35:16908)
    at a_ (/app/node_modules/next/dist/compiled/next-server/app-page.runtime.dev.js:35:49776)
    at aj (/app/node_modules/next/dist/compiled/next-server/app-page.runtime.dev.js:35:53793)
digest: "1990016418"
 GET /new-order 500 in 3095ms
 GET /orders 200 in 56ms
 ⨯ PrismaClientInitializationError: `PrismaClient` needs to be constructed with a non-empty, valid `PrismaClientOptions`:

```
new PrismaClient({
  ...
})
```

or

```
constructor() {
  super({ ... });
}
```

    at new t (/app/node_modules/@prisma/client/runtime/client.js:70:1527)
    at prismaClientSingleton (webpack-internal:///(rsc)/./src/lib/prisma.ts:9:12)
    at eval (webpack-internal:///(rsc)/./src/lib/prisma.ts:11:43)
    at (rsc)/./src/lib/prisma.ts (/app/.next/server/app/api/auth/[...nextauth]/route.js:212:1)
    at __webpack_require__ (/app/.next/server/webpack-runtime.js:33:43)
    at eval (webpack-internal:///(rsc)/./src/lib/auth/authOptions.ts:10:69)
    at (rsc)/./src/lib/auth/authOptions.ts (/app/.next/server/app/api/auth/[...nextauth]/route.js:202:1)
    at __webpack_require__ (/app/.next/server/webpack-runtime.js:33:43)
    at eval (webpack-internal:///(rsc)/./src/app/api/auth/[...nextauth]/route.ts:8:79)
    at (rsc)/./src/app/api/auth/[...nextauth]/route.ts (/app/.next/server/app/api/auth/[...nextauth]/route.js:192:1)
    at __webpack_require__ (/app/.next/server/webpack-runtime.js:33:43)
    at eval (webpack-internal:///(rsc)/./node_modules/next/dist/build/webpack/loaders/next-app-loader.js?name=app%2Fapi%2Fauth%2F%5B...nextauth%5D%2Froute&page=%2Fapi%2Fauth%2F%5B...nextauth%5D%2Froute&appPaths=&pagePath=private-next-app-dir%2Fapi%2Fauth%2F%5B...nextauth%5D%2Froute.ts&appDir=%2Fapp%2Fsrc%2Fapp&pageExtensions=tsx&pageExtensions=ts&pageExtensions=jsx&pageExtensions=js&rootDir=%2Fapp&isDev=true&tsconfigPath=tsconfig.json&basePath=&assetPrefix=&nextConfigOutput=&preferredRegion=&middlewareConfig=e30%3D!:15:97)
    at (rsc)/./node_modules/next/dist/build/webpack/loaders/next-app-loader.js?name=app%2Fapi%2Fauth%2F%5B...nextauth%5D%2Froute&page=%2Fapi%2Fauth%2F%5B...nextauth%5D%2Froute&appPaths=&pagePath=private-next-app-dir%2Fapi%2Fauth%2F%5B...nextauth%5D%2Froute.ts&appDir=%2Fapp%2Fsrc%2Fapp&pageExtensions=tsx&pageExtensions=ts&pageExtensions=jsx&pageExtensions=js&rootDir=%2Fapp&isDev=true&tsconfigPath=tsconfig.json&basePath=&assetPrefix=&nextConfigOutput=&preferredRegion=&middlewareConfig=e30%3D! (/app/.next/server/app/api/auth/[...nextauth]/route.js:182:1)
    at __webpack_require__ (/app/.next/server/webpack-runtime.js:33:43)
    at __webpack_exec__ (/app/.next/server/app/api/auth/[...nextauth]/route.js:222:39)
    at /app/.next/server/app/api/auth/[...nextauth]/route.js:223:438
    at __webpack_require__.X (/app/.next/server/webpack-runtime.js:163:21)
    at /app/.next/server/app/api/auth/[...nextauth]/route.js:223:47
    at Object.<anonymous> (/app/.next/server/app/api/auth/[...nextauth]/route.js:226:3)
    at Module._compile (node:internal/modules/cjs/loader:1705:14)
    at Object..js (node:internal/modules/cjs/loader:1838:10)
    at Module.load (node:internal/modules/cjs/loader:1441:32)
    at Function._load (node:internal/modules/cjs/loader:1263:12)
    at TracingChannel.traceSync (node:diagnostics_channel:328:14)
    at wrapModuleLoad (node:internal/modules/cjs/loader:237:24)
    at Module.<anonymous> (node:internal/modules/cjs/loader:1463:12)
    at mod.require (/app/node_modules/next/dist/server/require-hook.js:65:28)
    at require (node:internal/modules/helpers:147:16)
    at requirePage (/app/node_modules/next/dist/server/require.js:109:84)
    at /app/node_modules/next/dist/server/load-components.js:103:84
    at async loadComponentsImpl (/app/node_modules/next/dist/server/load-components.js:103:26)
    at async DevServer.findPageComponentsImpl (/app/node_modules/next/dist/server/next-server.js:714:36)
    at async DevServer.findPageComponents (/app/node_modules/next/dist/server/dev/next-dev-server.js:577:20)
    at async DevServer.renderPageComponent (/app/node_modules/next/dist/server/base-server.js:1910:24)
    at async DevServer.renderToResponseImpl (/app/node_modules/next/dist/server/base-server.js:1962:32)
    at async DevServer.pipeImpl (/app/node_modules/next/dist/server/base-server.js:922:25)
    at async NextNodeServer.handleCatchallRenderRequest (/app/node_modules/next/dist/server/next-server.js:272:17)
    at async DevServer.handleRequestImpl (/app/node_modules/next/dist/server/base-server.js:818:17)
    at async /app/node_modules/next/dist/server/dev/next-dev-server.js:339:20
    at async Span.traceAsyncFn (/app/node_modules/next/dist/trace/trace.js:154:20)
    at async DevServer.handleRequest (/app/node_modules/next/dist/server/dev/next-dev-server.js:336:24)
    at async invokeRender (/app/node_modules/next/dist/server/lib/router-server.js:179:21)
    at async handleRequest (/app/node_modules/next/dist/server/lib/router-server.js:359:24)
    at async requestHandlerImpl (/app/node_modules/next/dist/server/lib/router-server.js:383:13)
    at async Server.requestListener (/app/node_modules/next/dist/server/lib/start-server.js:141:13) {
  clientVersion: '7.6.0',
  errorCode: undefined,
  retryable: undefined,
  page: '/api/auth/session'
}
 GET /api/auth/session 500 in 160ms
 ⨯ PrismaClientInitializationError: `PrismaClient` needs to be constructed with a non-empty, valid `PrismaClientOptions`:

```
new PrismaClient({
  ...
})
```

or

```
constructor() {
  super({ ... });
}
```

    at new t (/app/node_modules/@prisma/client/runtime/client.js:70:1527)
    at prismaClientSingleton (webpack-internal:///(rsc)/./src/lib/prisma.ts:9:12)
    at eval (webpack-internal:///(rsc)/./src/lib/prisma.ts:11:43)
    at (rsc)/./src/lib/prisma.ts (/app/.next/server/app/api/auth/[...nextauth]/route.js:212:1)
    at __webpack_require__ (/app/.next/server/webpack-runtime.js:33:43)
    at eval (webpack-internal:///(rsc)/./src/lib/auth/authOptions.ts:10:69)
    at (rsc)/./src/lib/auth/authOptions.ts (/app/.next/server/app/api/auth/[...nextauth]/route.js:202:1)
    at __webpack_require__ (/app/.next/server/webpack-runtime.js:33:43)
    at eval (webpack-internal:///(rsc)/./src/app/api/auth/[...nextauth]/route.ts:8:79)
    at (rsc)/./src/app/api/auth/[...nextauth]/route.ts (/app/.next/server/app/api/auth/[...nextauth]/route.js:192:1)
    at __webpack_require__ (/app/.next/server/webpack-runtime.js:33:43)
    at eval (webpack-internal:///(rsc)/./node_modules/next/dist/build/webpack/loaders/next-app-loader.js?name=app%2Fapi%2Fauth%2F%5B...nextauth%5D%2Froute&page=%2Fapi%2Fauth%2F%5B...nextauth%5D%2Froute&appPaths=&pagePath=private-next-app-dir%2Fapi%2Fauth%2F%5B...nextauth%5D%2Froute.ts&appDir=%2Fapp%2Fsrc%2Fapp&pageExtensions=tsx&pageExtensions=ts&pageExtensions=jsx&pageExtensions=js&rootDir=%2Fapp&isDev=true&tsconfigPath=tsconfig.json&basePath=&assetPrefix=&nextConfigOutput=&preferredRegion=&middlewareConfig=e30%3D!:15:97)
    at (rsc)/./node_modules/next/dist/build/webpack/loaders/next-app-loader.js?name=app%2Fapi%2Fauth%2F%5B...nextauth%5D%2Froute&page=%2Fapi%2Fauth%2F%5B...nextauth%5D%2Froute&appPaths=&pagePath=private-next-app-dir%2Fapi%2Fauth%2F%5B...nextauth%5D%2Froute.ts&appDir=%2Fapp%2Fsrc%2Fapp&pageExtensions=tsx&pageExtensions=ts&pageExtensions=jsx&pageExtensions=js&rootDir=%2Fapp&isDev=true&tsconfigPath=tsconfig.json&basePath=&assetPrefix=&nextConfigOutput=&preferredRegion=&middlewareConfig=e30%3D! (/app/.next/server/app/api/auth/[...nextauth]/route.js:182:1)
    at __webpack_require__ (/app/.next/server/webpack-runtime.js:33:43)
    at __webpack_exec__ (/app/.next/server/app/api/auth/[...nextauth]/route.js:222:39)
    at /app/.next/server/app/api/auth/[...nextauth]/route.js:223:438
    at __webpack_require__.X (/app/.next/server/webpack-runtime.js:163:21)
    at /app/.next/server/app/api/auth/[...nextauth]/route.js:223:47
    at Object.<anonymous> (/app/.next/server/app/api/auth/[...nextauth]/route.js:226:3)
    at Module._compile (node:internal/modules/cjs/loader:1705:14)
    at Object..js (node:internal/modules/cjs/loader:1838:10)
    at Module.load (node:internal/modules/cjs/loader:1441:32)
    at Function._load (node:internal/modules/cjs/loader:1263:12)
    at TracingChannel.traceSync (node:diagnostics_channel:328:14)
    at wrapModuleLoad (node:internal/modules/cjs/loader:237:24)
    at Module.<anonymous> (node:internal/modules/cjs/loader:1463:12)
    at mod.require (/app/node_modules/next/dist/server/require-hook.js:65:28)
    at require (node:internal/modules/helpers:147:16)
    at requirePage (/app/node_modules/next/dist/server/require.js:109:84)
    at /app/node_modules/next/dist/server/load-components.js:103:84
    at async loadComponentsImpl (/app/node_modules/next/dist/server/load-components.js:103:26)
    at async DevServer.findPageComponentsImpl (/app/node_modules/next/dist/server/next-server.js:714:36)
    at async DevServer.findPageComponents (/app/node_modules/next/dist/server/dev/next-dev-server.js:577:20)
    at async DevServer.renderPageComponent (/app/node_modules/next/dist/server/base-server.js:1910:24)
    at async DevServer.renderToResponseImpl (/app/node_modules/next/dist/server/base-server.js:1962:32)
    at async DevServer.pipeImpl (/app/node_modules/next/dist/server/base-server.js:922:25)
    at async NextNodeServer.handleCatchallRenderRequest (/app/node_modules/next/dist/server/next-server.js:272:17)
    at async DevServer.handleRequestImpl (/app/node_modules/next/dist/server/base-server.js:818:17)
    at async /app/node_modules/next/dist/server/dev/next-dev-server.js:339:20
    at async Span.traceAsyncFn (/app/node_modules/next/dist/trace/trace.js:154:20)
    at async DevServer.handleRequest (/app/node_modules/next/dist/server/dev/next-dev-server.js:336:24)
    at async invokeRender (/app/node_modules/next/dist/server/lib/router-server.js:179:21)
    at async handleRequest (/app/node_modules/next/dist/server/lib/router-server.js:359:24)
    at async requestHandlerImpl (/app/node_modules/next/dist/server/lib/router-server.js:383:13)
    at async Server.requestListener (/app/node_modules/next/dist/server/lib/start-server.js:141:13) {
  clientVersion: '7.6.0',
  errorCode: undefined,
  retryable: undefined,
  page: '/api/auth/session'
}
 GET /api/auth/session 500 in 35ms
 ⨯ PrismaClientInitializationError: `PrismaClient` needs to be constructed with a non-empty, valid `PrismaClientOptions`:

```
new PrismaClient({
  ...
})
```

or

```
constructor() {
  super({ ... });
}
```

    at new t (/app/node_modules/@prisma/client/runtime/client.js:70:1527)
    at prismaClientSingleton (webpack-internal:///(rsc)/./src/lib/prisma.ts:9:12)
    at eval (webpack-internal:///(rsc)/./src/lib/prisma.ts:11:43)
    at (rsc)/./src/lib/prisma.ts (/app/.next/server/app/api/auth/[...nextauth]/route.js:212:1)
    at __webpack_require__ (/app/.next/server/webpack-runtime.js:33:43)
    at eval (webpack-internal:///(rsc)/./src/lib/auth/authOptions.ts:10:69)
    at (rsc)/./src/lib/auth/authOptions.ts (/app/.next/server/app/api/auth/[...nextauth]/route.js:202:1)
    at __webpack_require__ (/app/.next/server/webpack-runtime.js:33:43)
    at eval (webpack-internal:///(rsc)/./src/app/api/auth/[...nextauth]/route.ts:8:79)
    at (rsc)/./src/app/api/auth/[...nextauth]/route.ts (/app/.next/server/app/api/auth/[...nextauth]/route.js:192:1)
    at __webpack_require__ (/app/.next/server/webpack-runtime.js:33:43)
    at eval (webpack-internal:///(rsc)/./node_modules/next/dist/build/webpack/loaders/next-app-loader.js?name=app%2Fapi%2Fauth%2F%5B...nextauth%5D%2Froute&page=%2Fapi%2Fauth%2F%5B...nextauth%5D%2Froute&appPaths=&pagePath=private-next-app-dir%2Fapi%2Fauth%2F%5B...nextauth%5D%2Froute.ts&appDir=%2Fapp%2Fsrc%2Fapp&pageExtensions=tsx&pageExtensions=ts&pageExtensions=jsx&pageExtensions=js&rootDir=%2Fapp&isDev=true&tsconfigPath=tsconfig.json&basePath=&assetPrefix=&nextConfigOutput=&preferredRegion=&middlewareConfig=e30%3D!:15:97)
    at (rsc)/./node_modules/next/dist/build/webpack/loaders/next-app-loader.js?name=app%2Fapi%2Fauth%2F%5B...nextauth%5D%2Froute&page=%2Fapi%2Fauth%2F%5B...nextauth%5D%2Froute&appPaths=&pagePath=private-next-app-dir%2Fapi%2Fauth%2F%5B...nextauth%5D%2Froute.ts&appDir=%2Fapp%2Fsrc%2Fapp&pageExtensions=tsx&pageExtensions=ts&pageExtensions=jsx&pageExtensions=js&rootDir=%2Fapp&isDev=true&tsconfigPath=tsconfig.json&basePath=&assetPrefix=&nextConfigOutput=&preferredRegion=&middlewareConfig=e30%3D! (/app/.next/server/app/api/auth/[...nextauth]/route.js:182:1)
    at __webpack_require__ (/app/.next/server/webpack-runtime.js:33:43)
    at __webpack_exec__ (/app/.next/server/app/api/auth/[...nextauth]/route.js:222:39)
    at /app/.next/server/app/api/auth/[...nextauth]/route.js:223:438
    at __webpack_require__.X (/app/.next/server/webpack-runtime.js:163:21)
    at /app/.next/server/app/api/auth/[...nextauth]/route.js:223:47
    at Object.<anonymous> (/app/.next/server/app/api/auth/[...nextauth]/route.js:226:3)
    at Module._compile (node:internal/modules/cjs/loader:1705:14)
    at Object..js (node:internal/modules/cjs/loader:1838:10)
    at Module.load (node:internal/modules/cjs/loader:1441:32)
    at Function._load (node:internal/modules/cjs/loader:1263:12)
    at TracingChannel.traceSync (node:diagnostics_channel:328:14)
    at wrapModuleLoad (node:internal/modules/cjs/loader:237:24)
    at Module.<anonymous> (node:internal/modules/cjs/loader:1463:12)
    at mod.require (/app/node_modules/next/dist/server/require-hook.js:65:28)
    at require (node:internal/modules/helpers:147:16)
    at requirePage (/app/node_modules/next/dist/server/require.js:109:84)
    at /app/node_modules/next/dist/server/load-components.js:103:84
    at async loadComponentsImpl (/app/node_modules/next/dist/server/load-components.js:103:26)
    at async DevServer.findPageComponentsImpl (/app/node_modules/next/dist/server/next-server.js:714:36)
    at async DevServer.findPageComponents (/app/node_modules/next/dist/server/dev/next-dev-server.js:577:20)
    at async DevServer.renderPageComponent (/app/node_modules/next/dist/server/base-server.js:1910:24)
    at async DevServer.renderToResponseImpl (/app/node_modules/next/dist/server/base-server.js:1962:32)
    at async DevServer.pipeImpl (/app/node_modules/next/dist/server/base-server.js:922:25)
    at async NextNodeServer.handleCatchallRenderRequest (/app/node_modules/next/dist/server/next-server.js:272:17)
    at async DevServer.handleRequestImpl (/app/node_modules/next/dist/server/base-server.js:818:17)
    at async /app/node_modules/next/dist/server/dev/next-dev-server.js:339:20
    at async Span.traceAsyncFn (/app/node_modules/next/dist/trace/trace.js:154:20)
    at async DevServer.handleRequest (/app/node_modules/next/dist/server/dev/next-dev-server.js:336:24)
    at async invokeRender (/app/node_modules/next/dist/server/lib/router-server.js:179:21)
    at async handleRequest (/app/node_modules/next/dist/server/lib/router-server.js:359:24)
    at async requestHandlerImpl (/app/node_modules/next/dist/server/lib/router-server.js:383:13)
    at async Server.requestListener (/app/node_modules/next/dist/server/lib/start-server.js:141:13) {
  clientVersion: '7.6.0',
  errorCode: undefined,
  retryable: undefined,
  page: '/api/auth/_log'
}
 POST /api/auth/_log 500 in 36ms
 ⨯ PrismaClientInitializationError: `PrismaClient` needs to be constructed with a non-empty, valid `PrismaClientOptions`:

```
new PrismaClient({
  ...
})
```

or

```
constructor() {
  super({ ... });
}
```

    at new t (/app/node_modules/@prisma/client/runtime/client.js:70:1527)
    at prismaClientSingleton (webpack-internal:///(rsc)/./src/lib/prisma.ts:9:12)
    at eval (webpack-internal:///(rsc)/./src/lib/prisma.ts:11:43)
    at (rsc)/./src/lib/prisma.ts (/app/.next/server/app/api/auth/[...nextauth]/route.js:212:1)
    at __webpack_require__ (/app/.next/server/webpack-runtime.js:33:43)
    at eval (webpack-internal:///(rsc)/./src/lib/auth/authOptions.ts:10:69)
    at (rsc)/./src/lib/auth/authOptions.ts (/app/.next/server/app/api/auth/[...nextauth]/route.js:202:1)
    at __webpack_require__ (/app/.next/server/webpack-runtime.js:33:43)
    at eval (webpack-internal:///(rsc)/./src/app/api/auth/[...nextauth]/route.ts:8:79)
    at (rsc)/./src/app/api/auth/[...nextauth]/route.ts (/app/.next/server/app/api/auth/[...nextauth]/route.js:192:1)
    at __webpack_require__ (/app/.next/server/webpack-runtime.js:33:43)
    at eval (webpack-internal:///(rsc)/./node_modules/next/dist/build/webpack/loaders/next-app-loader.js?name=app%2Fapi%2Fauth%2F%5B...nextauth%5D%2Froute&page=%2Fapi%2Fauth%2F%5B...nextauth%5D%2Froute&appPaths=&pagePath=private-next-app-dir%2Fapi%2Fauth%2F%5B...nextauth%5D%2Froute.ts&appDir=%2Fapp%2Fsrc%2Fapp&pageExtensions=tsx&pageExtensions=ts&pageExtensions=jsx&pageExtensions=js&rootDir=%2Fapp&isDev=true&tsconfigPath=tsconfig.json&basePath=&assetPrefix=&nextConfigOutput=&preferredRegion=&middlewareConfig=e30%3D!:15:97)
    at (rsc)/./node_modules/next/dist/build/webpack/loaders/next-app-loader.js?name=app%2Fapi%2Fauth%2F%5B...nextauth%5D%2Froute&page=%2Fapi%2Fauth%2F%5B...nextauth%5D%2Froute&appPaths=&pagePath=private-next-app-dir%2Fapi%2Fauth%2F%5B...nextauth%5D%2Froute.ts&appDir=%2Fapp%2Fsrc%2Fapp&pageExtensions=tsx&pageExtensions=ts&pageExtensions=jsx&pageExtensions=js&rootDir=%2Fapp&isDev=true&tsconfigPath=tsconfig.json&basePath=&assetPrefix=&nextConfigOutput=&preferredRegion=&middlewareConfig=e30%3D! (/app/.next/server/app/api/auth/[...nextauth]/route.js:182:1)
    at __webpack_require__ (/app/.next/server/webpack-runtime.js:33:43)
    at __webpack_exec__ (/app/.next/server/app/api/auth/[...nextauth]/route.js:222:39)
    at /app/.next/server/app/api/auth/[...nextauth]/route.js:223:438
    at __webpack_require__.X (/app/.next/server/webpack-runtime.js:163:21)
    at /app/.next/server/app/api/auth/[...nextauth]/route.js:223:47
    at Object.<anonymous> (/app/.next/server/app/api/auth/[...nextauth]/route.js:226:3)
    at Module._compile (node:internal/modules/cjs/loader:1705:14)
    at Object..js (node:internal/modules/cjs/loader:1838:10)
    at Module.load (node:internal/modules/cjs/loader:1441:32)
    at Function._load (node:internal/modules/cjs/loader:1263:12)
    at TracingChannel.traceSync (node:diagnostics_channel:328:14)
    at wrapModuleLoad (node:internal/modules/cjs/loader:237:24)
    at Module.<anonymous> (node:internal/modules/cjs/loader:1463:12)
    at mod.require (/app/node_modules/next/dist/server/require-hook.js:65:28)
    at require (node:internal/modules/helpers:147:16)
    at requirePage (/app/node_modules/next/dist/server/require.js:109:84)
    at /app/node_modules/next/dist/server/load-components.js:103:84
    at async loadComponentsImpl (/app/node_modules/next/dist/server/load-components.js:103:26)
    at async DevServer.findPageComponentsImpl (/app/node_modules/next/dist/server/next-server.js:714:36)
    at async DevServer.findPageComponents (/app/node_modules/next/dist/server/dev/next-dev-server.js:577:20)
    at async DevServer.renderPageComponent (/app/node_modules/next/dist/server/base-server.js:1910:24)
    at async DevServer.renderToResponseImpl (/app/node_modules/next/dist/server/base-server.js:1962:32)
    at async DevServer.pipeImpl (/app/node_modules/next/dist/server/base-server.js:922:25)
    at async NextNodeServer.handleCatchallRenderRequest (/app/node_modules/next/dist/server/next-server.js:272:17)
    at async DevServer.handleRequestImpl (/app/node_modules/next/dist/server/base-server.js:818:17)
    at async /app/node_modules/next/dist/server/dev/next-dev-server.js:339:20
    at async Span.traceAsyncFn (/app/node_modules/next/dist/trace/trace.js:154:20)
    at async DevServer.handleRequest (/app/node_modules/next/dist/server/dev/next-dev-server.js:336:24)
    at async invokeRender (/app/node_modules/next/dist/server/lib/router-server.js:179:21)
    at async handleRequest (/app/node_modules/next/dist/server/lib/router-server.js:359:24)
    at async requestHandlerImpl (/app/node_modules/next/dist/server/lib/router-server.js:383:13)
    at async Server.requestListener (/app/node_modules/next/dist/server/lib/start-server.js:141:13) {
  clientVersion: '7.6.0',
  errorCode: undefined,
  retryable: undefined,
  page: '/api/auth/_log'
}
 POST /api/auth/_log 500 in 24ms
 GET /add-funds 200 in 47ms
 ⨯ PrismaClientInitializationError: `PrismaClient` needs to be constructed with a non-empty, valid `PrismaClientOptions`:

```
new PrismaClient({
  ...
})
```

or

```
constructor() {
  super({ ... });
}
```

    at new t (/app/node_modules/@prisma/client/runtime/client.js:70:1527)
    at prismaClientSingleton (webpack-internal:///(rsc)/./src/lib/prisma.ts:9:12)
    at eval (webpack-internal:///(rsc)/./src/lib/prisma.ts:11:43)
    at (rsc)/./src/lib/prisma.ts (/app/.next/server/app/api/auth/[...nextauth]/route.js:212:1)
    at __webpack_require__ (/app/.next/server/webpack-runtime.js:33:43)
    at eval (webpack-internal:///(rsc)/./src/lib/auth/authOptions.ts:10:69)
    at (rsc)/./src/lib/auth/authOptions.ts (/app/.next/server/app/api/auth/[...nextauth]/route.js:202:1)
    at __webpack_require__ (/app/.next/server/webpack-runtime.js:33:43)
    at eval (webpack-internal:///(rsc)/./src/app/api/auth/[...nextauth]/route.ts:8:79)
    at (rsc)/./src/app/api/auth/[...nextauth]/route.ts (/app/.next/server/app/api/auth/[...nextauth]/route.js:192:1)
    at __webpack_require__ (/app/.next/server/webpack-runtime.js:33:43)
    at eval (webpack-internal:///(rsc)/./node_modules/next/dist/build/webpack/loaders/next-app-loader.js?name=app%2Fapi%2Fauth%2F%5B...nextauth%5D%2Froute&page=%2Fapi%2Fauth%2F%5B...nextauth%5D%2Froute&appPaths=&pagePath=private-next-app-dir%2Fapi%2Fauth%2F%5B...nextauth%5D%2Froute.ts&appDir=%2Fapp%2Fsrc%2Fapp&pageExtensions=tsx&pageExtensions=ts&pageExtensions=jsx&pageExtensions=js&rootDir=%2Fapp&isDev=true&tsconfigPath=tsconfig.json&basePath=&assetPrefix=&nextConfigOutput=&preferredRegion=&middlewareConfig=e30%3D!:15:97)
    at (rsc)/./node_modules/next/dist/build/webpack/loaders/next-app-loader.js?name=app%2Fapi%2Fauth%2F%5B...nextauth%5D%2Froute&page=%2Fapi%2Fauth%2F%5B...nextauth%5D%2Froute&appPaths=&pagePath=private-next-app-dir%2Fapi%2Fauth%2F%5B...nextauth%5D%2Froute.ts&appDir=%2Fapp%2Fsrc%2Fapp&pageExtensions=tsx&pageExtensions=ts&pageExtensions=jsx&pageExtensions=js&rootDir=%2Fapp&isDev=true&tsconfigPath=tsconfig.json&basePath=&assetPrefix=&nextConfigOutput=&preferredRegion=&middlewareConfig=e30%3D! (/app/.next/server/app/api/auth/[...nextauth]/route.js:182:1)
    at __webpack_require__ (/app/.next/server/webpack-runtime.js:33:43)
    at __webpack_exec__ (/app/.next/server/app/api/auth/[...nextauth]/route.js:222:39)
    at /app/.next/server/app/api/auth/[...nextauth]/route.js:223:438
    at __webpack_require__.X (/app/.next/server/webpack-runtime.js:163:21)
    at /app/.next/server/app/api/auth/[...nextauth]/route.js:223:47
    at Object.<anonymous> (/app/.next/server/app/api/auth/[...nextauth]/route.js:226:3)
    at Module._compile (node:internal/modules/cjs/loader:1705:14)
    at Object..js (node:internal/modules/cjs/loader:1838:10)
    at Module.load (node:internal/modules/cjs/loader:1441:32)
    at Function._load (node:internal/modules/cjs/loader:1263:12)
    at TracingChannel.traceSync (node:diagnostics_channel:328:14)
    at wrapModuleLoad (node:internal/modules/cjs/loader:237:24)
    at Module.<anonymous> (node:internal/modules/cjs/loader:1463:12)
    at mod.require (/app/node_modules/next/dist/server/require-hook.js:65:28)
    at require (node:internal/modules/helpers:147:16)
    at requirePage (/app/node_modules/next/dist/server/require.js:109:84)
    at /app/node_modules/next/dist/server/load-components.js:103:84
    at async loadComponentsImpl (/app/node_modules/next/dist/server/load-components.js:103:26)
    at async DevServer.findPageComponentsImpl (/app/node_modules/next/dist/server/next-server.js:714:36)
    at async DevServer.findPageComponents (/app/node_modules/next/dist/server/dev/next-dev-server.js:577:20)
    at async DevServer.renderPageComponent (/app/node_modules/next/dist/server/base-server.js:1910:24)
    at async DevServer.renderToResponseImpl (/app/node_modules/next/dist/server/base-server.js:1962:32)
    at async DevServer.pipeImpl (/app/node_modules/next/dist/server/base-server.js:922:25)
    at async NextNodeServer.handleCatchallRenderRequest (/app/node_modules/next/dist/server/next-server.js:272:17)
    at async DevServer.handleRequestImpl (/app/node_modules/next/dist/server/base-server.js:818:17)
    at async /app/node_modules/next/dist/server/dev/next-dev-server.js:339:20
    at async Span.traceAsyncFn (/app/node_modules/next/dist/trace/trace.js:154:20)
    at async DevServer.handleRequest (/app/node_modules/next/dist/server/dev/next-dev-server.js:336:24)
    at async invokeRender (/app/node_modules/next/dist/server/lib/router-server.js:179:21)
    at async handleRequest (/app/node_modules/next/dist/server/lib/router-server.js:359:24)
    at async requestHandlerImpl (/app/node_modules/next/dist/server/lib/router-server.js:383:13)
    at async Server.requestListener (/app/node_modules/next/dist/server/lib/start-server.js:141:13) {
  clientVersion: '7.6.0',
  errorCode: undefined,
  retryable: undefined,
  page: '/api/auth/session'
}
 GET /api/auth/session 500 in 29ms
 ⨯ PrismaClientInitializationError: `PrismaClient` needs to be constructed with a non-empty, valid `PrismaClientOptions`:

```
new PrismaClient({
  ...
})
```

or

```
constructor() {
  super({ ... });
}
```

    at new t (/app/node_modules/@prisma/client/runtime/client.js:70:1527)
    at prismaClientSingleton (webpack-internal:///(rsc)/./src/lib/prisma.ts:9:12)
    at eval (webpack-internal:///(rsc)/./src/lib/prisma.ts:11:43)
    at (rsc)/./src/lib/prisma.ts (/app/.next/server/app/api/auth/[...nextauth]/route.js:212:1)
    at __webpack_require__ (/app/.next/server/webpack-runtime.js:33:43)
    at eval (webpack-internal:///(rsc)/./src/lib/auth/authOptions.ts:10:69)
    at (rsc)/./src/lib/auth/authOptions.ts (/app/.next/server/app/api/auth/[...nextauth]/route.js:202:1)
    at __webpack_require__ (/app/.next/server/webpack-runtime.js:33:43)
    at eval (webpack-internal:///(rsc)/./src/app/api/auth/[...nextauth]/route.ts:8:79)
    at (rsc)/./src/app/api/auth/[...nextauth]/route.ts (/app/.next/server/app/api/auth/[...nextauth]/route.js:192:1)
    at __webpack_require__ (/app/.next/server/webpack-runtime.js:33:43)
    at eval (webpack-internal:///(rsc)/./node_modules/next/dist/build/webpack/loaders/next-app-loader.js?name=app%2Fapi%2Fauth%2F%5B...nextauth%5D%2Froute&page=%2Fapi%2Fauth%2F%5B...nextauth%5D%2Froute&appPaths=&pagePath=private-next-app-dir%2Fapi%2Fauth%2F%5B...nextauth%5D%2Froute.ts&appDir=%2Fapp%2Fsrc%2Fapp&pageExtensions=tsx&pageExtensions=ts&pageExtensions=jsx&pageExtensions=js&rootDir=%2Fapp&isDev=true&tsconfigPath=tsconfig.json&basePath=&assetPrefix=&nextConfigOutput=&preferredRegion=&middlewareConfig=e30%3D!:15:97)
    at (rsc)/./node_modules/next/dist/build/webpack/loaders/next-app-loader.js?name=app%2Fapi%2Fauth%2F%5B...nextauth%5D%2Froute&page=%2Fapi%2Fauth%2F%5B...nextauth%5D%2Froute&appPaths=&pagePath=private-next-app-dir%2Fapi%2Fauth%2F%5B...nextauth%5D%2Froute.ts&appDir=%2Fapp%2Fsrc%2Fapp&pageExtensions=tsx&pageExtensions=ts&pageExtensions=jsx&pageExtensions=js&rootDir=%2Fapp&isDev=true&tsconfigPath=tsconfig.json&basePath=&assetPrefix=&nextConfigOutput=&preferredRegion=&middlewareConfig=e30%3D! (/app/.next/server/app/api/auth/[...nextauth]/route.js:182:1)
    at __webpack_require__ (/app/.next/server/webpack-runtime.js:33:43)
    at __webpack_exec__ (/app/.next/server/app/api/auth/[...nextauth]/route.js:222:39)
    at /app/.next/server/app/api/auth/[...nextauth]/route.js:223:438
    at __webpack_require__.X (/app/.next/server/webpack-runtime.js:163:21)
    at /app/.next/server/app/api/auth/[...nextauth]/route.js:223:47
    at Object.<anonymous> (/app/.next/server/app/api/auth/[...nextauth]/route.js:226:3)
    at Module._compile (node:internal/modules/cjs/loader:1705:14)
    at Object..js (node:internal/modules/cjs/loader:1838:10)
    at Module.load (node:internal/modules/cjs/loader:1441:32)
    at Function._load (node:internal/modules/cjs/loader:1263:12)
    at TracingChannel.traceSync (node:diagnostics_channel:328:14)
    at wrapModuleLoad (node:internal/modules/cjs/loader:237:24)
    at Module.<anonymous> (node:internal/modules/cjs/loader:1463:12)
    at mod.require (/app/node_modules/next/dist/server/require-hook.js:65:28)
    at require (node:internal/modules/helpers:147:16)
    at requirePage (/app/node_modules/next/dist/server/require.js:109:84)
    at /app/node_modules/next/dist/server/load-components.js:103:84
    at async loadComponentsImpl (/app/node_modules/next/dist/server/load-components.js:103:26)
    at async DevServer.findPageComponentsImpl (/app/node_modules/next/dist/server/next-server.js:714:36)
    at async DevServer.findPageComponents (/app/node_modules/next/dist/server/dev/next-dev-server.js:577:20)
    at async DevServer.renderPageComponent (/app/node_modules/next/dist/server/base-server.js:1910:24)
    at async DevServer.renderToResponseImpl (/app/node_modules/next/dist/server/base-server.js:1962:32)
    at async DevServer.pipeImpl (/app/node_modules/next/dist/server/base-server.js:922:25)
    at async NextNodeServer.handleCatchallRenderRequest (/app/node_modules/next/dist/server/next-server.js:272:17)
    at async DevServer.handleRequestImpl (/app/node_modules/next/dist/server/base-server.js:818:17)
    at async /app/node_modules/next/dist/server/dev/next-dev-server.js:339:20
    at async Span.traceAsyncFn (/app/node_modules/next/dist/trace/trace.js:154:20)
    at async DevServer.handleRequest (/app/node_modules/next/dist/server/dev/next-dev-server.js:336:24)
    at async invokeRender (/app/node_modules/next/dist/server/lib/router-server.js:179:21)
    at async handleRequest (/app/node_modules/next/dist/server/lib/router-server.js:359:24)
    at async requestHandlerImpl (/app/node_modules/next/dist/server/lib/router-server.js:383:13)
    at async Server.requestListener (/app/node_modules/next/dist/server/lib/start-server.js:141:13) {
  clientVersion: '7.6.0',
  errorCode: undefined,
  retryable: undefined,
  page: '/api/auth/session'
}
 ⨯ PrismaClientInitializationError: `PrismaClient` needs to be constructed with a non-empty, valid `PrismaClientOptions`:

```
new PrismaClient({
  ...
})
```

or

```
constructor() {
  super({ ... });
}
```

    at new t (/app/node_modules/@prisma/client/runtime/client.js:70:1527)
    at prismaClientSingleton (webpack-internal:///(rsc)/./src/lib/prisma.ts:9:12)
    at eval (webpack-internal:///(rsc)/./src/lib/prisma.ts:11:43)
    at (rsc)/./src/lib/prisma.ts (/app/.next/server/app/api/auth/[...nextauth]/route.js:212:1)
    at __webpack_require__ (/app/.next/server/webpack-runtime.js:33:43)
    at eval (webpack-internal:///(rsc)/./src/lib/auth/authOptions.ts:10:69)
    at (rsc)/./src/lib/auth/authOptions.ts (/app/.next/server/app/api/auth/[...nextauth]/route.js:202:1)
    at __webpack_require__ (/app/.next/server/webpack-runtime.js:33:43)
    at eval (webpack-internal:///(rsc)/./src/app/api/auth/[...nextauth]/route.ts:8:79)
    at (rsc)/./src/app/api/auth/[...nextauth]/route.ts (/app/.next/server/app/api/auth/[...nextauth]/route.js:192:1)
    at __webpack_require__ (/app/.next/server/webpack-runtime.js:33:43)
    at eval (webpack-internal:///(rsc)/./node_modules/next/dist/build/webpack/loaders/next-app-loader.js?name=app%2Fapi%2Fauth%2F%5B...nextauth%5D%2Froute&page=%2Fapi%2Fauth%2F%5B...nextauth%5D%2Froute&appPaths=&pagePath=private-next-app-dir%2Fapi%2Fauth%2F%5B...nextauth%5D%2Froute.ts&appDir=%2Fapp%2Fsrc%2Fapp&pageExtensions=tsx&pageExtensions=ts&pageExtensions=jsx&pageExtensions=js&rootDir=%2Fapp&isDev=true&tsconfigPath=tsconfig.json&basePath=&assetPrefix=&nextConfigOutput=&preferredRegion=&middlewareConfig=e30%3D!:15:97)
    at (rsc)/./node_modules/next/dist/build/webpack/loaders/next-app-loader.js?name=app%2Fapi%2Fauth%2F%5B...nextauth%5D%2Froute&page=%2Fapi%2Fauth%2F%5B...nextauth%5D%2Froute&appPaths=&pagePath=private-next-app-dir%2Fapi%2Fauth%2F%5B...nextauth%5D%2Froute.ts&appDir=%2Fapp%2Fsrc%2Fapp&pageExtensions=tsx&pageExtensions=ts&pageExtensions=jsx&pageExtensions=js&rootDir=%2Fapp&isDev=true&tsconfigPath=tsconfig.json&basePath=&assetPrefix=&nextConfigOutput=&preferredRegion=&middlewareConfig=e30%3D! (/app/.next/server/app/api/auth/[...nextauth]/route.js:182:1)
    at __webpack_require__ (/app/.next/server/webpack-runtime.js:33:43)
    at __webpack_exec__ (/app/.next/server/app/api/auth/[...nextauth]/route.js:222:39)
    at /app/.next/server/app/api/auth/[...nextauth]/route.js:223:438
    at __webpack_require__.X (/app/.next/server/webpack-runtime.js:163:21)
    at /app/.next/server/app/api/auth/[...nextauth]/route.js:223:47
    at Object.<anonymous> (/app/.next/server/app/api/auth/[...nextauth]/route.js:226:3)
    at Module._compile (node:internal/modules/cjs/loader:1705:14)
    at Object..js (node:internal/modules/cjs/loader:1838:10)
    at Module.load (node:internal/modules/cjs/loader:1441:32)
    at Function._load (node:internal/modules/cjs/loader:1263:12)
    at TracingChannel.traceSync (node:diagnostics_channel:328:14)
    at wrapModuleLoad (node:internal/modules/cjs/loader:237:24)
    at Module.<anonymous> (node:internal/modules/cjs/loader:1463:12)
    at mod.require (/app/node_modules/next/dist/server/require-hook.js:65:28)
    at require (node:internal/modules/helpers:147:16)
    at requirePage (/app/node_modules/next/dist/server/require.js:109:84)
    at /app/node_modules/next/dist/server/load-components.js:103:84
    at async loadComponentsImpl (/app/node_modules/next/dist/server/load-components.js:103:26)
    at async DevServer.findPageComponentsImpl (/app/node_modules/next/dist/server/next-server.js:714:36)
    at async DevServer.findPageComponents (/app/node_modules/next/dist/server/dev/next-dev-server.js:577:20)
    at async DevServer.renderPageComponent (/app/node_modules/next/dist/server/base-server.js:1910:24)
    at async DevServer.renderToResponseImpl (/app/node_modules/next/dist/server/base-server.js:1962:32)
    at async DevServer.pipeImpl (/app/node_modules/next/dist/server/base-server.js:922:25)
    at async NextNodeServer.handleCatchallRenderRequest (/app/node_modules/next/dist/server/next-server.js:272:17)
    at async DevServer.handleRequestImpl (/app/node_modules/next/dist/server/base-server.js:818:17)
    at async /app/node_modules/next/dist/server/dev/next-dev-server.js:339:20
    at async Span.traceAsyncFn (/app/node_modules/next/dist/trace/trace.js:154:20)
    at async DevServer.handleRequest (/app/node_modules/next/dist/server/dev/next-dev-server.js:336:24)
    at async invokeRender (/app/node_modules/next/dist/server/lib/router-server.js:179:21)
    at async handleRequest (/app/node_modules/next/dist/server/lib/router-server.js:359:24)
    at async requestHandlerImpl (/app/node_modules/next/dist/server/lib/router-server.js:383:13)
    at async Server.requestListener (/app/node_modules/next/dist/server/lib/start-server.js:141:13) {
  clientVersion: '7.6.0',
  errorCode: undefined,
  retryable: undefined,
  page: '/api/auth/_log'
}
 GET /api/auth/session 500 in 42ms
 POST /api/auth/_log 500 in 31ms
 ⨯ PrismaClientInitializationError: `PrismaClient` needs to be constructed with a non-empty, valid `PrismaClientOptions`:

```
new PrismaClient({
  ...
})
```

or

```
constructor() {
  super({ ... });
}
```

    at new t (/app/node_modules/@prisma/client/runtime/client.js:70:1527)
    at prismaClientSingleton (webpack-internal:///(rsc)/./src/lib/prisma.ts:9:12)
    at eval (webpack-internal:///(rsc)/./src/lib/prisma.ts:11:43)
    at (rsc)/./src/lib/prisma.ts (/app/.next/server/app/api/auth/[...nextauth]/route.js:212:1)
    at __webpack_require__ (/app/.next/server/webpack-runtime.js:33:43)
    at eval (webpack-internal:///(rsc)/./src/lib/auth/authOptions.ts:10:69)
    at (rsc)/./src/lib/auth/authOptions.ts (/app/.next/server/app/api/auth/[...nextauth]/route.js:202:1)
    at __webpack_require__ (/app/.next/server/webpack-runtime.js:33:43)
    at eval (webpack-internal:///(rsc)/./src/app/api/auth/[...nextauth]/route.ts:8:79)
    at (rsc)/./src/app/api/auth/[...nextauth]/route.ts (/app/.next/server/app/api/auth/[...nextauth]/route.js:192:1)
    at __webpack_require__ (/app/.next/server/webpack-runtime.js:33:43)
    at eval (webpack-internal:///(rsc)/./node_modules/next/dist/build/webpack/loaders/next-app-loader.js?name=app%2Fapi%2Fauth%2F%5B...nextauth%5D%2Froute&page=%2Fapi%2Fauth%2F%5B...nextauth%5D%2Froute&appPaths=&pagePath=private-next-app-dir%2Fapi%2Fauth%2F%5B...nextauth%5D%2Froute.ts&appDir=%2Fapp%2Fsrc%2Fapp&pageExtensions=tsx&pageExtensions=ts&pageExtensions=jsx&pageExtensions=js&rootDir=%2Fapp&isDev=true&tsconfigPath=tsconfig.json&basePath=&assetPrefix=&nextConfigOutput=&preferredRegion=&middlewareConfig=e30%3D!:15:97)
    at (rsc)/./node_modules/next/dist/build/webpack/loaders/next-app-loader.js?name=app%2Fapi%2Fauth%2F%5B...nextauth%5D%2Froute&page=%2Fapi%2Fauth%2F%5B...nextauth%5D%2Froute&appPaths=&pagePath=private-next-app-dir%2Fapi%2Fauth%2F%5B...nextauth%5D%2Froute.ts&appDir=%2Fapp%2Fsrc%2Fapp&pageExtensions=tsx&pageExtensions=ts&pageExtensions=jsx&pageExtensions=js&rootDir=%2Fapp&isDev=true&tsconfigPath=tsconfig.json&basePath=&assetPrefix=&nextConfigOutput=&preferredRegion=&middlewareConfig=e30%3D! (/app/.next/server/app/api/auth/[...nextauth]/route.js:182:1)
    at __webpack_require__ (/app/.next/server/webpack-runtime.js:33:43)
    at __webpack_exec__ (/app/.next/server/app/api/auth/[...nextauth]/route.js:222:39)
    at /app/.next/server/app/api/auth/[...nextauth]/route.js:223:438
    at __webpack_require__.X (/app/.next/server/webpack-runtime.js:163:21)
    at /app/.next/server/app/api/auth/[...nextauth]/route.js:223:47
    at Object.<anonymous> (/app/.next/server/app/api/auth/[...nextauth]/route.js:226:3)
    at Module._compile (node:internal/modules/cjs/loader:1705:14)
    at Object..js (node:internal/modules/cjs/loader:1838:10)
    at Module.load (node:internal/modules/cjs/loader:1441:32)
    at Function._load (node:internal/modules/cjs/loader:1263:12)
    at TracingChannel.traceSync (node:diagnostics_channel:328:14)
    at wrapModuleLoad (node:internal/modules/cjs/loader:237:24)
    at Module.<anonymous> (node:internal/modules/cjs/loader:1463:12)
    at mod.require (/app/node_modules/next/dist/server/require-hook.js:65:28)
    at require (node:internal/modules/helpers:147:16)
    at requirePage (/app/node_modules/next/dist/server/require.js:109:84)
    at /app/node_modules/next/dist/server/load-components.js:103:84
    at async loadComponentsImpl (/app/node_modules/next/dist/server/load-components.js:103:26)
    at async DevServer.findPageComponentsImpl (/app/node_modules/next/dist/server/next-server.js:714:36)
    at async DevServer.findPageComponents (/app/node_modules/next/dist/server/dev/next-dev-server.js:577:20)
    at async DevServer.renderPageComponent (/app/node_modules/next/dist/server/base-server.js:1910:24)
    at async DevServer.renderToResponseImpl (/app/node_modules/next/dist/server/base-server.js:1962:32)
    at async DevServer.pipeImpl (/app/node_modules/next/dist/server/base-server.js:922:25)
    at async NextNodeServer.handleCatchallRenderRequest (/app/node_modules/next/dist/server/next-server.js:272:17)
    at async DevServer.handleRequestImpl (/app/node_modules/next/dist/server/base-server.js:818:17)
    at async /app/node_modules/next/dist/server/dev/next-dev-server.js:339:20
    at async Span.traceAsyncFn (/app/node_modules/next/dist/trace/trace.js:154:20)
    at async DevServer.handleRequest (/app/node_modules/next/dist/server/dev/next-dev-server.js:336:24)
    at async invokeRender (/app/node_modules/next/dist/server/lib/router-server.js:179:21)
    at async handleRequest (/app/node_modules/next/dist/server/lib/router-server.js:359:24)
    at async requestHandlerImpl (/app/node_modules/next/dist/server/lib/router-server.js:383:13)
    at async Server.requestListener (/app/node_modules/next/dist/server/lib/start-server.js:141:13) {
  clientVersion: '7.6.0',
  errorCode: undefined,
  retryable: undefined,
  page: '/api/auth/_log'
}
 POST /api/auth/_log 500 in 21ms
 GET /settings 200 in 49ms
 ⨯ PrismaClientInitializationError: `PrismaClient` needs to be constructed with a non-empty, valid `PrismaClientOptions`:

```
new PrismaClient({
  ...
})
```

or

```
constructor() {
  super({ ... });
}
```

    at new t (/app/node_modules/@prisma/client/runtime/client.js:70:1527)
    at prismaClientSingleton (webpack-internal:///(rsc)/./src/lib/prisma.ts:9:12)
    at eval (webpack-internal:///(rsc)/./src/lib/prisma.ts:11:43)
    at (rsc)/./src/lib/prisma.ts (/app/.next/server/app/api/auth/[...nextauth]/route.js:212:1)
    at __webpack_require__ (/app/.next/server/webpack-runtime.js:33:43)
    at eval (webpack-internal:///(rsc)/./src/lib/auth/authOptions.ts:10:69)
    at (rsc)/./src/lib/auth/authOptions.ts (/app/.next/server/app/api/auth/[...nextauth]/route.js:202:1)
    at __webpack_require__ (/app/.next/server/webpack-runtime.js:33:43)
    at eval (webpack-internal:///(rsc)/./src/app/api/auth/[...nextauth]/route.ts:8:79)
    at (rsc)/./src/app/api/auth/[...nextauth]/route.ts (/app/.next/server/app/api/auth/[...nextauth]/route.js:192:1)
    at __webpack_require__ (/app/.next/server/webpack-runtime.js:33:43)
    at eval (webpack-internal:///(rsc)/./node_modules/next/dist/build/webpack/loaders/next-app-loader.js?name=app%2Fapi%2Fauth%2F%5B...nextauth%5D%2Froute&page=%2Fapi%2Fauth%2F%5B...nextauth%5D%2Froute&appPaths=&pagePath=private-next-app-dir%2Fapi%2Fauth%2F%5B...nextauth%5D%2Froute.ts&appDir=%2Fapp%2Fsrc%2Fapp&pageExtensions=tsx&pageExtensions=ts&pageExtensions=jsx&pageExtensions=js&rootDir=%2Fapp&isDev=true&tsconfigPath=tsconfig.json&basePath=&assetPrefix=&nextConfigOutput=&preferredRegion=&middlewareConfig=e30%3D!:15:97)
    at (rsc)/./node_modules/next/dist/build/webpack/loaders/next-app-loader.js?name=app%2Fapi%2Fauth%2F%5B...nextauth%5D%2Froute&page=%2Fapi%2Fauth%2F%5B...nextauth%5D%2Froute&appPaths=&pagePath=private-next-app-dir%2Fapi%2Fauth%2F%5B...nextauth%5D%2Froute.ts&appDir=%2Fapp%2Fsrc%2Fapp&pageExtensions=tsx&pageExtensions=ts&pageExtensions=jsx&pageExtensions=js&rootDir=%2Fapp&isDev=true&tsconfigPath=tsconfig.json&basePath=&assetPrefix=&nextConfigOutput=&preferredRegion=&middlewareConfig=e30%3D! (/app/.next/server/app/api/auth/[...nextauth]/route.js:182:1)
    at __webpack_require__ (/app/.next/server/webpack-runtime.js:33:43)
    at __webpack_exec__ (/app/.next/server/app/api/auth/[...nextauth]/route.js:222:39)
    at /app/.next/server/app/api/auth/[...nextauth]/route.js:223:438
    at __webpack_require__.X (/app/.next/server/webpack-runtime.js:163:21)
    at /app/.next/server/app/api/auth/[...nextauth]/route.js:223:47
    at Object.<anonymous> (/app/.next/server/app/api/auth/[...nextauth]/route.js:226:3)
    at Module._compile (node:internal/modules/cjs/loader:1705:14)
    at Object..js (node:internal/modules/cjs/loader:1838:10)
    at Module.load (node:internal/modules/cjs/loader:1441:32)
    at Function._load (node:internal/modules/cjs/loader:1263:12)
    at TracingChannel.traceSync (node:diagnostics_channel:328:14)
    at wrapModuleLoad (node:internal/modules/cjs/loader:237:24)
    at Module.<anonymous> (node:internal/modules/cjs/loader:1463:12)
    at mod.require (/app/node_modules/next/dist/server/require-hook.js:65:28)
    at require (node:internal/modules/helpers:147:16)
    at requirePage (/app/node_modules/next/dist/server/require.js:109:84)
    at /app/node_modules/next/dist/server/load-components.js:103:84
    at async loadComponentsImpl (/app/node_modules/next/dist/server/load-components.js:103:26)
    at async DevServer.findPageComponentsImpl (/app/node_modules/next/dist/server/next-server.js:714:36)
    at async DevServer.findPageComponents (/app/node_modules/next/dist/server/dev/next-dev-server.js:577:20)
    at async DevServer.renderPageComponent (/app/node_modules/next/dist/server/base-server.js:1910:24)
    at async DevServer.renderToResponseImpl (/app/node_modules/next/dist/server/base-server.js:1962:32)
    at async DevServer.pipeImpl (/app/node_modules/next/dist/server/base-server.js:922:25)
    at async NextNodeServer.handleCatchallRenderRequest (/app/node_modules/next/dist/server/next-server.js:272:17)
    at async DevServer.handleRequestImpl (/app/node_modules/next/dist/server/base-server.js:818:17)
    at async /app/node_modules/next/dist/server/dev/next-dev-server.js:339:20
    at async Span.traceAsyncFn (/app/node_modules/next/dist/trace/trace.js:154:20)
    at async DevServer.handleRequest (/app/node_modules/next/dist/server/dev/next-dev-server.js:336:24)
    at async invokeRender (/app/node_modules/next/dist/server/lib/router-server.js:179:21)
    at async handleRequest (/app/node_modules/next/dist/server/lib/router-server.js:359:24)
    at async requestHandlerImpl (/app/node_modules/next/dist/server/lib/router-server.js:383:13)
    at async Server.requestListener (/app/node_modules/next/dist/server/lib/start-server.js:141:13) {
  clientVersion: '7.6.0',
  errorCode: undefined,
  retryable: undefined,
  page: '/api/auth/session'
}
 GET /api/auth/session 500 in 49ms
 ⨯ PrismaClientInitializationError: `PrismaClient` needs to be constructed with a non-empty, valid `PrismaClientOptions`:

```
new PrismaClient({
  ...
})
```

or

```
constructor() {
  super({ ... });
}
```

    at new t (/app/node_modules/@prisma/client/runtime/client.js:70:1527)
    at prismaClientSingleton (webpack-internal:///(rsc)/./src/lib/prisma.ts:9:12)
    at eval (webpack-internal:///(rsc)/./src/lib/prisma.ts:11:43)
    at (rsc)/./src/lib/prisma.ts (/app/.next/server/app/api/auth/[...nextauth]/route.js:212:1)
    at __webpack_require__ (/app/.next/server/webpack-runtime.js:33:43)
    at eval (webpack-internal:///(rsc)/./src/lib/auth/authOptions.ts:10:69)
    at (rsc)/./src/lib/auth/authOptions.ts (/app/.next/server/app/api/auth/[...nextauth]/route.js:202:1)
    at __webpack_require__ (/app/.next/server/webpack-runtime.js:33:43)
    at eval (webpack-internal:///(rsc)/./src/app/api/auth/[...nextauth]/route.ts:8:79)
    at (rsc)/./src/app/api/auth/[...nextauth]/route.ts (/app/.next/server/app/api/auth/[...nextauth]/route.js:192:1)
    at __webpack_require__ (/app/.next/server/webpack-runtime.js:33:43)
    at eval (webpack-internal:///(rsc)/./node_modules/next/dist/build/webpack/loaders/next-app-loader.js?name=app%2Fapi%2Fauth%2F%5B...nextauth%5D%2Froute&page=%2Fapi%2Fauth%2F%5B...nextauth%5D%2Froute&appPaths=&pagePath=private-next-app-dir%2Fapi%2Fauth%2F%5B...nextauth%5D%2Froute.ts&appDir=%2Fapp%2Fsrc%2Fapp&pageExtensions=tsx&pageExtensions=ts&pageExtensions=jsx&pageExtensions=js&rootDir=%2Fapp&isDev=true&tsconfigPath=tsconfig.json&basePath=&assetPrefix=&nextConfigOutput=&preferredRegion=&middlewareConfig=e30%3D!:15:97)
    at (rsc)/./node_modules/next/dist/build/webpack/loaders/next-app-loader.js?name=app%2Fapi%2Fauth%2F%5B...nextauth%5D%2Froute&page=%2Fapi%2Fauth%2F%5B...nextauth%5D%2Froute&appPaths=&pagePath=private-next-app-dir%2Fapi%2Fauth%2F%5B...nextauth%5D%2Froute.ts&appDir=%2Fapp%2Fsrc%2Fapp&pageExtensions=tsx&pageExtensions=ts&pageExtensions=jsx&pageExtensions=js&rootDir=%2Fapp&isDev=true&tsconfigPath=tsconfig.json&basePath=&assetPrefix=&nextConfigOutput=&preferredRegion=&middlewareConfig=e30%3D! (/app/.next/server/app/api/auth/[...nextauth]/route.js:182:1)
    at __webpack_require__ (/app/.next/server/webpack-runtime.js:33:43)
    at __webpack_exec__ (/app/.next/server/app/api/auth/[...nextauth]/route.js:222:39)
    at /app/.next/server/app/api/auth/[...nextauth]/route.js:223:438
    at __webpack_require__.X (/app/.next/server/webpack-runtime.js:163:21)
    at /app/.next/server/app/api/auth/[...nextauth]/route.js:223:47
    at Object.<anonymous> (/app/.next/server/app/api/auth/[...nextauth]/route.js:226:3)
    at Module._compile (node:internal/modules/cjs/loader:1705:14)
    at Object..js (node:internal/modules/cjs/loader:1838:10)
    at Module.load (node:internal/modules/cjs/loader:1441:32)
    at Function._load (node:internal/modules/cjs/loader:1263:12)
    at TracingChannel.traceSync (node:diagnostics_channel:328:14)
    at wrapModuleLoad (node:internal/modules/cjs/loader:237:24)
    at Module.<anonymous> (node:internal/modules/cjs/loader:1463:12)
    at mod.require (/app/node_modules/next/dist/server/require-hook.js:65:28)
    at require (node:internal/modules/helpers:147:16)
    at requirePage (/app/node_modules/next/dist/server/require.js:109:84)
    at /app/node_modules/next/dist/server/load-components.js:103:84
    at async loadComponentsImpl (/app/node_modules/next/dist/server/load-components.js:103:26)
    at async DevServer.findPageComponentsImpl (/app/node_modules/next/dist/server/next-server.js:714:36)
    at async DevServer.findPageComponents (/app/node_modules/next/dist/server/dev/next-dev-server.js:577:20)
    at async DevServer.renderPageComponent (/app/node_modules/next/dist/server/base-server.js:1910:24)
    at async DevServer.renderToResponseImpl (/app/node_modules/next/dist/server/base-server.js:1962:32)
    at async DevServer.pipeImpl (/app/node_modules/next/dist/server/base-server.js:922:25)
    at async NextNodeServer.handleCatchallRenderRequest (/app/node_modules/next/dist/server/next-server.js:272:17)
    at async DevServer.handleRequestImpl (/app/node_modules/next/dist/server/base-server.js:818:17)
    at async /app/node_modules/next/dist/server/dev/next-dev-server.js:339:20
    at async Span.traceAsyncFn (/app/node_modules/next/dist/trace/trace.js:154:20)
    at async DevServer.handleRequest (/app/node_modules/next/dist/server/dev/next-dev-server.js:336:24)
    at async invokeRender (/app/node_modules/next/dist/server/lib/router-server.js:179:21)
    at async handleRequest (/app/node_modules/next/dist/server/lib/router-server.js:359:24)
    at async requestHandlerImpl (/app/node_modules/next/dist/server/lib/router-server.js:383:13)
    at async Server.requestListener (/app/node_modules/next/dist/server/lib/start-server.js:141:13) {
  clientVersion: '7.6.0',
  errorCode: undefined,
  retryable: undefined,
  page: '/api/auth/session'
}
 ⨯ PrismaClientInitializationError: `PrismaClient` needs to be constructed with a non-empty, valid `PrismaClientOptions`:

```
new PrismaClient({
  ...
})
```

or

```
constructor() {
  super({ ... });
}
```

    at new t (/app/node_modules/@prisma/client/runtime/client.js:70:1527)
    at prismaClientSingleton (webpack-internal:///(rsc)/./src/lib/prisma.ts:9:12)
    at eval (webpack-internal:///(rsc)/./src/lib/prisma.ts:11:43)
    at (rsc)/./src/lib/prisma.ts (/app/.next/server/app/api/auth/[...nextauth]/route.js:212:1)
    at __webpack_require__ (/app/.next/server/webpack-runtime.js:33:43)
    at eval (webpack-internal:///(rsc)/./src/lib/auth/authOptions.ts:10:69)
    at (rsc)/./src/lib/auth/authOptions.ts (/app/.next/server/app/api/auth/[...nextauth]/route.js:202:1)
    at __webpack_require__ (/app/.next/server/webpack-runtime.js:33:43)
    at eval (webpack-internal:///(rsc)/./src/app/api/auth/[...nextauth]/route.ts:8:79)
    at (rsc)/./src/app/api/auth/[...nextauth]/route.ts (/app/.next/server/app/api/auth/[...nextauth]/route.js:192:1)
    at __webpack_require__ (/app/.next/server/webpack-runtime.js:33:43)
    at eval (webpack-internal:///(rsc)/./node_modules/next/dist/build/webpack/loaders/next-app-loader.js?name=app%2Fapi%2Fauth%2F%5B...nextauth%5D%2Froute&page=%2Fapi%2Fauth%2F%5B...nextauth%5D%2Froute&appPaths=&pagePath=private-next-app-dir%2Fapi%2Fauth%2F%5B...nextauth%5D%2Froute.ts&appDir=%2Fapp%2Fsrc%2Fapp&pageExtensions=tsx&pageExtensions=ts&pageExtensions=jsx&pageExtensions=js&rootDir=%2Fapp&isDev=true&tsconfigPath=tsconfig.json&basePath=&assetPrefix=&nextConfigOutput=&preferredRegion=&middlewareConfig=e30%3D!:15:97)
    at (rsc)/./node_modules/next/dist/build/webpack/loaders/next-app-loader.js?name=app%2Fapi%2Fauth%2F%5B...nextauth%5D%2Froute&page=%2Fapi%2Fauth%2F%5B...nextauth%5D%2Froute&appPaths=&pagePath=private-next-app-dir%2Fapi%2Fauth%2F%5B...nextauth%5D%2Froute.ts&appDir=%2Fapp%2Fsrc%2Fapp&pageExtensions=tsx&pageExtensions=ts&pageExtensions=jsx&pageExtensions=js&rootDir=%2Fapp&isDev=true&tsconfigPath=tsconfig.json&basePath=&assetPrefix=&nextConfigOutput=&preferredRegion=&middlewareConfig=e30%3D! (/app/.next/server/app/api/auth/[...nextauth]/route.js:182:1)
    at __webpack_require__ (/app/.next/server/webpack-runtime.js:33:43)
    at __webpack_exec__ (/app/.next/server/app/api/auth/[...nextauth]/route.js:222:39)
    at /app/.next/server/app/api/auth/[...nextauth]/route.js:223:438
    at __webpack_require__.X (/app/.next/server/webpack-runtime.js:163:21)
    at /app/.next/server/app/api/auth/[...nextauth]/route.js:223:47
    at Object.<anonymous> (/app/.next/server/app/api/auth/[...nextauth]/route.js:226:3)
    at Module._compile (node:internal/modules/cjs/loader:1705:14)
    at Object..js (node:internal/modules/cjs/loader:1838:10)
    at Module.load (node:internal/modules/cjs/loader:1441:32)
    at Function._load (node:internal/modules/cjs/loader:1263:12)
    at TracingChannel.traceSync (node:diagnostics_channel:328:14)
    at wrapModuleLoad (node:internal/modules/cjs/loader:237:24)
    at Module.<anonymous> (node:internal/modules/cjs/loader:1463:12)
    at mod.require (/app/node_modules/next/dist/server/require-hook.js:65:28)
    at require (node:internal/modules/helpers:147:16)
    at requirePage (/app/node_modules/next/dist/server/require.js:109:84)
    at /app/node_modules/next/dist/server/load-components.js:103:84
    at async loadComponentsImpl (/app/node_modules/next/dist/server/load-components.js:103:26)
    at async DevServer.findPageComponentsImpl (/app/node_modules/next/dist/server/next-server.js:714:36)
    at async DevServer.findPageComponents (/app/node_modules/next/dist/server/dev/next-dev-server.js:577:20)
    at async DevServer.renderPageComponent (/app/node_modules/next/dist/server/base-server.js:1910:24)
    at async DevServer.renderToResponseImpl (/app/node_modules/next/dist/server/base-server.js:1962:32)
    at async DevServer.pipeImpl (/app/node_modules/next/dist/server/base-server.js:922:25)
    at async NextNodeServer.handleCatchallRenderRequest (/app/node_modules/next/dist/server/next-server.js:272:17)
    at async DevServer.handleRequestImpl (/app/node_modules/next/dist/server/base-server.js:818:17)
    at async /app/node_modules/next/dist/server/dev/next-dev-server.js:339:20
    at async Span.traceAsyncFn (/app/node_modules/next/dist/trace/trace.js:154:20)
    at async DevServer.handleRequest (/app/node_modules/next/dist/server/dev/next-dev-server.js:336:24)
    at async invokeRender (/app/node_modules/next/dist/server/lib/router-server.js:179:21)
    at async handleRequest (/app/node_modules/next/dist/server/lib/router-server.js:359:24)
    at async requestHandlerImpl (/app/node_modules/next/dist/server/lib/router-server.js:383:13)
    at async Server.requestListener (/app/node_modules/next/dist/server/lib/start-server.js:141:13) {
  clientVersion: '7.6.0',
  errorCode: undefined,
  retryable: undefined,
  page: '/api/auth/_log'
}
 GET /api/auth/session 500 in 33ms
 POST /api/auth/_log 500 in 28ms
 ⨯ PrismaClientInitializationError: `PrismaClient` needs to be constructed with a non-empty, valid `PrismaClientOptions`:

```
new PrismaClient({
  ...
})
```

or

```
constructor() {
  super({ ... });
}
```

    at new t (/app/node_modules/@prisma/client/runtime/client.js:70:1527)
    at prismaClientSingleton (webpack-internal:///(rsc)/./src/lib/prisma.ts:9:12)
    at eval (webpack-internal:///(rsc)/./src/lib/prisma.ts:11:43)
    at (rsc)/./src/lib/prisma.ts (/app/.next/server/app/api/auth/[...nextauth]/route.js:212:1)
    at __webpack_require__ (/app/.next/server/webpack-runtime.js:33:43)
    at eval (webpack-internal:///(rsc)/./src/lib/auth/authOptions.ts:10:69)
    at (rsc)/./src/lib/auth/authOptions.ts (/app/.next/server/app/api/auth/[...nextauth]/route.js:202:1)
    at __webpack_require__ (/app/.next/server/webpack-runtime.js:33:43)
    at eval (webpack-internal:///(rsc)/./src/app/api/auth/[...nextauth]/route.ts:8:79)
    at (rsc)/./src/app/api/auth/[...nextauth]/route.ts (/app/.next/server/app/api/auth/[...nextauth]/route.js:192:1)
    at __webpack_require__ (/app/.next/server/webpack-runtime.js:33:43)
    at eval (webpack-internal:///(rsc)/./node_modules/next/dist/build/webpack/loaders/next-app-loader.js?name=app%2Fapi%2Fauth%2F%5B...nextauth%5D%2Froute&page=%2Fapi%2Fauth%2F%5B...nextauth%5D%2Froute&appPaths=&pagePath=private-next-app-dir%2Fapi%2Fauth%2F%5B...nextauth%5D%2Froute.ts&appDir=%2Fapp%2Fsrc%2Fapp&pageExtensions=tsx&pageExtensions=ts&pageExtensions=jsx&pageExtensions=js&rootDir=%2Fapp&isDev=true&tsconfigPath=tsconfig.json&basePath=&assetPrefix=&nextConfigOutput=&preferredRegion=&middlewareConfig=e30%3D!:15:97)
    at (rsc)/./node_modules/next/dist/build/webpack/loaders/next-app-loader.js?name=app%2Fapi%2Fauth%2F%5B...nextauth%5D%2Froute&page=%2Fapi%2Fauth%2F%5B...nextauth%5D%2Froute&appPaths=&pagePath=private-next-app-dir%2Fapi%2Fauth%2F%5B...nextauth%5D%2Froute.ts&appDir=%2Fapp%2Fsrc%2Fapp&pageExtensions=tsx&pageExtensions=ts&pageExtensions=jsx&pageExtensions=js&rootDir=%2Fapp&isDev=true&tsconfigPath=tsconfig.json&basePath=&assetPrefix=&nextConfigOutput=&preferredRegion=&middlewareConfig=e30%3D! (/app/.next/server/app/api/auth/[...nextauth]/route.js:182:1)
    at __webpack_require__ (/app/.next/server/webpack-runtime.js:33:43)
    at __webpack_exec__ (/app/.next/server/app/api/auth/[...nextauth]/route.js:222:39)
    at /app/.next/server/app/api/auth/[...nextauth]/route.js:223:438
    at __webpack_require__.X (/app/.next/server/webpack-runtime.js:163:21)
    at /app/.next/server/app/api/auth/[...nextauth]/route.js:223:47
    at Object.<anonymous> (/app/.next/server/app/api/auth/[...nextauth]/route.js:226:3)
    at Module._compile (node:internal/modules/cjs/loader:1705:14)
    at Object..js (node:internal/modules/cjs/loader:1838:10)
    at Module.load (node:internal/modules/cjs/loader:1441:32)
    at Function._load (node:internal/modules/cjs/loader:1263:12)
    at TracingChannel.traceSync (node:diagnostics_channel:328:14)
    at wrapModuleLoad (node:internal/modules/cjs/loader:237:24)
    at Module.<anonymous> (node:internal/modules/cjs/loader:1463:12)
    at mod.require (/app/node_modules/next/dist/server/require-hook.js:65:28)
    at require (node:internal/modules/helpers:147:16)
    at requirePage (/app/node_modules/next/dist/server/require.js:109:84)
    at /app/node_modules/next/dist/server/load-components.js:103:84
    at async loadComponentsImpl (/app/node_modules/next/dist/server/load-components.js:103:26)
    at async DevServer.findPageComponentsImpl (/app/node_modules/next/dist/server/next-server.js:714:36)
    at async DevServer.findPageComponents (/app/node_modules/next/dist/server/dev/next-dev-server.js:577:20)
    at async DevServer.renderPageComponent (/app/node_modules/next/dist/server/base-server.js:1910:24)
    at async DevServer.renderToResponseImpl (/app/node_modules/next/dist/server/base-server.js:1962:32)
    at async DevServer.pipeImpl (/app/node_modules/next/dist/server/base-server.js:922:25)
    at async NextNodeServer.handleCatchallRenderRequest (/app/node_modules/next/dist/server/next-server.js:272:17)
    at async DevServer.handleRequestImpl (/app/node_modules/next/dist/server/base-server.js:818:17)
    at async /app/node_modules/next/dist/server/dev/next-dev-server.js:339:20
    at async Span.traceAsyncFn (/app/node_modules/next/dist/trace/trace.js:154:20)
    at async DevServer.handleRequest (/app/node_modules/next/dist/server/dev/next-dev-server.js:336:24)
    at async invokeRender (/app/node_modules/next/dist/server/lib/router-server.js:179:21)
    at async handleRequest (/app/node_modules/next/dist/server/lib/router-server.js:359:24)
    at async requestHandlerImpl (/app/node_modules/next/dist/server/lib/router-server.js:383:13)
    at async Server.requestListener (/app/node_modules/next/dist/server/lib/start-server.js:141:13) {
  clientVersion: '7.6.0',
  errorCode: undefined,
  retryable: undefined,
  page: '/api/auth/_log'
}
 POST /api/auth/_log 500 in 25ms
 ⚠ ./src/app/new-order/page.tsx
Attempted import error: 'Instagram' is not exported from '__barrel_optimize__?names=ArrowLeft,CheckCircle2,ChevronRight,Instagram,Music,Send,Smartphone,Twitter,Youtube!=!lucide-react' (imported as 'Instagram').

Import trace for requested module:
./src/app/new-order/page.tsx

./src/app/new-order/page.tsx
Attempted import error: 'Youtube' is not exported from '__barrel_optimize__?names=ArrowLeft,CheckCircle2,ChevronRight,Instagram,Music,Send,Smartphone,Twitter,Youtube!=!lucide-react' (imported as 'Youtube').

Import trace for requested module:
./src/app/new-order/page.tsx

./src/app/new-order/page.tsx
Attempted import error: 'Twitter' is not exported from '__barrel_optimize__?names=ArrowLeft,CheckCircle2,ChevronRight,Instagram,Music,Send,Smartphone,Twitter,Youtube!=!lucide-react' (imported as 'Twitter').

Import trace for requested module:
./src/app/new-order/page.tsx
 ⚠ ./src/app/new-order/page.tsx
Attempted import error: 'Instagram' is not exported from '__barrel_optimize__?names=ArrowLeft,CheckCircle2,ChevronRight,Instagram,Music,Send,Smartphone,Twitter,Youtube!=!lucide-react' (imported as 'Instagram').

Import trace for requested module:
./src/app/new-order/page.tsx

./src/app/new-order/page.tsx
Attempted import error: 'Youtube' is not exported from '__barrel_optimize__?names=ArrowLeft,CheckCircle2,ChevronRight,Instagram,Music,Send,Smartphone,Twitter,Youtube!=!lucide-react' (imported as 'Youtube').

Import trace for requested module:
./src/app/new-order/page.tsx

./src/app/new-order/page.tsx
Attempted import error: 'Twitter' is not exported from '__barrel_optimize__?names=ArrowLeft,CheckCircle2,ChevronRight,Instagram,Music,Send,Smartphone,Twitter,Youtube!=!lucide-react' (imported as 'Twitter').

Import trace for requested module:
./src/app/new-order/page.tsx
 ⚠ ./src/app/new-order/page.tsx
Attempted import error: 'Instagram' is not exported from '__barrel_optimize__?names=ArrowLeft,CheckCircle2,ChevronRight,Instagram,Music,Send,Smartphone,Twitter,Youtube!=!lucide-react' (imported as 'Instagram').

Import trace for requested module:
./src/app/new-order/page.tsx

./src/app/new-order/page.tsx
Attempted import error: 'Youtube' is not exported from '__barrel_optimize__?names=ArrowLeft,CheckCircle2,ChevronRight,Instagram,Music,Send,Smartphone,Twitter,Youtube!=!lucide-react' (imported as 'Youtube').

Import trace for requested module:
./src/app/new-order/page.tsx

./src/app/new-order/page.tsx
Attempted import error: 'Twitter' is not exported from '__barrel_optimize__?names=ArrowLeft,CheckCircle2,ChevronRight,Instagram,Music,Send,Smartphone,Twitter,Youtube!=!lucide-react' (imported as 'Twitter').

Import trace for requested module:
./src/app/new-order/page.tsx
 ⚠ ./src/app/new-order/page.tsx
Attempted import error: 'Instagram' is not exported from '__barrel_optimize__?names=ArrowLeft,CheckCircle2,ChevronRight,Instagram,Music,Send,Smartphone,Twitter,Youtube!=!lucide-react' (imported as 'Instagram').

Import trace for requested module:
./src/app/new-order/page.tsx

./src/app/new-order/page.tsx
Attempted import error: 'Youtube' is not exported from '__barrel_optimize__?names=ArrowLeft,CheckCircle2,ChevronRight,Instagram,Music,Send,Smartphone,Twitter,Youtube!=!lucide-react' (imported as 'Youtube').

Import trace for requested module:
./src/app/new-order/page.tsx

./src/app/new-order/page.tsx
Attempted import error: 'Twitter' is not exported from '__barrel_optimize__?names=ArrowLeft,CheckCircle2,ChevronRight,Instagram,Music,Send,Smartphone,Twitter,Youtube!=!lucide-react' (imported as 'Twitter').

Import trace for requested module:
./src/app/new-order/page.tsx
 ⚠ ./src/app/new-order/page.tsx
Attempted import error: 'Instagram' is not exported from '__barrel_optimize__?names=ArrowLeft,CheckCircle2,ChevronRight,Instagram,Music,Send,Smartphone,Twitter,Youtube!=!lucide-react' (imported as 'Instagram').

Import trace for requested module:
./src/app/new-order/page.tsx

./src/app/new-order/page.tsx
Attempted import error: 'Youtube' is not exported from '__barrel_optimize__?names=ArrowLeft,CheckCircle2,ChevronRight,Instagram,Music,Send,Smartphone,Twitter,Youtube!=!lucide-react' (imported as 'Youtube').

Import trace for requested module:
./src/app/new-order/page.tsx

./src/app/new-order/page.tsx
Attempted import error: 'Twitter' is not exported from '__barrel_optimize__?names=ArrowLeft,CheckCircle2,ChevronRight,Instagram,Music,Send,Smartphone,Twitter,Youtube!=!lucide-react' (imported as 'Twitter').

Import trace for requested module:
./src/app/new-order/page.tsx
 ⚠ ./src/app/new-order/page.tsx
Attempted import error: 'Instagram' is not exported from '__barrel_optimize__?names=ArrowLeft,CheckCircle2,ChevronRight,Instagram,Music,Send,Smartphone,Twitter,Youtube!=!lucide-react' (imported as 'Instagram').

Import trace for requested module:
./src/app/new-order/page.tsx

./src/app/new-order/page.tsx
Attempted import error: 'Youtube' is not exported from '__barrel_optimize__?names=ArrowLeft,CheckCircle2,ChevronRight,Instagram,Music,Send,Smartphone,Twitter,Youtube!=!lucide-react' (imported as 'Youtube').

Import trace for requested module:
./src/app/new-order/page.tsx

./src/app/new-order/page.tsx
Attempted import error: 'Twitter' is not exported from '__barrel_optimize__?names=ArrowLeft,CheckCircle2,ChevronRight,Instagram,Music,Send,Smartphone,Twitter,Youtube!=!lucide-react' (imported as 'Twitter').

Import trace for requested module:
./src/app/new-order/page.tsx
 ⚠ ./src/app/new-order/page.tsx
Attempted import error: 'Instagram' is not exported from '__barrel_optimize__?names=ArrowLeft,CheckCircle2,ChevronRight,Instagram,Music,Send,Smartphone,Twitter,Youtube!=!lucide-react' (imported as 'Instagram').

Import trace for requested module:
./src/app/new-order/page.tsx

./src/app/new-order/page.tsx
Attempted import error: 'Youtube' is not exported from '__barrel_optimize__?names=ArrowLeft,CheckCircle2,ChevronRight,Instagram,Music,Send,Smartphone,Twitter,Youtube!=!lucide-react' (imported as 'Youtube').

Import trace for requested module:
./src/app/new-order/page.tsx

./src/app/new-order/page.tsx
Attempted import error: 'Twitter' is not exported from '__barrel_optimize__?names=ArrowLeft,CheckCircle2,ChevronRight,Instagram,Music,Send,Smartphone,Twitter,Youtube!=!lucide-react' (imported as 'Twitter').

Import trace for requested module:
./src/app/new-order/page.tsx
 GET /login 200 in 578ms
 ⚠ ./src/app/new-order/page.tsx
Attempted import error: 'Instagram' is not exported from '__barrel_optimize__?names=ArrowLeft,CheckCircle2,ChevronRight,Instagram,Music,Send,Smartphone,Twitter,Youtube!=!lucide-react' (imported as 'Instagram').

Import trace for requested module:
./src/app/new-order/page.tsx

./src/app/new-order/page.tsx
Attempted import error: 'Youtube' is not exported from '__barrel_optimize__?names=ArrowLeft,CheckCircle2,ChevronRight,Instagram,Music,Send,Smartphone,Twitter,Youtube!=!lucide-react' (imported as 'Youtube').

Import trace for requested module:
./src/app/new-order/page.tsx

./src/app/new-order/page.tsx
Attempted import error: 'Twitter' is not exported from '__barrel_optimize__?names=ArrowLeft,CheckCircle2,ChevronRight,Instagram,Music,Send,Smartphone,Twitter,Youtube!=!lucide-react' (imported as 'Twitter').

Import trace for requested module:
./src/app/new-order/page.tsx
 ⚠ ./src/app/new-order/page.tsx
Attempted import error: 'Instagram' is not exported from '__barrel_optimize__?names=ArrowLeft,CheckCircle2,ChevronRight,Instagram,Music,Send,Smartphone,Twitter,Youtube!=!lucide-react' (imported as 'Instagram').

Import trace for requested module:
./src/app/new-order/page.tsx

./src/app/new-order/page.tsx
Attempted import error: 'Youtube' is not exported from '__barrel_optimize__?names=ArrowLeft,CheckCircle2,ChevronRight,Instagram,Music,Send,Smartphone,Twitter,Youtube!=!lucide-react' (imported as 'Youtube').

Import trace for requested module:
./src/app/new-order/page.tsx

./src/app/new-order/page.tsx
Attempted import error: 'Twitter' is not exported from '__barrel_optimize__?names=ArrowLeft,CheckCircle2,ChevronRight,Instagram,Music,Send,Smartphone,Twitter,Youtube!=!lucide-react' (imported as 'Twitter').

Import trace for requested module:
./src/app/new-order/page.tsx
 ⨯ PrismaClientConstructorValidationError: Unknown property datasources provided to PrismaClient constructor.
Read more at https://pris.ly/d/client-constructor
    at jl (/app/node_modules/@prisma/client/runtime/client.js:66:3832)
    at new t (/app/node_modules/@prisma/client/runtime/client.js:70:1808)
    at prismaClientSingleton (webpack-internal:///(rsc)/./src/lib/prisma.ts:9:12)
    at eval (webpack-internal:///(rsc)/./src/lib/prisma.ts:17:43)
    at (rsc)/./src/lib/prisma.ts (/app/.next/server/app/api/auth/[...nextauth]/route.js:212:1)
    at __webpack_require__ (/app/.next/server/webpack-runtime.js:33:43)
    at eval (webpack-internal:///(rsc)/./src/lib/auth/authOptions.ts:10:69)
    at (rsc)/./src/lib/auth/authOptions.ts (/app/.next/server/app/api/auth/[...nextauth]/route.js:202:1)
    at __webpack_require__ (/app/.next/server/webpack-runtime.js:33:43)
    at eval (webpack-internal:///(rsc)/./src/app/api/auth/[...nextauth]/route.ts:8:79)
    at (rsc)/./src/app/api/auth/[...nextauth]/route.ts (/app/.next/server/app/api/auth/[...nextauth]/route.js:192:1)
    at __webpack_require__ (/app/.next/server/webpack-runtime.js:33:43)
    at eval (webpack-internal:///(rsc)/./node_modules/next/dist/build/webpack/loaders/next-app-loader.js?name=app%2Fapi%2Fauth%2F%5B...nextauth%5D%2Froute&page=%2Fapi%2Fauth%2F%5B...nextauth%5D%2Froute&appPaths=&pagePath=private-next-app-dir%2Fapi%2Fauth%2F%5B...nextauth%5D%2Froute.ts&appDir=%2Fapp%2Fsrc%2Fapp&pageExtensions=tsx&pageExtensions=ts&pageExtensions=jsx&pageExtensions=js&rootDir=%2Fapp&isDev=true&tsconfigPath=tsconfig.json&basePath=&assetPrefix=&nextConfigOutput=&preferredRegion=&middlewareConfig=e30%3D!:15:97)
    at (rsc)/./node_modules/next/dist/build/webpack/loaders/next-app-loader.js?name=app%2Fapi%2Fauth%2F%5B...nextauth%5D%2Froute&page=%2Fapi%2Fauth%2F%5B...nextauth%5D%2Froute&appPaths=&pagePath=private-next-app-dir%2Fapi%2Fauth%2F%5B...nextauth%5D%2Froute.ts&appDir=%2Fapp%2Fsrc%2Fapp&pageExtensions=tsx&pageExtensions=ts&pageExtensions=jsx&pageExtensions=js&rootDir=%2Fapp&isDev=true&tsconfigPath=tsconfig.json&basePath=&assetPrefix=&nextConfigOutput=&preferredRegion=&middlewareConfig=e30%3D! (/app/.next/server/app/api/auth/[...nextauth]/route.js:182:1)
    at __webpack_require__ (/app/.next/server/webpack-runtime.js:33:43)
    at __webpack_exec__ (/app/.next/server/app/api/auth/[...nextauth]/route.js:222:39)
    at /app/.next/server/app/api/auth/[...nextauth]/route.js:223:438
    at __webpack_require__.X (/app/.next/server/webpack-runtime.js:163:21)
    at /app/.next/server/app/api/auth/[...nextauth]/route.js:223:47
    at Object.<anonymous> (/app/.next/server/app/api/auth/[...nextauth]/route.js:226:3)
    at Module._compile (node:internal/modules/cjs/loader:1705:14)
    at Object..js (node:internal/modules/cjs/loader:1838:10)
    at Module.load (node:internal/modules/cjs/loader:1441:32)
    at Function._load (node:internal/modules/cjs/loader:1263:12)
    at TracingChannel.traceSync (node:diagnostics_channel:328:14)
    at wrapModuleLoad (node:internal/modules/cjs/loader:237:24)
    at Module.<anonymous> (node:internal/modules/cjs/loader:1463:12)
    at mod.require (/app/node_modules/next/dist/server/require-hook.js:65:28)
    at require (node:internal/modules/helpers:147:16)
    at requirePage (/app/node_modules/next/dist/server/require.js:109:84)
    at /app/node_modules/next/dist/server/load-components.js:103:84
    at async loadComponentsImpl (/app/node_modules/next/dist/server/load-components.js:103:26)
    at async DevServer.findPageComponentsImpl (/app/node_modules/next/dist/server/next-server.js:714:36)
    at async DevServer.findPageComponents (/app/node_modules/next/dist/server/dev/next-dev-server.js:577:20)
    at async DevServer.renderPageComponent (/app/node_modules/next/dist/server/base-server.js:1910:24)
    at async DevServer.renderToResponseImpl (/app/node_modules/next/dist/server/base-server.js:1962:32)
    at async DevServer.pipeImpl (/app/node_modules/next/dist/server/base-server.js:922:25)
    at async NextNodeServer.handleCatchallRenderRequest (/app/node_modules/next/dist/server/next-server.js:272:17)
    at async DevServer.handleRequestImpl (/app/node_modules/next/dist/server/base-server.js:818:17)
    at async /app/node_modules/next/dist/server/dev/next-dev-server.js:339:20
    at async Span.traceAsyncFn (/app/node_modules/next/dist/trace/trace.js:154:20)
    at async DevServer.handleRequest (/app/node_modules/next/dist/server/dev/next-dev-server.js:336:24)
    at async invokeRender (/app/node_modules/next/dist/server/lib/router-server.js:179:21)
    at async handleRequest (/app/node_modules/next/dist/server/lib/router-server.js:359:24)
    at async requestHandlerImpl (/app/node_modules/next/dist/server/lib/router-server.js:383:13)
    at async Server.requestListener (/app/node_modules/next/dist/server/lib/start-server.js:141:13) {
  page: '/api/auth/session'
}
 ⚠ ./src/app/new-order/page.tsx
Attempted import error: 'Instagram' is not exported from '__barrel_optimize__?names=ArrowLeft,CheckCircle2,ChevronRight,Instagram,Music,Send,Smartphone,Twitter,Youtube!=!lucide-react' (imported as 'Instagram').

Import trace for requested module:
./src/app/new-order/page.tsx

./src/app/new-order/page.tsx
Attempted import error: 'Youtube' is not exported from '__barrel_optimize__?names=ArrowLeft,CheckCircle2,ChevronRight,Instagram,Music,Send,Smartphone,Twitter,Youtube!=!lucide-react' (imported as 'Youtube').

Import trace for requested module:
./src/app/new-order/page.tsx

./src/app/new-order/page.tsx
Attempted import error: 'Twitter' is not exported from '__barrel_optimize__?names=ArrowLeft,CheckCircle2,ChevronRight,Instagram,Music,Send,Smartphone,Twitter,Youtube!=!lucide-react' (imported as 'Twitter').

Import trace for requested module:
./src/app/new-order/page.tsx
 ⚠ ./src/app/new-order/page.tsx
Attempted import error: 'Instagram' is not exported from '__barrel_optimize__?names=ArrowLeft,CheckCircle2,ChevronRight,Instagram,Music,Send,Smartphone,Twitter,Youtube!=!lucide-react' (imported as 'Instagram').

Import trace for requested module:
./src/app/new-order/page.tsx

./src/app/new-order/page.tsx
Attempted import error: 'Youtube' is not exported from '__barrel_optimize__?names=ArrowLeft,CheckCircle2,ChevronRight,Instagram,Music,Send,Smartphone,Twitter,Youtube!=!lucide-react' (imported as 'Youtube').

Import trace for requested module:
./src/app/new-order/page.tsx

./src/app/new-order/page.tsx
Attempted import error: 'Twitter' is not exported from '__barrel_optimize__?names=ArrowLeft,CheckCircle2,ChevronRight,Instagram,Music,Send,Smartphone,Twitter,Youtube!=!lucide-react' (imported as 'Twitter').

Import trace for requested module:
./src/app/new-order/page.tsx
 GET /api/auth/session 500 in 1809ms
 ⨯ PrismaClientConstructorValidationError: Unknown property datasources provided to PrismaClient constructor.
Read more at https://pris.ly/d/client-constructor
    at jl (/app/node_modules/@prisma/client/runtime/client.js:66:3832)
    at new t (/app/node_modules/@prisma/client/runtime/client.js:70:1808)
    at prismaClientSingleton (webpack-internal:///(rsc)/./src/lib/prisma.ts:9:12)
    at eval (webpack-internal:///(rsc)/./src/lib/prisma.ts:17:43)
    at (rsc)/./src/lib/prisma.ts (/app/.next/server/app/api/auth/[...nextauth]/route.js:212:1)
    at __webpack_require__ (/app/.next/server/webpack-runtime.js:33:43)
    at eval (webpack-internal:///(rsc)/./src/lib/auth/authOptions.ts:10:69)
    at (rsc)/./src/lib/auth/authOptions.ts (/app/.next/server/app/api/auth/[...nextauth]/route.js:202:1)
    at __webpack_require__ (/app/.next/server/webpack-runtime.js:33:43)
    at eval (webpack-internal:///(rsc)/./src/app/api/auth/[...nextauth]/route.ts:8:79)
    at (rsc)/./src/app/api/auth/[...nextauth]/route.ts (/app/.next/server/app/api/auth/[...nextauth]/route.js:192:1)
    at __webpack_require__ (/app/.next/server/webpack-runtime.js:33:43)
    at eval (webpack-internal:///(rsc)/./node_modules/next/dist/build/webpack/loaders/next-app-loader.js?name=app%2Fapi%2Fauth%2F%5B...nextauth%5D%2Froute&page=%2Fapi%2Fauth%2F%5B...nextauth%5D%2Froute&appPaths=&pagePath=private-next-app-dir%2Fapi%2Fauth%2F%5B...nextauth%5D%2Froute.ts&appDir=%2Fapp%2Fsrc%2Fapp&pageExtensions=tsx&pageExtensions=ts&pageExtensions=jsx&pageExtensions=js&rootDir=%2Fapp&isDev=true&tsconfigPath=tsconfig.json&basePath=&assetPrefix=&nextConfigOutput=&preferredRegion=&middlewareConfig=e30%3D!:15:97)
    at (rsc)/./node_modules/next/dist/build/webpack/loaders/next-app-loader.js?name=app%2Fapi%2Fauth%2F%5B...nextauth%5D%2Froute&page=%2Fapi%2Fauth%2F%5B...nextauth%5D%2Froute&appPaths=&pagePath=private-next-app-dir%2Fapi%2Fauth%2F%5B...nextauth%5D%2Froute.ts&appDir=%2Fapp%2Fsrc%2Fapp&pageExtensions=tsx&pageExtensions=ts&pageExtensions=jsx&pageExtensions=js&rootDir=%2Fapp&isDev=true&tsconfigPath=tsconfig.json&basePath=&assetPrefix=&nextConfigOutput=&preferredRegion=&middlewareConfig=e30%3D! (/app/.next/server/app/api/auth/[...nextauth]/route.js:182:1)
    at __webpack_require__ (/app/.next/server/webpack-runtime.js:33:43)
    at __webpack_exec__ (/app/.next/server/app/api/auth/[...nextauth]/route.js:222:39)
    at /app/.next/server/app/api/auth/[...nextauth]/route.js:223:438
    at __webpack_require__.X (/app/.next/server/webpack-runtime.js:163:21)
    at /app/.next/server/app/api/auth/[...nextauth]/route.js:223:47
    at Object.<anonymous> (/app/.next/server/app/api/auth/[...nextauth]/route.js:226:3)
    at Module._compile (node:internal/modules/cjs/loader:1705:14)
    at Object..js (node:internal/modules/cjs/loader:1838:10)
    at Module.load (node:internal/modules/cjs/loader:1441:32)
    at Function._load (node:internal/modules/cjs/loader:1263:12)
    at TracingChannel.traceSync (node:diagnostics_channel:328:14)
    at wrapModuleLoad (node:internal/modules/cjs/loader:237:24)
    at Module.<anonymous> (node:internal/modules/cjs/loader:1463:12)
    at mod.require (/app/node_modules/next/dist/server/require-hook.js:65:28)
    at require (node:internal/modules/helpers:147:16)
    at requirePage (/app/node_modules/next/dist/server/require.js:109:84)
    at /app/node_modules/next/dist/server/load-components.js:103:84
    at async loadComponentsImpl (/app/node_modules/next/dist/server/load-components.js:103:26)
    at async DevServer.findPageComponentsImpl (/app/node_modules/next/dist/server/next-server.js:714:36)
    at async DevServer.findPageComponents (/app/node_modules/next/dist/server/dev/next-dev-server.js:577:20)
    at async DevServer.renderPageComponent (/app/node_modules/next/dist/server/base-server.js:1910:24)
    at async DevServer.renderToResponseImpl (/app/node_modules/next/dist/server/base-server.js:1962:32)
    at async DevServer.pipeImpl (/app/node_modules/next/dist/server/base-server.js:922:25)
    at async NextNodeServer.handleCatchallRenderRequest (/app/node_modules/next/dist/server/next-server.js:272:17)
    at async DevServer.handleRequestImpl (/app/node_modules/next/dist/server/base-server.js:818:17)
    at async /app/node_modules/next/dist/server/dev/next-dev-server.js:339:20
    at async Span.traceAsyncFn (/app/node_modules/next/dist/trace/trace.js:154:20)
    at async DevServer.handleRequest (/app/node_modules/next/dist/server/dev/next-dev-server.js:336:24)
    at async invokeRender (/app/node_modules/next/dist/server/lib/router-server.js:179:21)
    at async handleRequest (/app/node_modules/next/dist/server/lib/router-server.js:359:24)
    at async requestHandlerImpl (/app/node_modules/next/dist/server/lib/router-server.js:383:13)
    at async Server.requestListener (/app/node_modules/next/dist/server/lib/start-server.js:141:13) {
  page: '/api/auth/session'
}
 GET /api/auth/session 500 in 346ms
 ⨯ PrismaClientConstructorValidationError: Unknown property datasources provided to PrismaClient constructor.
Read more at https://pris.ly/d/client-constructor
    at jl (/app/node_modules/@prisma/client/runtime/client.js:66:3832)
    at new t (/app/node_modules/@prisma/client/runtime/client.js:70:1808)
    at prismaClientSingleton (webpack-internal:///(rsc)/./src/lib/prisma.ts:9:12)
    at eval (webpack-internal:///(rsc)/./src/lib/prisma.ts:17:43)
    at (rsc)/./src/lib/prisma.ts (/app/.next/server/app/api/auth/[...nextauth]/route.js:212:1)
    at __webpack_require__ (/app/.next/server/webpack-runtime.js:33:43)
    at eval (webpack-internal:///(rsc)/./src/lib/auth/authOptions.ts:10:69)
    at (rsc)/./src/lib/auth/authOptions.ts (/app/.next/server/app/api/auth/[...nextauth]/route.js:202:1)
    at __webpack_require__ (/app/.next/server/webpack-runtime.js:33:43)
    at eval (webpack-internal:///(rsc)/./src/app/api/auth/[...nextauth]/route.ts:8:79)
    at (rsc)/./src/app/api/auth/[...nextauth]/route.ts (/app/.next/server/app/api/auth/[...nextauth]/route.js:192:1)
    at __webpack_require__ (/app/.next/server/webpack-runtime.js:33:43)
    at eval (webpack-internal:///(rsc)/./node_modules/next/dist/build/webpack/loaders/next-app-loader.js?name=app%2Fapi%2Fauth%2F%5B...nextauth%5D%2Froute&page=%2Fapi%2Fauth%2F%5B...nextauth%5D%2Froute&appPaths=&pagePath=private-next-app-dir%2Fapi%2Fauth%2F%5B...nextauth%5D%2Froute.ts&appDir=%2Fapp%2Fsrc%2Fapp&pageExtensions=tsx&pageExtensions=ts&pageExtensions=jsx&pageExtensions=js&rootDir=%2Fapp&isDev=true&tsconfigPath=tsconfig.json&basePath=&assetPrefix=&nextConfigOutput=&preferredRegion=&middlewareConfig=e30%3D!:15:97)
    at (rsc)/./node_modules/next/dist/build/webpack/loaders/next-app-loader.js?name=app%2Fapi%2Fauth%2F%5B...nextauth%5D%2Froute&page=%2Fapi%2Fauth%2F%5B...nextauth%5D%2Froute&appPaths=&pagePath=private-next-app-dir%2Fapi%2Fauth%2F%5B...nextauth%5D%2Froute.ts&appDir=%2Fapp%2Fsrc%2Fapp&pageExtensions=tsx&pageExtensions=ts&pageExtensions=jsx&pageExtensions=js&rootDir=%2Fapp&isDev=true&tsconfigPath=tsconfig.json&basePath=&assetPrefix=&nextConfigOutput=&preferredRegion=&middlewareConfig=e30%3D! (/app/.next/server/app/api/auth/[...nextauth]/route.js:182:1)
    at __webpack_require__ (/app/.next/server/webpack-runtime.js:33:43)
    at __webpack_exec__ (/app/.next/server/app/api/auth/[...nextauth]/route.js:222:39)
    at /app/.next/server/app/api/auth/[...nextauth]/route.js:223:438
    at __webpack_require__.X (/app/.next/server/webpack-runtime.js:163:21)
    at /app/.next/server/app/api/auth/[...nextauth]/route.js:223:47
    at Object.<anonymous> (/app/.next/server/app/api/auth/[...nextauth]/route.js:226:3)
    at Module._compile (node:internal/modules/cjs/loader:1705:14)
    at Object..js (node:internal/modules/cjs/loader:1838:10)
    at Module.load (node:internal/modules/cjs/loader:1441:32)
    at Function._load (node:internal/modules/cjs/loader:1263:12)
    at TracingChannel.traceSync (node:diagnostics_channel:328:14)
    at wrapModuleLoad (node:internal/modules/cjs/loader:237:24)
    at Module.<anonymous> (node:internal/modules/cjs/loader:1463:12)
    at mod.require (/app/node_modules/next/dist/server/require-hook.js:65:28)
    at require (node:internal/modules/helpers:147:16)
    at requirePage (/app/node_modules/next/dist/server/require.js:109:84)
    at /app/node_modules/next/dist/server/load-components.js:103:84
    at async loadComponentsImpl (/app/node_modules/next/dist/server/load-components.js:103:26)
    at async DevServer.findPageComponentsImpl (/app/node_modules/next/dist/server/next-server.js:714:36)
    at async DevServer.findPageComponents (/app/node_modules/next/dist/server/dev/next-dev-server.js:577:20)
    at async DevServer.renderPageComponent (/app/node_modules/next/dist/server/base-server.js:1910:24)
    at async DevServer.renderToResponseImpl (/app/node_modules/next/dist/server/base-server.js:1962:32)
    at async DevServer.pipeImpl (/app/node_modules/next/dist/server/base-server.js:922:25)
    at async NextNodeServer.handleCatchallRenderRequest (/app/node_modules/next/dist/server/next-server.js:272:17)
    at async DevServer.handleRequestImpl (/app/node_modules/next/dist/server/base-server.js:818:17)
    at async /app/node_modules/next/dist/server/dev/next-dev-server.js:339:20
    at async Span.traceAsyncFn (/app/node_modules/next/dist/trace/trace.js:154:20)
    at async DevServer.handleRequest (/app/node_modules/next/dist/server/dev/next-dev-server.js:336:24)
    at async invokeRender (/app/node_modules/next/dist/server/lib/router-server.js:179:21)
    at async handleRequest (/app/node_modules/next/dist/server/lib/router-server.js:359:24)
    at async requestHandlerImpl (/app/node_modules/next/dist/server/lib/router-server.js:383:13)
    at async Server.requestListener (/app/node_modules/next/dist/server/lib/start-server.js:141:13) {
  page: '/api/auth/_log'
}
 GET /login 200 in 419ms
 POST /api/auth/_log 500 in 437ms
 ⨯ PrismaClientConstructorValidationError: Unknown property datasources provided to PrismaClient constructor.
Read more at https://pris.ly/d/client-constructor
    at jl (/app/node_modules/@prisma/client/runtime/client.js:66:3832)
    at new t (/app/node_modules/@prisma/client/runtime/client.js:70:1808)
    at prismaClientSingleton (webpack-internal:///(rsc)/./src/lib/prisma.ts:9:12)
    at eval (webpack-internal:///(rsc)/./src/lib/prisma.ts:17:43)
    at (rsc)/./src/lib/prisma.ts (/app/.next/server/app/api/auth/[...nextauth]/route.js:212:1)
    at __webpack_require__ (/app/.next/server/webpack-runtime.js:33:43)
    at eval (webpack-internal:///(rsc)/./src/lib/auth/authOptions.ts:10:69)
    at (rsc)/./src/lib/auth/authOptions.ts (/app/.next/server/app/api/auth/[...nextauth]/route.js:202:1)
    at __webpack_require__ (/app/.next/server/webpack-runtime.js:33:43)
    at eval (webpack-internal:///(rsc)/./src/app/api/auth/[...nextauth]/route.ts:8:79)
    at (rsc)/./src/app/api/auth/[...nextauth]/route.ts (/app/.next/server/app/api/auth/[...nextauth]/route.js:192:1)
    at __webpack_require__ (/app/.next/server/webpack-runtime.js:33:43)
    at eval (webpack-internal:///(rsc)/./node_modules/next/dist/build/webpack/loaders/next-app-loader.js?name=app%2Fapi%2Fauth%2F%5B...nextauth%5D%2Froute&page=%2Fapi%2Fauth%2F%5B...nextauth%5D%2Froute&appPaths=&pagePath=private-next-app-dir%2Fapi%2Fauth%2F%5B...nextauth%5D%2Froute.ts&appDir=%2Fapp%2Fsrc%2Fapp&pageExtensions=tsx&pageExtensions=ts&pageExtensions=jsx&pageExtensions=js&rootDir=%2Fapp&isDev=true&tsconfigPath=tsconfig.json&basePath=&assetPrefix=&nextConfigOutput=&preferredRegion=&middlewareConfig=e30%3D!:15:97)
    at (rsc)/./node_modules/next/dist/build/webpack/loaders/next-app-loader.js?name=app%2Fapi%2Fauth%2F%5B...nextauth%5D%2Froute&page=%2Fapi%2Fauth%2F%5B...nextauth%5D%2Froute&appPaths=&pagePath=private-next-app-dir%2Fapi%2Fauth%2F%5B...nextauth%5D%2Froute.ts&appDir=%2Fapp%2Fsrc%2Fapp&pageExtensions=tsx&pageExtensions=ts&pageExtensions=jsx&pageExtensions=js&rootDir=%2Fapp&isDev=true&tsconfigPath=tsconfig.json&basePath=&assetPrefix=&nextConfigOutput=&preferredRegion=&middlewareConfig=e30%3D! (/app/.next/server/app/api/auth/[...nextauth]/route.js:182:1)
    at __webpack_require__ (/app/.next/server/webpack-runtime.js:33:43)
    at __webpack_exec__ (/app/.next/server/app/api/auth/[...nextauth]/route.js:222:39)
    at /app/.next/server/app/api/auth/[...nextauth]/route.js:223:438
    at __webpack_require__.X (/app/.next/server/webpack-runtime.js:163:21)
    at /app/.next/server/app/api/auth/[...nextauth]/route.js:223:47
    at Object.<anonymous> (/app/.next/server/app/api/auth/[...nextauth]/route.js:226:3)
    at Module._compile (node:internal/modules/cjs/loader:1705:14)
    at Object..js (node:internal/modules/cjs/loader:1838:10)
    at Module.load (node:internal/modules/cjs/loader:1441:32)
    at Function._load (node:internal/modules/cjs/loader:1263:12)
    at TracingChannel.traceSync (node:diagnostics_channel:328:14)
    at wrapModuleLoad (node:internal/modules/cjs/loader:237:24)
    at Module.<anonymous> (node:internal/modules/cjs/loader:1463:12)
    at mod.require (/app/node_modules/next/dist/server/require-hook.js:65:28)
    at require (node:internal/modules/helpers:147:16)
    at requirePage (/app/node_modules/next/dist/server/require.js:109:84)
    at /app/node_modules/next/dist/server/load-components.js:103:84
    at async loadComponentsImpl (/app/node_modules/next/dist/server/load-components.js:103:26)
    at async DevServer.findPageComponentsImpl (/app/node_modules/next/dist/server/next-server.js:714:36)
    at async DevServer.findPageComponents (/app/node_modules/next/dist/server/dev/next-dev-server.js:577:20)
    at async DevServer.renderPageComponent (/app/node_modules/next/dist/server/base-server.js:1910:24)
    at async DevServer.renderToResponseImpl (/app/node_modules/next/dist/server/base-server.js:1962:32)
    at async DevServer.pipeImpl (/app/node_modules/next/dist/server/base-server.js:922:25)
    at async NextNodeServer.handleCatchallRenderRequest (/app/node_modules/next/dist/server/next-server.js:272:17)
    at async DevServer.handleRequestImpl (/app/node_modules/next/dist/server/base-server.js:818:17)
    at async /app/node_modules/next/dist/server/dev/next-dev-server.js:339:20
    at async Span.traceAsyncFn (/app/node_modules/next/dist/trace/trace.js:154:20)
    at async DevServer.handleRequest (/app/node_modules/next/dist/server/dev/next-dev-server.js:336:24)
    at async invokeRender (/app/node_modules/next/dist/server/lib/router-server.js:179:21)
    at async handleRequest (/app/node_modules/next/dist/server/lib/router-server.js:359:24)
    at async requestHandlerImpl (/app/node_modules/next/dist/server/lib/router-server.js:383:13)
    at async Server.requestListener (/app/node_modules/next/dist/server/lib/start-server.js:141:13) {
  page: '/api/auth/_log'
}
 POST /api/auth/_log 500 in 310ms
 ⨯ PrismaClientConstructorValidationError: Unknown property datasources provided to PrismaClient constructor.
Read more at https://pris.ly/d/client-constructor
    at jl (/app/node_modules/@prisma/client/runtime/client.js:66:3832)
    at new t (/app/node_modules/@prisma/client/runtime/client.js:70:1808)
    at prismaClientSingleton (webpack-internal:///(rsc)/./src/lib/prisma.ts:9:12)
    at eval (webpack-internal:///(rsc)/./src/lib/prisma.ts:17:43)
    at (rsc)/./src/lib/prisma.ts (/app/.next/server/app/api/auth/[...nextauth]/route.js:212:1)
    at __webpack_require__ (/app/.next/server/webpack-runtime.js:33:43)
    at eval (webpack-internal:///(rsc)/./src/lib/auth/authOptions.ts:10:69)
    at (rsc)/./src/lib/auth/authOptions.ts (/app/.next/server/app/api/auth/[...nextauth]/route.js:202:1)
    at __webpack_require__ (/app/.next/server/webpack-runtime.js:33:43)
    at eval (webpack-internal:///(rsc)/./src/app/api/auth/[...nextauth]/route.ts:8:79)
    at (rsc)/./src/app/api/auth/[...nextauth]/route.ts (/app/.next/server/app/api/auth/[...nextauth]/route.js:192:1)
    at __webpack_require__ (/app/.next/server/webpack-runtime.js:33:43)
    at eval (webpack-internal:///(rsc)/./node_modules/next/dist/build/webpack/loaders/next-app-loader.js?name=app%2Fapi%2Fauth%2F%5B...nextauth%5D%2Froute&page=%2Fapi%2Fauth%2F%5B...nextauth%5D%2Froute&appPaths=&pagePath=private-next-app-dir%2Fapi%2Fauth%2F%5B...nextauth%5D%2Froute.ts&appDir=%2Fapp%2Fsrc%2Fapp&pageExtensions=tsx&pageExtensions=ts&pageExtensions=jsx&pageExtensions=js&rootDir=%2Fapp&isDev=true&tsconfigPath=tsconfig.json&basePath=&assetPrefix=&nextConfigOutput=&preferredRegion=&middlewareConfig=e30%3D!:15:97)
    at (rsc)/./node_modules/next/dist/build/webpack/loaders/next-app-loader.js?name=app%2Fapi%2Fauth%2F%5B...nextauth%5D%2Froute&page=%2Fapi%2Fauth%2F%5B...nextauth%5D%2Froute&appPaths=&pagePath=private-next-app-dir%2Fapi%2Fauth%2F%5B...nextauth%5D%2Froute.ts&appDir=%2Fapp%2Fsrc%2Fapp&pageExtensions=tsx&pageExtensions=ts&pageExtensions=jsx&pageExtensions=js&rootDir=%2Fapp&isDev=true&tsconfigPath=tsconfig.json&basePath=&assetPrefix=&nextConfigOutput=&preferredRegion=&middlewareConfig=e30%3D! (/app/.next/server/app/api/auth/[...nextauth]/route.js:182:1)
    at __webpack_require__ (/app/.next/server/webpack-runtime.js:33:43)
    at __webpack_exec__ (/app/.next/server/app/api/auth/[...nextauth]/route.js:222:39)
    at /app/.next/server/app/api/auth/[...nextauth]/route.js:223:438
    at __webpack_require__.X (/app/.next/server/webpack-runtime.js:163:21)
    at /app/.next/server/app/api/auth/[...nextauth]/route.js:223:47
    at Object.<anonymous> (/app/.next/server/app/api/auth/[...nextauth]/route.js:226:3)
    at Module._compile (node:internal/modules/cjs/loader:1705:14)
    at Object..js (node:internal/modules/cjs/loader:1838:10)
    at Module.load (node:internal/modules/cjs/loader:1441:32)
    at Function._load (node:internal/modules/cjs/loader:1263:12)
    at TracingChannel.traceSync (node:diagnostics_channel:328:14)
    at wrapModuleLoad (node:internal/modules/cjs/loader:237:24)
    at Module.<anonymous> (node:internal/modules/cjs/loader:1463:12)
    at mod.require (/app/node_modules/next/dist/server/require-hook.js:65:28)
    at require (node:internal/modules/helpers:147:16)
    at requirePage (/app/node_modules/next/dist/server/require.js:109:84)
    at /app/node_modules/next/dist/server/load-components.js:103:84
    at async loadComponentsImpl (/app/node_modules/next/dist/server/load-components.js:103:26)
    at async DevServer.findPageComponentsImpl (/app/node_modules/next/dist/server/next-server.js:714:36)
    at async DevServer.findPageComponents (/app/node_modules/next/dist/server/dev/next-dev-server.js:577:20)
    at async DevServer.renderPageComponent (/app/node_modules/next/dist/server/base-server.js:1910:24)
    at async DevServer.renderToResponseImpl (/app/node_modules/next/dist/server/base-server.js:1962:32)
    at async DevServer.pipeImpl (/app/node_modules/next/dist/server/base-server.js:922:25)
    at async NextNodeServer.handleCatchallRenderRequest (/app/node_modules/next/dist/server/next-server.js:272:17)
    at async DevServer.handleRequestImpl (/app/node_modules/next/dist/server/base-server.js:818:17)
    at async /app/node_modules/next/dist/server/dev/next-dev-server.js:339:20
    at async Span.traceAsyncFn (/app/node_modules/next/dist/trace/trace.js:154:20)
    at async DevServer.handleRequest (/app/node_modules/next/dist/server/dev/next-dev-server.js:336:24)
    at async invokeRender (/app/node_modules/next/dist/server/lib/router-server.js:179:21)
    at async handleRequest (/app/node_modules/next/dist/server/lib/router-server.js:359:24)
    at async requestHandlerImpl (/app/node_modules/next/dist/server/lib/router-server.js:383:13)
    at async Server.requestListener (/app/node_modules/next/dist/server/lib/start-server.js:141:13) {
  page: '/api/auth/session'
}
 GET /api/auth/session 500 in 32ms
 ⨯ PrismaClientConstructorValidationError: Unknown property datasources provided to PrismaClient constructor.
Read more at https://pris.ly/d/client-constructor
    at jl (/app/node_modules/@prisma/client/runtime/client.js:66:3832)
    at new t (/app/node_modules/@prisma/client/runtime/client.js:70:1808)
    at prismaClientSingleton (webpack-internal:///(rsc)/./src/lib/prisma.ts:9:12)
    at eval (webpack-internal:///(rsc)/./src/lib/prisma.ts:17:43)
    at (rsc)/./src/lib/prisma.ts (/app/.next/server/app/api/auth/[...nextauth]/route.js:212:1)
    at __webpack_require__ (/app/.next/server/webpack-runtime.js:33:43)
    at eval (webpack-internal:///(rsc)/./src/lib/auth/authOptions.ts:10:69)
    at (rsc)/./src/lib/auth/authOptions.ts (/app/.next/server/app/api/auth/[...nextauth]/route.js:202:1)
    at __webpack_require__ (/app/.next/server/webpack-runtime.js:33:43)
    at eval (webpack-internal:///(rsc)/./src/app/api/auth/[...nextauth]/route.ts:8:79)
    at (rsc)/./src/app/api/auth/[...nextauth]/route.ts (/app/.next/server/app/api/auth/[...nextauth]/route.js:192:1)
    at __webpack_require__ (/app/.next/server/webpack-runtime.js:33:43)
    at eval (webpack-internal:///(rsc)/./node_modules/next/dist/build/webpack/loaders/next-app-loader.js?name=app%2Fapi%2Fauth%2F%5B...nextauth%5D%2Froute&page=%2Fapi%2Fauth%2F%5B...nextauth%5D%2Froute&appPaths=&pagePath=private-next-app-dir%2Fapi%2Fauth%2F%5B...nextauth%5D%2Froute.ts&appDir=%2Fapp%2Fsrc%2Fapp&pageExtensions=tsx&pageExtensions=ts&pageExtensions=jsx&pageExtensions=js&rootDir=%2Fapp&isDev=true&tsconfigPath=tsconfig.json&basePath=&assetPrefix=&nextConfigOutput=&preferredRegion=&middlewareConfig=e30%3D!:15:97)
    at (rsc)/./node_modules/next/dist/build/webpack/loaders/next-app-loader.js?name=app%2Fapi%2Fauth%2F%5B...nextauth%5D%2Froute&page=%2Fapi%2Fauth%2F%5B...nextauth%5D%2Froute&appPaths=&pagePath=private-next-app-dir%2Fapi%2Fauth%2F%5B...nextauth%5D%2Froute.ts&appDir=%2Fapp%2Fsrc%2Fapp&pageExtensions=tsx&pageExtensions=ts&pageExtensions=jsx&pageExtensions=js&rootDir=%2Fapp&isDev=true&tsconfigPath=tsconfig.json&basePath=&assetPrefix=&nextConfigOutput=&preferredRegion=&middlewareConfig=e30%3D! (/app/.next/server/app/api/auth/[...nextauth]/route.js:182:1)
    at __webpack_require__ (/app/.next/server/webpack-runtime.js:33:43)
    at __webpack_exec__ (/app/.next/server/app/api/auth/[...nextauth]/route.js:222:39)
    at /app/.next/server/app/api/auth/[...nextauth]/route.js:223:438
    at __webpack_require__.X (/app/.next/server/webpack-runtime.js:163:21)
    at /app/.next/server/app/api/auth/[...nextauth]/route.js:223:47
    at Object.<anonymous> (/app/.next/server/app/api/auth/[...nextauth]/route.js:226:3)
    at Module._compile (node:internal/modules/cjs/loader:1705:14)
    at Object..js (node:internal/modules/cjs/loader:1838:10)
    at Module.load (node:internal/modules/cjs/loader:1441:32)
    at Function._load (node:internal/modules/cjs/loader:1263:12)
    at TracingChannel.traceSync (node:diagnostics_channel:328:14)
    at wrapModuleLoad (node:internal/modules/cjs/loader:237:24)
    at Module.<anonymous> (node:internal/modules/cjs/loader:1463:12)
    at mod.require (/app/node_modules/next/dist/server/require-hook.js:65:28)
    at require (node:internal/modules/helpers:147:16)
    at requirePage (/app/node_modules/next/dist/server/require.js:109:84)
    at /app/node_modules/next/dist/server/load-components.js:103:84
    at async loadComponentsImpl (/app/node_modules/next/dist/server/load-components.js:103:26)
    at async DevServer.findPageComponentsImpl (/app/node_modules/next/dist/server/next-server.js:714:36)
    at async DevServer.findPageComponents (/app/node_modules/next/dist/server/dev/next-dev-server.js:577:20)
    at async DevServer.renderPageComponent (/app/node_modules/next/dist/server/base-server.js:1910:24)
    at async DevServer.renderToResponseImpl (/app/node_modules/next/dist/server/base-server.js:1962:32)
    at async DevServer.pipeImpl (/app/node_modules/next/dist/server/base-server.js:922:25)
    at async NextNodeServer.handleCatchallRenderRequest (/app/node_modules/next/dist/server/next-server.js:272:17)
    at async DevServer.handleRequestImpl (/app/node_modules/next/dist/server/base-server.js:818:17)
    at async /app/node_modules/next/dist/server/dev/next-dev-server.js:339:20
    at async Span.traceAsyncFn (/app/node_modules/next/dist/trace/trace.js:154:20)
    at async DevServer.handleRequest (/app/node_modules/next/dist/server/dev/next-dev-server.js:336:24)
    at async invokeRender (/app/node_modules/next/dist/server/lib/router-server.js:179:21)
    at async handleRequest (/app/node_modules/next/dist/server/lib/router-server.js:359:24)
    at async requestHandlerImpl (/app/node_modules/next/dist/server/lib/router-server.js:383:13)
    at async Server.requestListener (/app/node_modules/next/dist/server/lib/start-server.js:141:13) {
  page: '/api/auth/_log'
}
 ⨯ PrismaClientConstructorValidationError: Unknown property datasources provided to PrismaClient constructor.
Read more at https://pris.ly/d/client-constructor
    at jl (/app/node_modules/@prisma/client/runtime/client.js:66:3832)
    at new t (/app/node_modules/@prisma/client/runtime/client.js:70:1808)
    at prismaClientSingleton (webpack-internal:///(rsc)/./src/lib/prisma.ts:9:12)
    at eval (webpack-internal:///(rsc)/./src/lib/prisma.ts:17:43)
    at (rsc)/./src/lib/prisma.ts (/app/.next/server/app/api/auth/[...nextauth]/route.js:212:1)
    at __webpack_require__ (/app/.next/server/webpack-runtime.js:33:43)
    at eval (webpack-internal:///(rsc)/./src/lib/auth/authOptions.ts:10:69)
    at (rsc)/./src/lib/auth/authOptions.ts (/app/.next/server/app/api/auth/[...nextauth]/route.js:202:1)
    at __webpack_require__ (/app/.next/server/webpack-runtime.js:33:43)
    at eval (webpack-internal:///(rsc)/./src/app/api/auth/[...nextauth]/route.ts:8:79)
    at (rsc)/./src/app/api/auth/[...nextauth]/route.ts (/app/.next/server/app/api/auth/[...nextauth]/route.js:192:1)
    at __webpack_require__ (/app/.next/server/webpack-runtime.js:33:43)
    at eval (webpack-internal:///(rsc)/./node_modules/next/dist/build/webpack/loaders/next-app-loader.js?name=app%2Fapi%2Fauth%2F%5B...nextauth%5D%2Froute&page=%2Fapi%2Fauth%2F%5B...nextauth%5D%2Froute&appPaths=&pagePath=private-next-app-dir%2Fapi%2Fauth%2F%5B...nextauth%5D%2Froute.ts&appDir=%2Fapp%2Fsrc%2Fapp&pageExtensions=tsx&pageExtensions=ts&pageExtensions=jsx&pageExtensions=js&rootDir=%2Fapp&isDev=true&tsconfigPath=tsconfig.json&basePath=&assetPrefix=&nextConfigOutput=&preferredRegion=&middlewareConfig=e30%3D!:15:97)
    at (rsc)/./node_modules/next/dist/build/webpack/loaders/next-app-loader.js?name=app%2Fapi%2Fauth%2F%5B...nextauth%5D%2Froute&page=%2Fapi%2Fauth%2F%5B...nextauth%5D%2Froute&appPaths=&pagePath=private-next-app-dir%2Fapi%2Fauth%2F%5B...nextauth%5D%2Froute.ts&appDir=%2Fapp%2Fsrc%2Fapp&pageExtensions=tsx&pageExtensions=ts&pageExtensions=jsx&pageExtensions=js&rootDir=%2Fapp&isDev=true&tsconfigPath=tsconfig.json&basePath=&assetPrefix=&nextConfigOutput=&preferredRegion=&middlewareConfig=e30%3D! (/app/.next/server/app/api/auth/[...nextauth]/route.js:182:1)
    at __webpack_require__ (/app/.next/server/webpack-runtime.js:33:43)
    at __webpack_exec__ (/app/.next/server/app/api/auth/[...nextauth]/route.js:222:39)
    at /app/.next/server/app/api/auth/[...nextauth]/route.js:223:438
    at __webpack_require__.X (/app/.next/server/webpack-runtime.js:163:21)
    at /app/.next/server/app/api/auth/[...nextauth]/route.js:223:47
    at Object.<anonymous> (/app/.next/server/app/api/auth/[...nextauth]/route.js:226:3)
    at Module._compile (node:internal/modules/cjs/loader:1705:14)
    at Object..js (node:internal/modules/cjs/loader:1838:10)
    at Module.load (node:internal/modules/cjs/loader:1441:32)
    at Function._load (node:internal/modules/cjs/loader:1263:12)
    at TracingChannel.traceSync (node:diagnostics_channel:328:14)
    at wrapModuleLoad (node:internal/modules/cjs/loader:237:24)
    at Module.<anonymous> (node:internal/modules/cjs/loader:1463:12)
    at mod.require (/app/node_modules/next/dist/server/require-hook.js:65:28)
    at require (node:internal/modules/helpers:147:16)
    at requirePage (/app/node_modules/next/dist/server/require.js:109:84)
    at /app/node_modules/next/dist/server/load-components.js:103:84
    at async loadComponentsImpl (/app/node_modules/next/dist/server/load-components.js:103:26)
    at async DevServer.findPageComponentsImpl (/app/node_modules/next/dist/server/next-server.js:714:36)
    at async DevServer.findPageComponents (/app/node_modules/next/dist/server/dev/next-dev-server.js:577:20)
    at async DevServer.renderPageComponent (/app/node_modules/next/dist/server/base-server.js:1910:24)
    at async DevServer.renderToResponseImpl (/app/node_modules/next/dist/server/base-server.js:1962:32)
    at async DevServer.pipeImpl (/app/node_modules/next/dist/server/base-server.js:922:25)
    at async NextNodeServer.handleCatchallRenderRequest (/app/node_modules/next/dist/server/next-server.js:272:17)
    at async DevServer.handleRequestImpl (/app/node_modules/next/dist/server/base-server.js:818:17)
    at async /app/node_modules/next/dist/server/dev/next-dev-server.js:339:20
    at async Span.traceAsyncFn (/app/node_modules/next/dist/trace/trace.js:154:20)
    at async DevServer.handleRequest (/app/node_modules/next/dist/server/dev/next-dev-server.js:336:24)
    at async invokeRender (/app/node_modules/next/dist/server/lib/router-server.js:179:21)
    at async handleRequest (/app/node_modules/next/dist/server/lib/router-server.js:359:24)
    at async requestHandlerImpl (/app/node_modules/next/dist/server/lib/router-server.js:383:13)
    at async Server.requestListener (/app/node_modules/next/dist/server/lib/start-server.js:141:13) {
  page: '/api/auth/session'
}
 POST /api/auth/_log 500 in 40ms
 GET /api/auth/session 500 in 45ms
 ⨯ PrismaClientConstructorValidationError: Unknown property datasources provided to PrismaClient constructor.
Read more at https://pris.ly/d/client-constructor
    at jl (/app/node_modules/@prisma/client/runtime/client.js:66:3832)
    at new t (/app/node_modules/@prisma/client/runtime/client.js:70:1808)
    at prismaClientSingleton (webpack-internal:///(rsc)/./src/lib/prisma.ts:9:12)
    at eval (webpack-internal:///(rsc)/./src/lib/prisma.ts:17:43)
    at (rsc)/./src/lib/prisma.ts (/app/.next/server/app/api/auth/[...nextauth]/route.js:212:1)
    at __webpack_require__ (/app/.next/server/webpack-runtime.js:33:43)
    at eval (webpack-internal:///(rsc)/./src/lib/auth/authOptions.ts:10:69)
    at (rsc)/./src/lib/auth/authOptions.ts (/app/.next/server/app/api/auth/[...nextauth]/route.js:202:1)
    at __webpack_require__ (/app/.next/server/webpack-runtime.js:33:43)
    at eval (webpack-internal:///(rsc)/./src/app/api/auth/[...nextauth]/route.ts:8:79)
    at (rsc)/./src/app/api/auth/[...nextauth]/route.ts (/app/.next/server/app/api/auth/[...nextauth]/route.js:192:1)
    at __webpack_require__ (/app/.next/server/webpack-runtime.js:33:43)
    at eval (webpack-internal:///(rsc)/./node_modules/next/dist/build/webpack/loaders/next-app-loader.js?name=app%2Fapi%2Fauth%2F%5B...nextauth%5D%2Froute&page=%2Fapi%2Fauth%2F%5B...nextauth%5D%2Froute&appPaths=&pagePath=private-next-app-dir%2Fapi%2Fauth%2F%5B...nextauth%5D%2Froute.ts&appDir=%2Fapp%2Fsrc%2Fapp&pageExtensions=tsx&pageExtensions=ts&pageExtensions=jsx&pageExtensions=js&rootDir=%2Fapp&isDev=true&tsconfigPath=tsconfig.json&basePath=&assetPrefix=&nextConfigOutput=&preferredRegion=&middlewareConfig=e30%3D!:15:97)
    at (rsc)/./node_modules/next/dist/build/webpack/loaders/next-app-loader.js?name=app%2Fapi%2Fauth%2F%5B...nextauth%5D%2Froute&page=%2Fapi%2Fauth%2F%5B...nextauth%5D%2Froute&appPaths=&pagePath=private-next-app-dir%2Fapi%2Fauth%2F%5B...nextauth%5D%2Froute.ts&appDir=%2Fapp%2Fsrc%2Fapp&pageExtensions=tsx&pageExtensions=ts&pageExtensions=jsx&pageExtensions=js&rootDir=%2Fapp&isDev=true&tsconfigPath=tsconfig.json&basePath=&assetPrefix=&nextConfigOutput=&preferredRegion=&middlewareConfig=e30%3D! (/app/.next/server/app/api/auth/[...nextauth]/route.js:182:1)
    at __webpack_require__ (/app/.next/server/webpack-runtime.js:33:43)
    at __webpack_exec__ (/app/.next/server/app/api/auth/[...nextauth]/route.js:222:39)
    at /app/.next/server/app/api/auth/[...nextauth]/route.js:223:438
    at __webpack_require__.X (/app/.next/server/webpack-runtime.js:163:21)
    at /app/.next/server/app/api/auth/[...nextauth]/route.js:223:47
    at Object.<anonymous> (/app/.next/server/app/api/auth/[...nextauth]/route.js:226:3)
    at Module._compile (node:internal/modules/cjs/loader:1705:14)
    at Object..js (node:internal/modules/cjs/loader:1838:10)
    at Module.load (node:internal/modules/cjs/loader:1441:32)
    at Function._load (node:internal/modules/cjs/loader:1263:12)
    at TracingChannel.traceSync (node:diagnostics_channel:328:14)
    at wrapModuleLoad (node:internal/modules/cjs/loader:237:24)
    at Module.<anonymous> (node:internal/modules/cjs/loader:1463:12)
    at mod.require (/app/node_modules/next/dist/server/require-hook.js:65:28)
    at require (node:internal/modules/helpers:147:16)
    at requirePage (/app/node_modules/next/dist/server/require.js:109:84)
    at /app/node_modules/next/dist/server/load-components.js:103:84
    at async loadComponentsImpl (/app/node_modules/next/dist/server/load-components.js:103:26)
    at async DevServer.findPageComponentsImpl (/app/node_modules/next/dist/server/next-server.js:714:36)
    at async DevServer.findPageComponents (/app/node_modules/next/dist/server/dev/next-dev-server.js:577:20)
    at async DevServer.renderPageComponent (/app/node_modules/next/dist/server/base-server.js:1910:24)
    at async DevServer.renderToResponseImpl (/app/node_modules/next/dist/server/base-server.js:1962:32)
    at async DevServer.pipeImpl (/app/node_modules/next/dist/server/base-server.js:922:25)
    at async NextNodeServer.handleCatchallRenderRequest (/app/node_modules/next/dist/server/next-server.js:272:17)
    at async DevServer.handleRequestImpl (/app/node_modules/next/dist/server/base-server.js:818:17)
    at async /app/node_modules/next/dist/server/dev/next-dev-server.js:339:20
    at async Span.traceAsyncFn (/app/node_modules/next/dist/trace/trace.js:154:20)
    at async DevServer.handleRequest (/app/node_modules/next/dist/server/dev/next-dev-server.js:336:24)
    at async invokeRender (/app/node_modules/next/dist/server/lib/router-server.js:179:21)
    at async handleRequest (/app/node_modules/next/dist/server/lib/router-server.js:359:24)
    at async requestHandlerImpl (/app/node_modules/next/dist/server/lib/router-server.js:383:13)
    at async Server.requestListener (/app/node_modules/next/dist/server/lib/start-server.js:141:13) {
  page: '/api/auth/_log'
}
 POST /api/auth/_log 500 in 31ms
 GET /dashboard 200 in 110ms
 ⨯ PrismaClientConstructorValidationError: Unknown property datasources provided to PrismaClient constructor.
Read more at https://pris.ly/d/client-constructor
    at jl (/app/node_modules/@prisma/client/runtime/client.js:66:3832)
    at new t (/app/node_modules/@prisma/client/runtime/client.js:70:1808)
    at prismaClientSingleton (webpack-internal:///(rsc)/./src/lib/prisma.ts:9:12)
    at eval (webpack-internal:///(rsc)/./src/lib/prisma.ts:17:43)
    at (rsc)/./src/lib/prisma.ts (/app/.next/server/app/api/auth/[...nextauth]/route.js:212:1)
    at __webpack_require__ (/app/.next/server/webpack-runtime.js:33:43)
    at eval (webpack-internal:///(rsc)/./src/lib/auth/authOptions.ts:10:69)
    at (rsc)/./src/lib/auth/authOptions.ts (/app/.next/server/app/api/auth/[...nextauth]/route.js:202:1)
    at __webpack_require__ (/app/.next/server/webpack-runtime.js:33:43)
    at eval (webpack-internal:///(rsc)/./src/app/api/auth/[...nextauth]/route.ts:8:79)
    at (rsc)/./src/app/api/auth/[...nextauth]/route.ts (/app/.next/server/app/api/auth/[...nextauth]/route.js:192:1)
    at __webpack_require__ (/app/.next/server/webpack-runtime.js:33:43)
    at eval (webpack-internal:///(rsc)/./node_modules/next/dist/build/webpack/loaders/next-app-loader.js?name=app%2Fapi%2Fauth%2F%5B...nextauth%5D%2Froute&page=%2Fapi%2Fauth%2F%5B...nextauth%5D%2Froute&appPaths=&pagePath=private-next-app-dir%2Fapi%2Fauth%2F%5B...nextauth%5D%2Froute.ts&appDir=%2Fapp%2Fsrc%2Fapp&pageExtensions=tsx&pageExtensions=ts&pageExtensions=jsx&pageExtensions=js&rootDir=%2Fapp&isDev=true&tsconfigPath=tsconfig.json&basePath=&assetPrefix=&nextConfigOutput=&preferredRegion=&middlewareConfig=e30%3D!:15:97)
    at (rsc)/./node_modules/next/dist/build/webpack/loaders/next-app-loader.js?name=app%2Fapi%2Fauth%2F%5B...nextauth%5D%2Froute&page=%2Fapi%2Fauth%2F%5B...nextauth%5D%2Froute&appPaths=&pagePath=private-next-app-dir%2Fapi%2Fauth%2F%5B...nextauth%5D%2Froute.ts&appDir=%2Fapp%2Fsrc%2Fapp&pageExtensions=tsx&pageExtensions=ts&pageExtensions=jsx&pageExtensions=js&rootDir=%2Fapp&isDev=true&tsconfigPath=tsconfig.json&basePath=&assetPrefix=&nextConfigOutput=&preferredRegion=&middlewareConfig=e30%3D! (/app/.next/server/app/api/auth/[...nextauth]/route.js:182:1)
    at __webpack_require__ (/app/.next/server/webpack-runtime.js:33:43)
    at __webpack_exec__ (/app/.next/server/app/api/auth/[...nextauth]/route.js:222:39)
    at /app/.next/server/app/api/auth/[...nextauth]/route.js:223:438
    at __webpack_require__.X (/app/.next/server/webpack-runtime.js:163:21)
    at /app/.next/server/app/api/auth/[...nextauth]/route.js:223:47
    at Object.<anonymous> (/app/.next/server/app/api/auth/[...nextauth]/route.js:226:3)
    at Module._compile (node:internal/modules/cjs/loader:1705:14)
    at Object..js (node:internal/modules/cjs/loader:1838:10)
    at Module.load (node:internal/modules/cjs/loader:1441:32)
    at Function._load (node:internal/modules/cjs/loader:1263:12)
    at TracingChannel.traceSync (node:diagnostics_channel:328:14)
    at wrapModuleLoad (node:internal/modules/cjs/loader:237:24)
    at Module.<anonymous> (node:internal/modules/cjs/loader:1463:12)
    at mod.require (/app/node_modules/next/dist/server/require-hook.js:65:28)
    at require (node:internal/modules/helpers:147:16)
    at requirePage (/app/node_modules/next/dist/server/require.js:109:84)
    at /app/node_modules/next/dist/server/load-components.js:103:84
    at async loadComponentsImpl (/app/node_modules/next/dist/server/load-components.js:103:26)
    at async DevServer.findPageComponentsImpl (/app/node_modules/next/dist/server/next-server.js:714:36)
    at async DevServer.findPageComponents (/app/node_modules/next/dist/server/dev/next-dev-server.js:577:20)
    at async DevServer.renderPageComponent (/app/node_modules/next/dist/server/base-server.js:1910:24)
    at async DevServer.renderToResponseImpl (/app/node_modules/next/dist/server/base-server.js:1962:32)
    at async DevServer.pipeImpl (/app/node_modules/next/dist/server/base-server.js:922:25)
    at async NextNodeServer.handleCatchallRenderRequest (/app/node_modules/next/dist/server/next-server.js:272:17)
    at async DevServer.handleRequestImpl (/app/node_modules/next/dist/server/base-server.js:818:17)
    at async /app/node_modules/next/dist/server/dev/next-dev-server.js:339:20
    at async Span.traceAsyncFn (/app/node_modules/next/dist/trace/trace.js:154:20)
    at async DevServer.handleRequest (/app/node_modules/next/dist/server/dev/next-dev-server.js:336:24)
    at async invokeRender (/app/node_modules/next/dist/server/lib/router-server.js:179:21)
    at async handleRequest (/app/node_modules/next/dist/server/lib/router-server.js:359:24)
    at async requestHandlerImpl (/app/node_modules/next/dist/server/lib/router-server.js:383:13)
    at async Server.requestListener (/app/node_modules/next/dist/server/lib/start-server.js:141:13) {
  page: '/api/auth/session'
}
 GET /api/auth/session 500 in 341ms
 ⨯ PrismaClientConstructorValidationError: Unknown property datasources provided to PrismaClient constructor.
Read more at https://pris.ly/d/client-constructor
    at jl (/app/node_modules/@prisma/client/runtime/client.js:66:3832)
    at new t (/app/node_modules/@prisma/client/runtime/client.js:70:1808)
    at prismaClientSingleton (webpack-internal:///(rsc)/./src/lib/prisma.ts:9:12)
    at eval (webpack-internal:///(rsc)/./src/lib/prisma.ts:17:43)
    at (rsc)/./src/lib/prisma.ts (/app/.next/server/app/api/auth/[...nextauth]/route.js:212:1)
    at __webpack_require__ (/app/.next/server/webpack-runtime.js:33:43)
    at eval (webpack-internal:///(rsc)/./src/lib/auth/authOptions.ts:10:69)
    at (rsc)/./src/lib/auth/authOptions.ts (/app/.next/server/app/api/auth/[...nextauth]/route.js:202:1)
    at __webpack_require__ (/app/.next/server/webpack-runtime.js:33:43)
    at eval (webpack-internal:///(rsc)/./src/app/api/auth/[...nextauth]/route.ts:8:79)
    at (rsc)/./src/app/api/auth/[...nextauth]/route.ts (/app/.next/server/app/api/auth/[...nextauth]/route.js:192:1)
    at __webpack_require__ (/app/.next/server/webpack-runtime.js:33:43)
    at eval (webpack-internal:///(rsc)/./node_modules/next/dist/build/webpack/loaders/next-app-loader.js?name=app%2Fapi%2Fauth%2F%5B...nextauth%5D%2Froute&page=%2Fapi%2Fauth%2F%5B...nextauth%5D%2Froute&appPaths=&pagePath=private-next-app-dir%2Fapi%2Fauth%2F%5B...nextauth%5D%2Froute.ts&appDir=%2Fapp%2Fsrc%2Fapp&pageExtensions=tsx&pageExtensions=ts&pageExtensions=jsx&pageExtensions=js&rootDir=%2Fapp&isDev=true&tsconfigPath=tsconfig.json&basePath=&assetPrefix=&nextConfigOutput=&preferredRegion=&middlewareConfig=e30%3D!:15:97)
    at (rsc)/./node_modules/next/dist/build/webpack/loaders/next-app-loader.js?name=app%2Fapi%2Fauth%2F%5B...nextauth%5D%2Froute&page=%2Fapi%2Fauth%2F%5B...nextauth%5D%2Froute&appPaths=&pagePath=private-next-app-dir%2Fapi%2Fauth%2F%5B...nextauth%5D%2Froute.ts&appDir=%2Fapp%2Fsrc%2Fapp&pageExtensions=tsx&pageExtensions=ts&pageExtensions=jsx&pageExtensions=js&rootDir=%2Fapp&isDev=true&tsconfigPath=tsconfig.json&basePath=&assetPrefix=&nextConfigOutput=&preferredRegion=&middlewareConfig=e30%3D! (/app/.next/server/app/api/auth/[...nextauth]/route.js:182:1)
    at __webpack_require__ (/app/.next/server/webpack-runtime.js:33:43)
    at __webpack_exec__ (/app/.next/server/app/api/auth/[...nextauth]/route.js:222:39)
    at /app/.next/server/app/api/auth/[...nextauth]/route.js:223:438
    at __webpack_require__.X (/app/.next/server/webpack-runtime.js:163:21)
    at /app/.next/server/app/api/auth/[...nextauth]/route.js:223:47
    at Object.<anonymous> (/app/.next/server/app/api/auth/[...nextauth]/route.js:226:3)
    at Module._compile (node:internal/modules/cjs/loader:1705:14)
    at Object..js (node:internal/modules/cjs/loader:1838:10)
    at Module.load (node:internal/modules/cjs/loader:1441:32)
    at Function._load (node:internal/modules/cjs/loader:1263:12)
    at TracingChannel.traceSync (node:diagnostics_channel:328:14)
    at wrapModuleLoad (node:internal/modules/cjs/loader:237:24)
    at Module.<anonymous> (node:internal/modules/cjs/loader:1463:12)
    at mod.require (/app/node_modules/next/dist/server/require-hook.js:65:28)
    at require (node:internal/modules/helpers:147:16)
    at requirePage (/app/node_modules/next/dist/server/require.js:109:84)
    at /app/node_modules/next/dist/server/load-components.js:103:84
    at async loadComponentsImpl (/app/node_modules/next/dist/server/load-components.js:103:26)
    at async DevServer.findPageComponentsImpl (/app/node_modules/next/dist/server/next-server.js:714:36)
    at async DevServer.findPageComponents (/app/node_modules/next/dist/server/dev/next-dev-server.js:577:20)
    at async DevServer.renderPageComponent (/app/node_modules/next/dist/server/base-server.js:1910:24)
    at async DevServer.renderToResponseImpl (/app/node_modules/next/dist/server/base-server.js:1962:32)
    at async DevServer.pipeImpl (/app/node_modules/next/dist/server/base-server.js:922:25)
    at async NextNodeServer.handleCatchallRenderRequest (/app/node_modules/next/dist/server/next-server.js:272:17)
    at async DevServer.handleRequestImpl (/app/node_modules/next/dist/server/base-server.js:818:17)
    at async /app/node_modules/next/dist/server/dev/next-dev-server.js:339:20
    at async Span.traceAsyncFn (/app/node_modules/next/dist/trace/trace.js:154:20)
    at async DevServer.handleRequest (/app/node_modules/next/dist/server/dev/next-dev-server.js:336:24)
    at async invokeRender (/app/node_modules/next/dist/server/lib/router-server.js:179:21)
    at async handleRequest (/app/node_modules/next/dist/server/lib/router-server.js:359:24)
    at async requestHandlerImpl (/app/node_modules/next/dist/server/lib/router-server.js:383:13)
    at async Server.requestListener (/app/node_modules/next/dist/server/lib/start-server.js:141:13) {
  page: '/api/auth/session'
}
 ⨯ PrismaClientConstructorValidationError: Unknown property datasources provided to PrismaClient constructor.
Read more at https://pris.ly/d/client-constructor
    at jl (/app/node_modules/@prisma/client/runtime/client.js:66:3832)
    at new t (/app/node_modules/@prisma/client/runtime/client.js:70:1808)
    at prismaClientSingleton (webpack-internal:///(rsc)/./src/lib/prisma.ts:9:12)
    at eval (webpack-internal:///(rsc)/./src/lib/prisma.ts:17:43)
    at (rsc)/./src/lib/prisma.ts (/app/.next/server/app/api/auth/[...nextauth]/route.js:212:1)
    at __webpack_require__ (/app/.next/server/webpack-runtime.js:33:43)
    at eval (webpack-internal:///(rsc)/./src/lib/auth/authOptions.ts:10:69)
    at (rsc)/./src/lib/auth/authOptions.ts (/app/.next/server/app/api/auth/[...nextauth]/route.js:202:1)
    at __webpack_require__ (/app/.next/server/webpack-runtime.js:33:43)
    at eval (webpack-internal:///(rsc)/./src/app/api/auth/[...nextauth]/route.ts:8:79)
    at (rsc)/./src/app/api/auth/[...nextauth]/route.ts (/app/.next/server/app/api/auth/[...nextauth]/route.js:192:1)
    at __webpack_require__ (/app/.next/server/webpack-runtime.js:33:43)
    at eval (webpack-internal:///(rsc)/./node_modules/next/dist/build/webpack/loaders/next-app-loader.js?name=app%2Fapi%2Fauth%2F%5B...nextauth%5D%2Froute&page=%2Fapi%2Fauth%2F%5B...nextauth%5D%2Froute&appPaths=&pagePath=private-next-app-dir%2Fapi%2Fauth%2F%5B...nextauth%5D%2Froute.ts&appDir=%2Fapp%2Fsrc%2Fapp&pageExtensions=tsx&pageExtensions=ts&pageExtensions=jsx&pageExtensions=js&rootDir=%2Fapp&isDev=true&tsconfigPath=tsconfig.json&basePath=&assetPrefix=&nextConfigOutput=&preferredRegion=&middlewareConfig=e30%3D!:15:97)
    at (rsc)/./node_modules/next/dist/build/webpack/loaders/next-app-loader.js?name=app%2Fapi%2Fauth%2F%5B...nextauth%5D%2Froute&page=%2Fapi%2Fauth%2F%5B...nextauth%5D%2Froute&appPaths=&pagePath=private-next-app-dir%2Fapi%2Fauth%2F%5B...nextauth%5D%2Froute.ts&appDir=%2Fapp%2Fsrc%2Fapp&pageExtensions=tsx&pageExtensions=ts&pageExtensions=jsx&pageExtensions=js&rootDir=%2Fapp&isDev=true&tsconfigPath=tsconfig.json&basePath=&assetPrefix=&nextConfigOutput=&preferredRegion=&middlewareConfig=e30%3D! (/app/.next/server/app/api/auth/[...nextauth]/route.js:182:1)
    at __webpack_require__ (/app/.next/server/webpack-runtime.js:33:43)
    at __webpack_exec__ (/app/.next/server/app/api/auth/[...nextauth]/route.js:222:39)
    at /app/.next/server/app/api/auth/[...nextauth]/route.js:223:438
    at __webpack_require__.X (/app/.next/server/webpack-runtime.js:163:21)
    at /app/.next/server/app/api/auth/[...nextauth]/route.js:223:47
    at Object.<anonymous> (/app/.next/server/app/api/auth/[...nextauth]/route.js:226:3)
    at Module._compile (node:internal/modules/cjs/loader:1705:14)
    at Object..js (node:internal/modules/cjs/loader:1838:10)
    at Module.load (node:internal/modules/cjs/loader:1441:32)
    at Function._load (node:internal/modules/cjs/loader:1263:12)
    at TracingChannel.traceSync (node:diagnostics_channel:328:14)
    at wrapModuleLoad (node:internal/modules/cjs/loader:237:24)
    at Module.<anonymous> (node:internal/modules/cjs/loader:1463:12)
    at mod.require (/app/node_modules/next/dist/server/require-hook.js:65:28)
    at require (node:internal/modules/helpers:147:16)
    at requirePage (/app/node_modules/next/dist/server/require.js:109:84)
    at /app/node_modules/next/dist/server/load-components.js:103:84
    at async loadComponentsImpl (/app/node_modules/next/dist/server/load-components.js:103:26)
    at async DevServer.findPageComponentsImpl (/app/node_modules/next/dist/server/next-server.js:714:36)
    at async DevServer.findPageComponents (/app/node_modules/next/dist/server/dev/next-dev-server.js:577:20)
    at async DevServer.renderPageComponent (/app/node_modules/next/dist/server/base-server.js:1910:24)
    at async DevServer.renderToResponseImpl (/app/node_modules/next/dist/server/base-server.js:1962:32)
    at async DevServer.pipeImpl (/app/node_modules/next/dist/server/base-server.js:922:25)
    at async NextNodeServer.handleCatchallRenderRequest (/app/node_modules/next/dist/server/next-server.js:272:17)
    at async DevServer.handleRequestImpl (/app/node_modules/next/dist/server/base-server.js:818:17)
    at async /app/node_modules/next/dist/server/dev/next-dev-server.js:339:20
    at async Span.traceAsyncFn (/app/node_modules/next/dist/trace/trace.js:154:20)
    at async DevServer.handleRequest (/app/node_modules/next/dist/server/dev/next-dev-server.js:336:24)
    at async invokeRender (/app/node_modules/next/dist/server/lib/router-server.js:179:21)
    at async handleRequest (/app/node_modules/next/dist/server/lib/router-server.js:359:24)
    at async requestHandlerImpl (/app/node_modules/next/dist/server/lib/router-server.js:383:13)
    at async Server.requestListener (/app/node_modules/next/dist/server/lib/start-server.js:141:13) {
  page: '/api/auth/_log'
}
 GET /api/auth/session 500 in 56ms
 POST /api/auth/_log 500 in 48ms
 ⨯ PrismaClientConstructorValidationError: Unknown property datasources provided to PrismaClient constructor.
Read more at https://pris.ly/d/client-constructor
    at jl (/app/node_modules/@prisma/client/runtime/client.js:66:3832)
    at new t (/app/node_modules/@prisma/client/runtime/client.js:70:1808)
    at prismaClientSingleton (webpack-internal:///(rsc)/./src/lib/prisma.ts:9:12)
    at eval (webpack-internal:///(rsc)/./src/lib/prisma.ts:17:43)
    at (rsc)/./src/lib/prisma.ts (/app/.next/server/app/api/auth/[...nextauth]/route.js:212:1)
    at __webpack_require__ (/app/.next/server/webpack-runtime.js:33:43)
    at eval (webpack-internal:///(rsc)/./src/lib/auth/authOptions.ts:10:69)
    at (rsc)/./src/lib/auth/authOptions.ts (/app/.next/server/app/api/auth/[...nextauth]/route.js:202:1)
    at __webpack_require__ (/app/.next/server/webpack-runtime.js:33:43)
    at eval (webpack-internal:///(rsc)/./src/app/api/auth/[...nextauth]/route.ts:8:79)
    at (rsc)/./src/app/api/auth/[...nextauth]/route.ts (/app/.next/server/app/api/auth/[...nextauth]/route.js:192:1)
    at __webpack_require__ (/app/.next/server/webpack-runtime.js:33:43)
    at eval (webpack-internal:///(rsc)/./node_modules/next/dist/build/webpack/loaders/next-app-loader.js?name=app%2Fapi%2Fauth%2F%5B...nextauth%5D%2Froute&page=%2Fapi%2Fauth%2F%5B...nextauth%5D%2Froute&appPaths=&pagePath=private-next-app-dir%2Fapi%2Fauth%2F%5B...nextauth%5D%2Froute.ts&appDir=%2Fapp%2Fsrc%2Fapp&pageExtensions=tsx&pageExtensions=ts&pageExtensions=jsx&pageExtensions=js&rootDir=%2Fapp&isDev=true&tsconfigPath=tsconfig.json&basePath=&assetPrefix=&nextConfigOutput=&preferredRegion=&middlewareConfig=e30%3D!:15:97)
    at (rsc)/./node_modules/next/dist/build/webpack/loaders/next-app-loader.js?name=app%2Fapi%2Fauth%2F%5B...nextauth%5D%2Froute&page=%2Fapi%2Fauth%2F%5B...nextauth%5D%2Froute&appPaths=&pagePath=private-next-app-dir%2Fapi%2Fauth%2F%5B...nextauth%5D%2Froute.ts&appDir=%2Fapp%2Fsrc%2Fapp&pageExtensions=tsx&pageExtensions=ts&pageExtensions=jsx&pageExtensions=js&rootDir=%2Fapp&isDev=true&tsconfigPath=tsconfig.json&basePath=&assetPrefix=&nextConfigOutput=&preferredRegion=&middlewareConfig=e30%3D! (/app/.next/server/app/api/auth/[...nextauth]/route.js:182:1)
    at __webpack_require__ (/app/.next/server/webpack-runtime.js:33:43)
    at __webpack_exec__ (/app/.next/server/app/api/auth/[...nextauth]/route.js:222:39)
    at /app/.next/server/app/api/auth/[...nextauth]/route.js:223:438
    at __webpack_require__.X (/app/.next/server/webpack-runtime.js:163:21)
    at /app/.next/server/app/api/auth/[...nextauth]/route.js:223:47
    at Object.<anonymous> (/app/.next/server/app/api/auth/[...nextauth]/route.js:226:3)
    at Module._compile (node:internal/modules/cjs/loader:1705:14)
    at Object..js (node:internal/modules/cjs/loader:1838:10)
    at Module.load (node:internal/modules/cjs/loader:1441:32)
    at Function._load (node:internal/modules/cjs/loader:1263:12)
    at TracingChannel.traceSync (node:diagnostics_channel:328:14)
    at wrapModuleLoad (node:internal/modules/cjs/loader:237:24)
    at Module.<anonymous> (node:internal/modules/cjs/loader:1463:12)
    at mod.require (/app/node_modules/next/dist/server/require-hook.js:65:28)
    at require (node:internal/modules/helpers:147:16)
    at requirePage (/app/node_modules/next/dist/server/require.js:109:84)
    at /app/node_modules/next/dist/server/load-components.js:103:84
    at async loadComponentsImpl (/app/node_modules/next/dist/server/load-components.js:103:26)
    at async DevServer.findPageComponentsImpl (/app/node_modules/next/dist/server/next-server.js:714:36)
    at async DevServer.findPageComponents (/app/node_modules/next/dist/server/dev/next-dev-server.js:577:20)
    at async DevServer.renderPageComponent (/app/node_modules/next/dist/server/base-server.js:1910:24)
    at async DevServer.renderToResponseImpl (/app/node_modules/next/dist/server/base-server.js:1962:32)
    at async DevServer.pipeImpl (/app/node_modules/next/dist/server/base-server.js:922:25)
    at async NextNodeServer.handleCatchallRenderRequest (/app/node_modules/next/dist/server/next-server.js:272:17)
    at async DevServer.handleRequestImpl (/app/node_modules/next/dist/server/base-server.js:818:17)
    at async /app/node_modules/next/dist/server/dev/next-dev-server.js:339:20
    at async Span.traceAsyncFn (/app/node_modules/next/dist/trace/trace.js:154:20)
    at async DevServer.handleRequest (/app/node_modules/next/dist/server/dev/next-dev-server.js:336:24)
    at async invokeRender (/app/node_modules/next/dist/server/lib/router-server.js:179:21)
    at async handleRequest (/app/node_modules/next/dist/server/lib/router-server.js:359:24)
    at async requestHandlerImpl (/app/node_modules/next/dist/server/lib/router-server.js:383:13)
    at async Server.requestListener (/app/node_modules/next/dist/server/lib/start-server.js:141:13) {
  page: '/api/auth/_log'
}
 POST /api/auth/_log 500 in 42ms
 ⚠ ./src/app/new-order/page.tsx
Attempted import error: 'Instagram' is not exported from '__barrel_optimize__?names=ArrowLeft,CheckCircle2,ChevronRight,Instagram,Music,Send,Smartphone,Twitter,Youtube!=!lucide-react' (imported as 'Instagram').

Import trace for requested module:
./src/app/new-order/page.tsx

./src/app/new-order/page.tsx
Attempted import error: 'Youtube' is not exported from '__barrel_optimize__?names=ArrowLeft,CheckCircle2,ChevronRight,Instagram,Music,Send,Smartphone,Twitter,Youtube!=!lucide-react' (imported as 'Youtube').

Import trace for requested module:
./src/app/new-order/page.tsx

./src/app/new-order/page.tsx
Attempted import error: 'Twitter' is not exported from '__barrel_optimize__?names=ArrowLeft,CheckCircle2,ChevronRight,Instagram,Music,Send,Smartphone,Twitter,Youtube!=!lucide-react' (imported as 'Twitter').

Import trace for requested module:
./src/app/new-order/page.tsx
 ⚠ ./src/app/new-order/page.tsx
Attempted import error: 'Instagram' is not exported from '__barrel_optimize__?names=ArrowLeft,CheckCircle2,ChevronRight,Instagram,Music,Send,Smartphone,Twitter,Youtube!=!lucide-react' (imported as 'Instagram').

Import trace for requested module:
./src/app/new-order/page.tsx

./src/app/new-order/page.tsx
Attempted import error: 'Youtube' is not exported from '__barrel_optimize__?names=ArrowLeft,CheckCircle2,ChevronRight,Instagram,Music,Send,Smartphone,Twitter,Youtube!=!lucide-react' (imported as 'Youtube').

Import trace for requested module:
./src/app/new-order/page.tsx

./src/app/new-order/page.tsx
Attempted import error: 'Twitter' is not exported from '__barrel_optimize__?names=ArrowLeft,CheckCircle2,ChevronRight,Instagram,Music,Send,Smartphone,Twitter,Youtube!=!lucide-react' (imported as 'Twitter').

Import trace for requested module:
./src/app/new-order/page.tsx

./src/app/new-order/page.tsx
Attempted import error: 'Instagram' is not exported from '__barrel_optimize__?names=ArrowLeft,CheckCircle2,ChevronRight,Instagram,Music,Send,Smartphone,Twitter,Youtube!=!lucide-react' (imported as 'Instagram').

Import trace for requested module:
./src/app/new-order/page.tsx

./src/app/new-order/page.tsx
Attempted import error: 'Youtube' is not exported from '__barrel_optimize__?names=ArrowLeft,CheckCircle2,ChevronRight,Instagram,Music,Send,Smartphone,Twitter,Youtube!=!lucide-react' (imported as 'Youtube').

Import trace for requested module:
./src/app/new-order/page.tsx

./src/app/new-order/page.tsx
Attempted import error: 'Twitter' is not exported from '__barrel_optimize__?names=ArrowLeft,CheckCircle2,ChevronRight,Instagram,Music,Send,Smartphone,Twitter,Youtube!=!lucide-react' (imported as 'Twitter').

Import trace for requested module:
./src/app/new-order/page.tsx
Warning: React.jsx: type is invalid -- expected a string (for built-in components) or a class/function (for composite components) but got: undefined. You likely forgot to export your component from the file it's defined in, or you might have mixed up default and named imports.
    at NewOrderPage (webpack-internal:///(ssr)/./src/app/new-order/page.tsx:99:76)
    at ClientPageRoot (webpack-internal:///(ssr)/./node_modules/next/dist/client/components/client-page.js:14:11)
    at Lazy
    at InnerLayoutRouter (webpack-internal:///(ssr)/./node_modules/next/dist/client/components/layout-router.js:242:11)
    at RedirectErrorBoundary (webpack-internal:///(ssr)/./node_modules/next/dist/client/components/redirect-boundary.js:73:9)
    at RedirectBoundary (webpack-internal:///(ssr)/./node_modules/next/dist/client/components/redirect-boundary.js:81:11)
    at NotFoundBoundary (webpack-internal:///(ssr)/./node_modules/next/dist/client/components/not-found-boundary.js:84:11)
    at LoadingBoundary (webpack-internal:///(ssr)/./node_modules/next/dist/client/components/layout-router.js:347:11)
    at ErrorBoundary (webpack-internal:///(ssr)/./node_modules/next/dist/client/components/error-boundary.js:158:11)
    at InnerScrollAndFocusHandler (webpack-internal:///(ssr)/./node_modules/next/dist/client/components/layout-router.js:153:9)
    at ScrollAndFocusHandler (webpack-internal:///(ssr)/./node_modules/next/dist/client/components/layout-router.js:228:11)
    at RenderFromTemplateContext (webpack-internal:///(ssr)/./node_modules/next/dist/client/components/render-from-template-context.js:16:44)
    at Lazy
    at OuterLayoutRouter (webpack-internal:///(ssr)/./node_modules/next/dist/client/components/layout-router.js:367:11)
    at Lazy
    at main
    at MotionDOMComponent (webpack-internal:///(ssr)/./node_modules/framer-motion/dist/es/motion/index.mjs:60:65)
    at div
    at div
    at AppLayout (webpack-internal:///(ssr)/./src/components/layout/AppLayout.tsx:16:22)
    at Lazy
    at InnerLayoutRouter (webpack-internal:///(ssr)/./node_modules/next/dist/client/components/layout-router.js:242:11)
    at RedirectErrorBoundary (webpack-internal:///(ssr)/./node_modules/next/dist/client/components/redirect-boundary.js:73:9)
    at RedirectBoundary (webpack-internal:///(ssr)/./node_modules/next/dist/client/components/redirect-boundary.js:81:11)
    at NotFoundErrorBoundary (webpack-internal:///(ssr)/./node_modules/next/dist/client/components/not-found-boundary.js:76:9)
    at NotFoundBoundary (webpack-internal:///(ssr)/./node_modules/next/dist/client/components/not-found-boundary.js:84:11)
    at LoadingBoundary (webpack-internal:///(ssr)/./node_modules/next/dist/client/components/layout-router.js:347:11)
    at ErrorBoundary (webpack-internal:///(ssr)/./node_modules/next/dist/client/components/error-boundary.js:158:11)
    at InnerScrollAndFocusHandler (webpack-internal:///(ssr)/./node_modules/next/dist/client/components/layout-router.js:153:9)
    at ScrollAndFocusHandler (webpack-internal:///(ssr)/./node_modules/next/dist/client/components/layout-router.js:228:11)
    at RenderFromTemplateContext (webpack-internal:///(ssr)/./node_modules/next/dist/client/components/render-from-template-context.js:16:44)
    at Lazy
    at OuterLayoutRouter (webpack-internal:///(ssr)/./node_modules/next/dist/client/components/layout-router.js:367:11)
    at Lazy
    at PopChildMeasure (webpack-internal:///(ssr)/./node_modules/framer-motion/dist/es/components/AnimatePresence/PopChild.mjs:19:5)
    at PopChild (webpack-internal:///(ssr)/./node_modules/framer-motion/dist/es/components/AnimatePresence/PopChild.mjs:44:21)
    at PresenceChild (webpack-internal:///(ssr)/./node_modules/framer-motion/dist/es/components/AnimatePresence/PresenceChild.mjs:16:26)
    at AnimatePresence (webpack-internal:///(ssr)/./node_modules/framer-motion/dist/es/components/AnimatePresence/index.mjs:53:32)
    at SessionProvider (webpack-internal:///(ssr)/./node_modules/next-auth/react/index.js:364:24)
    at Providers (webpack-internal:///(ssr)/./src/app/providers.tsx:13:22)
    at Lazy
    at body
    at html
    at RedirectErrorBoundary (webpack-internal:///(ssr)/./node_modules/next/dist/client/components/redirect-boundary.js:73:9)
    at RedirectBoundary (webpack-internal:///(ssr)/./node_modules/next/dist/client/components/redirect-boundary.js:81:11)
    at ReactDevOverlay (webpack-internal:///(ssr)/./node_modules/next/dist/client/components/react-dev-overlay/app/ReactDevOverlay.js:87:9)
    at HotReload (webpack-internal:///(ssr)/./node_modules/next/dist/client/components/react-dev-overlay/app/hot-reloader-client.js:322:11)
    at Router (webpack-internal:///(ssr)/./node_modules/next/dist/client/components/app-router.js:202:11)
    at ErrorBoundaryHandler (webpack-internal:///(ssr)/./node_modules/next/dist/client/components/error-boundary.js:112:9)
    at ErrorBoundary (webpack-internal:///(ssr)/./node_modules/next/dist/client/components/error-boundary.js:158:11)
    at AppRouter (webpack-internal:///(ssr)/./node_modules/next/dist/client/components/app-router.js:564:13)
    at Lazy
    at r7 (/app/node_modules/next/dist/compiled/next-server/app-page.runtime.dev.js:40:19155)
    at r7 (/app/node_modules/next/dist/compiled/next-server/app-page.runtime.dev.js:40:19155)
    at ServerInsertedHTMLProvider (/app/node_modules/next/dist/compiled/next-server/app-page.runtime.dev.js:40:24939)
Warning: React.jsx: type is invalid -- expected a string (for built-in components) or a class/function (for composite components) but got: undefined. You likely forgot to export your component from the file it's defined in, or you might have mixed up default and named imports.
    at NewOrderPage (webpack-internal:///(ssr)/./src/app/new-order/page.tsx:99:76)
    at ClientPageRoot (webpack-internal:///(ssr)/./node_modules/next/dist/client/components/client-page.js:14:11)
    at Lazy
    at InnerLayoutRouter (webpack-internal:///(ssr)/./node_modules/next/dist/client/components/layout-router.js:242:11)
    at RedirectErrorBoundary (webpack-internal:///(ssr)/./node_modules/next/dist/client/components/redirect-boundary.js:73:9)
    at RedirectBoundary (webpack-internal:///(ssr)/./node_modules/next/dist/client/components/redirect-boundary.js:81:11)
    at NotFoundBoundary (webpack-internal:///(ssr)/./node_modules/next/dist/client/components/not-found-boundary.js:84:11)
    at LoadingBoundary (webpack-internal:///(ssr)/./node_modules/next/dist/client/components/layout-router.js:347:11)
    at ErrorBoundary (webpack-internal:///(ssr)/./node_modules/next/dist/client/components/error-boundary.js:158:11)
    at InnerScrollAndFocusHandler (webpack-internal:///(ssr)/./node_modules/next/dist/client/components/layout-router.js:153:9)
    at ScrollAndFocusHandler (webpack-internal:///(ssr)/./node_modules/next/dist/client/components/layout-router.js:228:11)
    at RenderFromTemplateContext (webpack-internal:///(ssr)/./node_modules/next/dist/client/components/render-from-template-context.js:16:44)
    at Lazy
    at OuterLayoutRouter (webpack-internal:///(ssr)/./node_modules/next/dist/client/components/layout-router.js:367:11)
    at Lazy
    at main
    at MotionDOMComponent (webpack-internal:///(ssr)/./node_modules/framer-motion/dist/es/motion/index.mjs:60:65)
    at div
    at div
    at AppLayout (webpack-internal:///(ssr)/./src/components/layout/AppLayout.tsx:16:22)
    at Lazy
    at InnerLayoutRouter (webpack-internal:///(ssr)/./node_modules/next/dist/client/components/layout-router.js:242:11)
    at RedirectErrorBoundary (webpack-internal:///(ssr)/./node_modules/next/dist/client/components/redirect-boundary.js:73:9)
    at RedirectBoundary (webpack-internal:///(ssr)/./node_modules/next/dist/client/components/redirect-boundary.js:81:11)
    at NotFoundErrorBoundary (webpack-internal:///(ssr)/./node_modules/next/dist/client/components/not-found-boundary.js:76:9)
    at NotFoundBoundary (webpack-internal:///(ssr)/./node_modules/next/dist/client/components/not-found-boundary.js:84:11)
    at LoadingBoundary (webpack-internal:///(ssr)/./node_modules/next/dist/client/components/layout-router.js:347:11)
    at ErrorBoundary (webpack-internal:///(ssr)/./node_modules/next/dist/client/components/error-boundary.js:158:11)
    at InnerScrollAndFocusHandler (webpack-internal:///(ssr)/./node_modules/next/dist/client/components/layout-router.js:153:9)
    at ScrollAndFocusHandler (webpack-internal:///(ssr)/./node_modules/next/dist/client/components/layout-router.js:228:11)
    at RenderFromTemplateContext (webpack-internal:///(ssr)/./node_modules/next/dist/client/components/render-from-template-context.js:16:44)
    at Lazy
    at OuterLayoutRouter (webpack-internal:///(ssr)/./node_modules/next/dist/client/components/layout-router.js:367:11)
    at Lazy
    at PopChildMeasure (webpack-internal:///(ssr)/./node_modules/framer-motion/dist/es/components/AnimatePresence/PopChild.mjs:19:5)
    at PopChild (webpack-internal:///(ssr)/./node_modules/framer-motion/dist/es/components/AnimatePresence/PopChild.mjs:44:21)
    at PresenceChild (webpack-internal:///(ssr)/./node_modules/framer-motion/dist/es/components/AnimatePresence/PresenceChild.mjs:16:26)
    at AnimatePresence (webpack-internal:///(ssr)/./node_modules/framer-motion/dist/es/components/AnimatePresence/index.mjs:53:32)
    at SessionProvider (webpack-internal:///(ssr)/./node_modules/next-auth/react/index.js:364:24)
    at Providers (webpack-internal:///(ssr)/./src/app/providers.tsx:13:22)
    at Lazy
    at body
    at html
    at RedirectErrorBoundary (webpack-internal:///(ssr)/./node_modules/next/dist/client/components/redirect-boundary.js:73:9)
    at RedirectBoundary (webpack-internal:///(ssr)/./node_modules/next/dist/client/components/redirect-boundary.js:81:11)
    at ReactDevOverlay (webpack-internal:///(ssr)/./node_modules/next/dist/client/components/react-dev-overlay/app/ReactDevOverlay.js:87:9)
    at HotReload (webpack-internal:///(ssr)/./node_modules/next/dist/client/components/react-dev-overlay/app/hot-reloader-client.js:322:11)
    at Router (webpack-internal:///(ssr)/./node_modules/next/dist/client/components/app-router.js:202:11)
    at ErrorBoundaryHandler (webpack-internal:///(ssr)/./node_modules/next/dist/client/components/error-boundary.js:112:9)
    at ErrorBoundary (webpack-internal:///(ssr)/./node_modules/next/dist/client/components/error-boundary.js:158:11)
    at AppRouter (webpack-internal:///(ssr)/./node_modules/next/dist/client/components/app-router.js:564:13)
    at Lazy
    at r7 (/app/node_modules/next/dist/compiled/next-server/app-page.runtime.dev.js:40:19155)
    at r7 (/app/node_modules/next/dist/compiled/next-server/app-page.runtime.dev.js:40:19155)
    at ServerInsertedHTMLProvider (/app/node_modules/next/dist/compiled/next-server/app-page.runtime.dev.js:40:24939)
Warning: React.jsx: type is invalid -- expected a string (for built-in components) or a class/function (for composite components) but got: undefined. You likely forgot to export your component from the file it's defined in, or you might have mixed up default and named imports.
    at NewOrderPage (webpack-internal:///(ssr)/./src/app/new-order/page.tsx:99:76)
    at ClientPageRoot (webpack-internal:///(ssr)/./node_modules/next/dist/client/components/client-page.js:14:11)
    at Lazy
    at InnerLayoutRouter (webpack-internal:///(ssr)/./node_modules/next/dist/client/components/layout-router.js:242:11)
    at RedirectErrorBoundary (webpack-internal:///(ssr)/./node_modules/next/dist/client/components/redirect-boundary.js:73:9)
    at RedirectBoundary (webpack-internal:///(ssr)/./node_modules/next/dist/client/components/redirect-boundary.js:81:11)
    at NotFoundBoundary (webpack-internal:///(ssr)/./node_modules/next/dist/client/components/not-found-boundary.js:84:11)
    at LoadingBoundary (webpack-internal:///(ssr)/./node_modules/next/dist/client/components/layout-router.js:347:11)
    at ErrorBoundary (webpack-internal:///(ssr)/./node_modules/next/dist/client/components/error-boundary.js:158:11)
    at InnerScrollAndFocusHandler (webpack-internal:///(ssr)/./node_modules/next/dist/client/components/layout-router.js:153:9)
    at ScrollAndFocusHandler (webpack-internal:///(ssr)/./node_modules/next/dist/client/components/layout-router.js:228:11)
    at RenderFromTemplateContext (webpack-internal:///(ssr)/./node_modules/next/dist/client/components/render-from-template-context.js:16:44)
    at Lazy
    at OuterLayoutRouter (webpack-internal:///(ssr)/./node_modules/next/dist/client/components/layout-router.js:367:11)
    at Lazy
    at main
    at MotionDOMComponent (webpack-internal:///(ssr)/./node_modules/framer-motion/dist/es/motion/index.mjs:60:65)
    at div
    at div
    at AppLayout (webpack-internal:///(ssr)/./src/components/layout/AppLayout.tsx:16:22)
    at Lazy
    at InnerLayoutRouter (webpack-internal:///(ssr)/./node_modules/next/dist/client/components/layout-router.js:242:11)
    at RedirectErrorBoundary (webpack-internal:///(ssr)/./node_modules/next/dist/client/components/redirect-boundary.js:73:9)
    at RedirectBoundary (webpack-internal:///(ssr)/./node_modules/next/dist/client/components/redirect-boundary.js:81:11)
    at NotFoundErrorBoundary (webpack-internal:///(ssr)/./node_modules/next/dist/client/components/not-found-boundary.js:76:9)
    at NotFoundBoundary (webpack-internal:///(ssr)/./node_modules/next/dist/client/components/not-found-boundary.js:84:11)
    at LoadingBoundary (webpack-internal:///(ssr)/./node_modules/next/dist/client/components/layout-router.js:347:11)
    at ErrorBoundary (webpack-internal:///(ssr)/./node_modules/next/dist/client/components/error-boundary.js:158:11)
    at InnerScrollAndFocusHandler (webpack-internal:///(ssr)/./node_modules/next/dist/client/components/layout-router.js:153:9)
    at ScrollAndFocusHandler (webpack-internal:///(ssr)/./node_modules/next/dist/client/components/layout-router.js:228:11)
    at RenderFromTemplateContext (webpack-internal:///(ssr)/./node_modules/next/dist/client/components/render-from-template-context.js:16:44)
    at Lazy
    at OuterLayoutRouter (webpack-internal:///(ssr)/./node_modules/next/dist/client/components/layout-router.js:367:11)
    at Lazy
    at PopChildMeasure (webpack-internal:///(ssr)/./node_modules/framer-motion/dist/es/components/AnimatePresence/PopChild.mjs:19:5)
    at PopChild (webpack-internal:///(ssr)/./node_modules/framer-motion/dist/es/components/AnimatePresence/PopChild.mjs:44:21)
    at PresenceChild (webpack-internal:///(ssr)/./node_modules/framer-motion/dist/es/components/AnimatePresence/PresenceChild.mjs:16:26)
    at AnimatePresence (webpack-internal:///(ssr)/./node_modules/framer-motion/dist/es/components/AnimatePresence/index.mjs:53:32)
    at SessionProvider (webpack-internal:///(ssr)/./node_modules/next-auth/react/index.js:364:24)
    at Providers (webpack-internal:///(ssr)/./src/app/providers.tsx:13:22)
    at Lazy
    at body
    at html
    at RedirectErrorBoundary (webpack-internal:///(ssr)/./node_modules/next/dist/client/components/redirect-boundary.js:73:9)
    at RedirectBoundary (webpack-internal:///(ssr)/./node_modules/next/dist/client/components/redirect-boundary.js:81:11)
    at ReactDevOverlay (webpack-internal:///(ssr)/./node_modules/next/dist/client/components/react-dev-overlay/app/ReactDevOverlay.js:87:9)
    at HotReload (webpack-internal:///(ssr)/./node_modules/next/dist/client/components/react-dev-overlay/app/hot-reloader-client.js:322:11)
    at Router (webpack-internal:///(ssr)/./node_modules/next/dist/client/components/app-router.js:202:11)
    at ErrorBoundaryHandler (webpack-internal:///(ssr)/./node_modules/next/dist/client/components/error-boundary.js:112:9)
    at ErrorBoundary (webpack-internal:///(ssr)/./node_modules/next/dist/client/components/error-boundary.js:158:11)
    at AppRouter (webpack-internal:///(ssr)/./node_modules/next/dist/client/components/app-router.js:564:13)
    at Lazy
    at r7 (/app/node_modules/next/dist/compiled/next-server/app-page.runtime.dev.js:40:19155)
    at r7 (/app/node_modules/next/dist/compiled/next-server/app-page.runtime.dev.js:40:19155)
    at ServerInsertedHTMLProvider (/app/node_modules/next/dist/compiled/next-server/app-page.runtime.dev.js:40:24939)
 ⨯ Internal error: Error: Element type is invalid: expected a string (for built-in components) or a class/function (for composite components) but got: undefined. You likely forgot to export your component from the file it's defined in, or you might have mixed up default and named imports.
    at aw (/app/node_modules/next/dist/compiled/next-server/app-page.runtime.dev.js:35:46775)
    at a_ (/app/node_modules/next/dist/compiled/next-server/app-page.runtime.dev.js:35:49776)
    at aj (/app/node_modules/next/dist/compiled/next-server/app-page.runtime.dev.js:35:53793)
    at aC (/app/node_modules/next/dist/compiled/next-server/app-page.runtime.dev.js:35:52874)
    at a_ (/app/node_modules/next/dist/compiled/next-server/app-page.runtime.dev.js:35:50095)
    at aj (/app/node_modules/next/dist/compiled/next-server/app-page.runtime.dev.js:35:53793)
    at /app/node_modules/next/dist/compiled/next-server/app-page.runtime.dev.js:35:42336
    at aw (/app/node_modules/next/dist/compiled/next-server/app-page.runtime.dev.js:35:42822)
    at a_ (/app/node_modules/next/dist/compiled/next-server/app-page.runtime.dev.js:35:49776)
    at aj (/app/node_modules/next/dist/compiled/next-server/app-page.runtime.dev.js:35:53793)
    at aC (/app/node_modules/next/dist/compiled/next-server/app-page.runtime.dev.js:35:52874)
    at a_ (/app/node_modules/next/dist/compiled/next-server/app-page.runtime.dev.js:35:50095)
    at aj (/app/node_modules/next/dist/compiled/next-server/app-page.runtime.dev.js:35:53793)
    at /app/node_modules/next/dist/compiled/next-server/app-page.runtime.dev.js:35:42336
    at aw (/app/node_modules/next/dist/compiled/next-server/app-page.runtime.dev.js:35:42822)
    at a_ (/app/node_modules/next/dist/compiled/next-server/app-page.runtime.dev.js:35:49776)
    at aj (/app/node_modules/next/dist/compiled/next-server/app-page.runtime.dev.js:35:53793)
    at aC (/app/node_modules/next/dist/compiled/next-server/app-page.runtime.dev.js:35:52874)
    at a_ (/app/node_modules/next/dist/compiled/next-server/app-page.runtime.dev.js:35:50095)
    at aw (/app/node_modules/next/dist/compiled/next-server/app-page.runtime.dev.js:35:45321)
    at a_ (/app/node_modules/next/dist/compiled/next-server/app-page.runtime.dev.js:35:49776)
    at ab (/app/node_modules/next/dist/compiled/next-server/app-page.runtime.dev.js:35:11808)
    at aw (/app/node_modules/next/dist/compiled/next-server/app-page.runtime.dev.js:35:44769)
    at a_ (/app/node_modules/next/dist/compiled/next-server/app-page.runtime.dev.js:35:49776)
    at ac (/app/node_modules/next/dist/compiled/next-server/app-page.runtime.dev.js:35:11400)
    at aw (/app/node_modules/next/dist/compiled/next-server/app-page.runtime.dev.js:35:14707)
    at a_ (/app/node_modules/next/dist/compiled/next-server/app-page.runtime.dev.js:35:49776)
    at aj (/app/node_modules/next/dist/compiled/next-server/app-page.runtime.dev.js:35:53793)
    at ab (/app/node_modules/next/dist/compiled/next-server/app-page.runtime.dev.js:35:11759)
    at /app/node_modules/next/dist/compiled/next-server/app-page.runtime.dev.js:35:16871
    at aw (/app/node_modules/next/dist/compiled/next-server/app-page.runtime.dev.js:35:16908)
    at a_ (/app/node_modules/next/dist/compiled/next-server/app-page.runtime.dev.js:35:49776)
    at aw (/app/node_modules/next/dist/compiled/next-server/app-page.runtime.dev.js:35:45321)
    at a_ (/app/node_modules/next/dist/compiled/next-server/app-page.runtime.dev.js:35:49776)
    at aj (/app/node_modules/next/dist/compiled/next-server/app-page.runtime.dev.js:35:53793)
    at ab (/app/node_modules/next/dist/compiled/next-server/app-page.runtime.dev.js:35:11759)
    at /app/node_modules/next/dist/compiled/next-server/app-page.runtime.dev.js:35:16871
    at aw (/app/node_modules/next/dist/compiled/next-server/app-page.runtime.dev.js:35:16908)
    at a_ (/app/node_modules/next/dist/compiled/next-server/app-page.runtime.dev.js:35:49776)
    at aj (/app/node_modules/next/dist/compiled/next-server/app-page.runtime.dev.js:35:53793)
    at aC (/app/node_modules/next/dist/compiled/next-server/app-page.runtime.dev.js:35:52874)
    at a_ (/app/node_modules/next/dist/compiled/next-server/app-page.runtime.dev.js:35:50095)
    at aw (/app/node_modules/next/dist/compiled/next-server/app-page.runtime.dev.js:35:42922)
    at a_ (/app/node_modules/next/dist/compiled/next-server/app-page.runtime.dev.js:35:49776)
    at aj (/app/node_modules/next/dist/compiled/next-server/app-page.runtime.dev.js:35:53793)
    at ab (/app/node_modules/next/dist/compiled/next-server/app-page.runtime.dev.js:35:11759)
    at /app/node_modules/next/dist/compiled/next-server/app-page.runtime.dev.js:35:16871
    at aw (/app/node_modules/next/dist/compiled/next-server/app-page.runtime.dev.js:35:16908)
    at a_ (/app/node_modules/next/dist/compiled/next-server/app-page.runtime.dev.js:35:49776)
    at aj (/app/node_modules/next/dist/compiled/next-server/app-page.runtime.dev.js:35:53793)
digest: "1990016418"
 GET /new-order 500 in 1050ms
 GET /orders 200 in 89ms
 ⨯ PrismaClientConstructorValidationError: Unknown property datasources provided to PrismaClient constructor.
Read more at https://pris.ly/d/client-constructor
    at jl (/app/node_modules/@prisma/client/runtime/client.js:66:3832)
    at new t (/app/node_modules/@prisma/client/runtime/client.js:70:1808)
    at prismaClientSingleton (webpack-internal:///(rsc)/./src/lib/prisma.ts:9:12)
    at eval (webpack-internal:///(rsc)/./src/lib/prisma.ts:17:43)
    at (rsc)/./src/lib/prisma.ts (/app/.next/server/app/api/auth/[...nextauth]/route.js:212:1)
    at __webpack_require__ (/app/.next/server/webpack-runtime.js:33:43)
    at eval (webpack-internal:///(rsc)/./src/lib/auth/authOptions.ts:10:69)
    at (rsc)/./src/lib/auth/authOptions.ts (/app/.next/server/app/api/auth/[...nextauth]/route.js:202:1)
    at __webpack_require__ (/app/.next/server/webpack-runtime.js:33:43)
    at eval (webpack-internal:///(rsc)/./src/app/api/auth/[...nextauth]/route.ts:8:79)
    at (rsc)/./src/app/api/auth/[...nextauth]/route.ts (/app/.next/server/app/api/auth/[...nextauth]/route.js:192:1)
    at __webpack_require__ (/app/.next/server/webpack-runtime.js:33:43)
    at eval (webpack-internal:///(rsc)/./node_modules/next/dist/build/webpack/loaders/next-app-loader.js?name=app%2Fapi%2Fauth%2F%5B...nextauth%5D%2Froute&page=%2Fapi%2Fauth%2F%5B...nextauth%5D%2Froute&appPaths=&pagePath=private-next-app-dir%2Fapi%2Fauth%2F%5B...nextauth%5D%2Froute.ts&appDir=%2Fapp%2Fsrc%2Fapp&pageExtensions=tsx&pageExtensions=ts&pageExtensions=jsx&pageExtensions=js&rootDir=%2Fapp&isDev=true&tsconfigPath=tsconfig.json&basePath=&assetPrefix=&nextConfigOutput=&preferredRegion=&middlewareConfig=e30%3D!:15:97)
    at (rsc)/./node_modules/next/dist/build/webpack/loaders/next-app-loader.js?name=app%2Fapi%2Fauth%2F%5B...nextauth%5D%2Froute&page=%2Fapi%2Fauth%2F%5B...nextauth%5D%2Froute&appPaths=&pagePath=private-next-app-dir%2Fapi%2Fauth%2F%5B...nextauth%5D%2Froute.ts&appDir=%2Fapp%2Fsrc%2Fapp&pageExtensions=tsx&pageExtensions=ts&pageExtensions=jsx&pageExtensions=js&rootDir=%2Fapp&isDev=true&tsconfigPath=tsconfig.json&basePath=&assetPrefix=&nextConfigOutput=&preferredRegion=&middlewareConfig=e30%3D! (/app/.next/server/app/api/auth/[...nextauth]/route.js:182:1)
    at __webpack_require__ (/app/.next/server/webpack-runtime.js:33:43)
    at __webpack_exec__ (/app/.next/server/app/api/auth/[...nextauth]/route.js:222:39)
    at /app/.next/server/app/api/auth/[...nextauth]/route.js:223:438
    at __webpack_require__.X (/app/.next/server/webpack-runtime.js:163:21)
    at /app/.next/server/app/api/auth/[...nextauth]/route.js:223:47
    at Object.<anonymous> (/app/.next/server/app/api/auth/[...nextauth]/route.js:226:3)
    at Module._compile (node:internal/modules/cjs/loader:1705:14)
    at Object..js (node:internal/modules/cjs/loader:1838:10)
    at Module.load (node:internal/modules/cjs/loader:1441:32)
    at Function._load (node:internal/modules/cjs/loader:1263:12)
    at TracingChannel.traceSync (node:diagnostics_channel:328:14)
    at wrapModuleLoad (node:internal/modules/cjs/loader:237:24)
    at Module.<anonymous> (node:internal/modules/cjs/loader:1463:12)
    at mod.require (/app/node_modules/next/dist/server/require-hook.js:65:28)
    at require (node:internal/modules/helpers:147:16)
    at requirePage (/app/node_modules/next/dist/server/require.js:109:84)
    at /app/node_modules/next/dist/server/load-components.js:103:84
    at async loadComponentsImpl (/app/node_modules/next/dist/server/load-components.js:103:26)
    at async DevServer.findPageComponentsImpl (/app/node_modules/next/dist/server/next-server.js:714:36)
    at async DevServer.findPageComponents (/app/node_modules/next/dist/server/dev/next-dev-server.js:577:20)
    at async DevServer.renderPageComponent (/app/node_modules/next/dist/server/base-server.js:1910:24)
    at async DevServer.renderToResponseImpl (/app/node_modules/next/dist/server/base-server.js:1962:32)
    at async DevServer.pipeImpl (/app/node_modules/next/dist/server/base-server.js:922:25)
    at async NextNodeServer.handleCatchallRenderRequest (/app/node_modules/next/dist/server/next-server.js:272:17)
    at async DevServer.handleRequestImpl (/app/node_modules/next/dist/server/base-server.js:818:17)
    at async /app/node_modules/next/dist/server/dev/next-dev-server.js:339:20
    at async Span.traceAsyncFn (/app/node_modules/next/dist/trace/trace.js:154:20)
    at async DevServer.handleRequest (/app/node_modules/next/dist/server/dev/next-dev-server.js:336:24)
    at async invokeRender (/app/node_modules/next/dist/server/lib/router-server.js:179:21)
    at async handleRequest (/app/node_modules/next/dist/server/lib/router-server.js:359:24)
    at async requestHandlerImpl (/app/node_modules/next/dist/server/lib/router-server.js:383:13)
    at async Server.requestListener (/app/node_modules/next/dist/server/lib/start-server.js:141:13) {
  page: '/api/auth/session'
}
 GET /api/auth/session 500 in 235ms
 ⨯ PrismaClientConstructorValidationError: Unknown property datasources provided to PrismaClient constructor.
Read more at https://pris.ly/d/client-constructor
    at jl (/app/node_modules/@prisma/client/runtime/client.js:66:3832)
    at new t (/app/node_modules/@prisma/client/runtime/client.js:70:1808)
    at prismaClientSingleton (webpack-internal:///(rsc)/./src/lib/prisma.ts:9:12)
    at eval (webpack-internal:///(rsc)/./src/lib/prisma.ts:17:43)
    at (rsc)/./src/lib/prisma.ts (/app/.next/server/app/api/auth/[...nextauth]/route.js:212:1)
    at __webpack_require__ (/app/.next/server/webpack-runtime.js:33:43)
    at eval (webpack-internal:///(rsc)/./src/lib/auth/authOptions.ts:10:69)
    at (rsc)/./src/lib/auth/authOptions.ts (/app/.next/server/app/api/auth/[...nextauth]/route.js:202:1)
    at __webpack_require__ (/app/.next/server/webpack-runtime.js:33:43)
    at eval (webpack-internal:///(rsc)/./src/app/api/auth/[...nextauth]/route.ts:8:79)
    at (rsc)/./src/app/api/auth/[...nextauth]/route.ts (/app/.next/server/app/api/auth/[...nextauth]/route.js:192:1)
    at __webpack_require__ (/app/.next/server/webpack-runtime.js:33:43)
    at eval (webpack-internal:///(rsc)/./node_modules/next/dist/build/webpack/loaders/next-app-loader.js?name=app%2Fapi%2Fauth%2F%5B...nextauth%5D%2Froute&page=%2Fapi%2Fauth%2F%5B...nextauth%5D%2Froute&appPaths=&pagePath=private-next-app-dir%2Fapi%2Fauth%2F%5B...nextauth%5D%2Froute.ts&appDir=%2Fapp%2Fsrc%2Fapp&pageExtensions=tsx&pageExtensions=ts&pageExtensions=jsx&pageExtensions=js&rootDir=%2Fapp&isDev=true&tsconfigPath=tsconfig.json&basePath=&assetPrefix=&nextConfigOutput=&preferredRegion=&middlewareConfig=e30%3D!:15:97)
    at (rsc)/./node_modules/next/dist/build/webpack/loaders/next-app-loader.js?name=app%2Fapi%2Fauth%2F%5B...nextauth%5D%2Froute&page=%2Fapi%2Fauth%2F%5B...nextauth%5D%2Froute&appPaths=&pagePath=private-next-app-dir%2Fapi%2Fauth%2F%5B...nextauth%5D%2Froute.ts&appDir=%2Fapp%2Fsrc%2Fapp&pageExtensions=tsx&pageExtensions=ts&pageExtensions=jsx&pageExtensions=js&rootDir=%2Fapp&isDev=true&tsconfigPath=tsconfig.json&basePath=&assetPrefix=&nextConfigOutput=&preferredRegion=&middlewareConfig=e30%3D! (/app/.next/server/app/api/auth/[...nextauth]/route.js:182:1)
    at __webpack_require__ (/app/.next/server/webpack-runtime.js:33:43)
    at __webpack_exec__ (/app/.next/server/app/api/auth/[...nextauth]/route.js:222:39)
    at /app/.next/server/app/api/auth/[...nextauth]/route.js:223:438
    at __webpack_require__.X (/app/.next/server/webpack-runtime.js:163:21)
    at /app/.next/server/app/api/auth/[...nextauth]/route.js:223:47
    at Object.<anonymous> (/app/.next/server/app/api/auth/[...nextauth]/route.js:226:3)
    at Module._compile (node:internal/modules/cjs/loader:1705:14)
    at Object..js (node:internal/modules/cjs/loader:1838:10)
    at Module.load (node:internal/modules/cjs/loader:1441:32)
    at Function._load (node:internal/modules/cjs/loader:1263:12)
    at TracingChannel.traceSync (node:diagnostics_channel:328:14)
    at wrapModuleLoad (node:internal/modules/cjs/loader:237:24)
    at Module.<anonymous> (node:internal/modules/cjs/loader:1463:12)
    at mod.require (/app/node_modules/next/dist/server/require-hook.js:65:28)
    at require (node:internal/modules/helpers:147:16)
    at requirePage (/app/node_modules/next/dist/server/require.js:109:84)
    at /app/node_modules/next/dist/server/load-components.js:103:84
    at async loadComponentsImpl (/app/node_modules/next/dist/server/load-components.js:103:26)
    at async DevServer.findPageComponentsImpl (/app/node_modules/next/dist/server/next-server.js:714:36)
    at async DevServer.findPageComponents (/app/node_modules/next/dist/server/dev/next-dev-server.js:577:20)
    at async DevServer.renderPageComponent (/app/node_modules/next/dist/server/base-server.js:1910:24)
    at async DevServer.renderToResponseImpl (/app/node_modules/next/dist/server/base-server.js:1962:32)
    at async DevServer.pipeImpl (/app/node_modules/next/dist/server/base-server.js:922:25)
    at async NextNodeServer.handleCatchallRenderRequest (/app/node_modules/next/dist/server/next-server.js:272:17)
    at async DevServer.handleRequestImpl (/app/node_modules/next/dist/server/base-server.js:818:17)
    at async /app/node_modules/next/dist/server/dev/next-dev-server.js:339:20
    at async Span.traceAsyncFn (/app/node_modules/next/dist/trace/trace.js:154:20)
    at async DevServer.handleRequest (/app/node_modules/next/dist/server/dev/next-dev-server.js:336:24)
    at async invokeRender (/app/node_modules/next/dist/server/lib/router-server.js:179:21)
    at async handleRequest (/app/node_modules/next/dist/server/lib/router-server.js:359:24)
    at async requestHandlerImpl (/app/node_modules/next/dist/server/lib/router-server.js:383:13)
    at async Server.requestListener (/app/node_modules/next/dist/server/lib/start-server.js:141:13) {
  page: '/api/auth/session'
}
 ⨯ PrismaClientConstructorValidationError: Unknown property datasources provided to PrismaClient constructor.
Read more at https://pris.ly/d/client-constructor
    at jl (/app/node_modules/@prisma/client/runtime/client.js:66:3832)
    at new t (/app/node_modules/@prisma/client/runtime/client.js:70:1808)
    at prismaClientSingleton (webpack-internal:///(rsc)/./src/lib/prisma.ts:9:12)
    at eval (webpack-internal:///(rsc)/./src/lib/prisma.ts:17:43)
    at (rsc)/./src/lib/prisma.ts (/app/.next/server/app/api/auth/[...nextauth]/route.js:212:1)
    at __webpack_require__ (/app/.next/server/webpack-runtime.js:33:43)
    at eval (webpack-internal:///(rsc)/./src/lib/auth/authOptions.ts:10:69)
    at (rsc)/./src/lib/auth/authOptions.ts (/app/.next/server/app/api/auth/[...nextauth]/route.js:202:1)
    at __webpack_require__ (/app/.next/server/webpack-runtime.js:33:43)
    at eval (webpack-internal:///(rsc)/./src/app/api/auth/[...nextauth]/route.ts:8:79)
    at (rsc)/./src/app/api/auth/[...nextauth]/route.ts (/app/.next/server/app/api/auth/[...nextauth]/route.js:192:1)
    at __webpack_require__ (/app/.next/server/webpack-runtime.js:33:43)
    at eval (webpack-internal:///(rsc)/./node_modules/next/dist/build/webpack/loaders/next-app-loader.js?name=app%2Fapi%2Fauth%2F%5B...nextauth%5D%2Froute&page=%2Fapi%2Fauth%2F%5B...nextauth%5D%2Froute&appPaths=&pagePath=private-next-app-dir%2Fapi%2Fauth%2F%5B...nextauth%5D%2Froute.ts&appDir=%2Fapp%2Fsrc%2Fapp&pageExtensions=tsx&pageExtensions=ts&pageExtensions=jsx&pageExtensions=js&rootDir=%2Fapp&isDev=true&tsconfigPath=tsconfig.json&basePath=&assetPrefix=&nextConfigOutput=&preferredRegion=&middlewareConfig=e30%3D!:15:97)
    at (rsc)/./node_modules/next/dist/build/webpack/loaders/next-app-loader.js?name=app%2Fapi%2Fauth%2F%5B...nextauth%5D%2Froute&page=%2Fapi%2Fauth%2F%5B...nextauth%5D%2Froute&appPaths=&pagePath=private-next-app-dir%2Fapi%2Fauth%2F%5B...nextauth%5D%2Froute.ts&appDir=%2Fapp%2Fsrc%2Fapp&pageExtensions=tsx&pageExtensions=ts&pageExtensions=jsx&pageExtensions=js&rootDir=%2Fapp&isDev=true&tsconfigPath=tsconfig.json&basePath=&assetPrefix=&nextConfigOutput=&preferredRegion=&middlewareConfig=e30%3D! (/app/.next/server/app/api/auth/[...nextauth]/route.js:182:1)
    at __webpack_require__ (/app/.next/server/webpack-runtime.js:33:43)
    at __webpack_exec__ (/app/.next/server/app/api/auth/[...nextauth]/route.js:222:39)
    at /app/.next/server/app/api/auth/[...nextauth]/route.js:223:438
    at __webpack_require__.X (/app/.next/server/webpack-runtime.js:163:21)
    at /app/.next/server/app/api/auth/[...nextauth]/route.js:223:47
    at Object.<anonymous> (/app/.next/server/app/api/auth/[...nextauth]/route.js:226:3)
    at Module._compile (node:internal/modules/cjs/loader:1705:14)
    at Object..js (node:internal/modules/cjs/loader:1838:10)
    at Module.load (node:internal/modules/cjs/loader:1441:32)
    at Function._load (node:internal/modules/cjs/loader:1263:12)
    at TracingChannel.traceSync (node:diagnostics_channel:328:14)
    at wrapModuleLoad (node:internal/modules/cjs/loader:237:24)
    at Module.<anonymous> (node:internal/modules/cjs/loader:1463:12)
    at mod.require (/app/node_modules/next/dist/server/require-hook.js:65:28)
    at require (node:internal/modules/helpers:147:16)
    at requirePage (/app/node_modules/next/dist/server/require.js:109:84)
    at /app/node_modules/next/dist/server/load-components.js:103:84
    at async loadComponentsImpl (/app/node_modules/next/dist/server/load-components.js:103:26)
    at async DevServer.findPageComponentsImpl (/app/node_modules/next/dist/server/next-server.js:714:36)
    at async DevServer.findPageComponents (/app/node_modules/next/dist/server/dev/next-dev-server.js:577:20)
    at async DevServer.renderPageComponent (/app/node_modules/next/dist/server/base-server.js:1910:24)
    at async DevServer.renderToResponseImpl (/app/node_modules/next/dist/server/base-server.js:1962:32)
    at async DevServer.pipeImpl (/app/node_modules/next/dist/server/base-server.js:922:25)
    at async NextNodeServer.handleCatchallRenderRequest (/app/node_modules/next/dist/server/next-server.js:272:17)
    at async DevServer.handleRequestImpl (/app/node_modules/next/dist/server/base-server.js:818:17)
    at async /app/node_modules/next/dist/server/dev/next-dev-server.js:339:20
    at async Span.traceAsyncFn (/app/node_modules/next/dist/trace/trace.js:154:20)
    at async DevServer.handleRequest (/app/node_modules/next/dist/server/dev/next-dev-server.js:336:24)
    at async invokeRender (/app/node_modules/next/dist/server/lib/router-server.js:179:21)
    at async handleRequest (/app/node_modules/next/dist/server/lib/router-server.js:359:24)
    at async requestHandlerImpl (/app/node_modules/next/dist/server/lib/router-server.js:383:13)
    at async Server.requestListener (/app/node_modules/next/dist/server/lib/start-server.js:141:13) {
  page: '/api/auth/_log'
}
 GET /api/auth/session 500 in 51ms
 POST /api/auth/_log 500 in 43ms
 ⨯ PrismaClientConstructorValidationError: Unknown property datasources provided to PrismaClient constructor.
Read more at https://pris.ly/d/client-constructor
    at jl (/app/node_modules/@prisma/client/runtime/client.js:66:3832)
    at new t (/app/node_modules/@prisma/client/runtime/client.js:70:1808)
    at prismaClientSingleton (webpack-internal:///(rsc)/./src/lib/prisma.ts:9:12)
    at eval (webpack-internal:///(rsc)/./src/lib/prisma.ts:17:43)
    at (rsc)/./src/lib/prisma.ts (/app/.next/server/app/api/auth/[...nextauth]/route.js:212:1)
    at __webpack_require__ (/app/.next/server/webpack-runtime.js:33:43)
    at eval (webpack-internal:///(rsc)/./src/lib/auth/authOptions.ts:10:69)
    at (rsc)/./src/lib/auth/authOptions.ts (/app/.next/server/app/api/auth/[...nextauth]/route.js:202:1)
    at __webpack_require__ (/app/.next/server/webpack-runtime.js:33:43)
    at eval (webpack-internal:///(rsc)/./src/app/api/auth/[...nextauth]/route.ts:8:79)
    at (rsc)/./src/app/api/auth/[...nextauth]/route.ts (/app/.next/server/app/api/auth/[...nextauth]/route.js:192:1)
    at __webpack_require__ (/app/.next/server/webpack-runtime.js:33:43)
    at eval (webpack-internal:///(rsc)/./node_modules/next/dist/build/webpack/loaders/next-app-loader.js?name=app%2Fapi%2Fauth%2F%5B...nextauth%5D%2Froute&page=%2Fapi%2Fauth%2F%5B...nextauth%5D%2Froute&appPaths=&pagePath=private-next-app-dir%2Fapi%2Fauth%2F%5B...nextauth%5D%2Froute.ts&appDir=%2Fapp%2Fsrc%2Fapp&pageExtensions=tsx&pageExtensions=ts&pageExtensions=jsx&pageExtensions=js&rootDir=%2Fapp&isDev=true&tsconfigPath=tsconfig.json&basePath=&assetPrefix=&nextConfigOutput=&preferredRegion=&middlewareConfig=e30%3D!:15:97)
    at (rsc)/./node_modules/next/dist/build/webpack/loaders/next-app-loader.js?name=app%2Fapi%2Fauth%2F%5B...nextauth%5D%2Froute&page=%2Fapi%2Fauth%2F%5B...nextauth%5D%2Froute&appPaths=&pagePath=private-next-app-dir%2Fapi%2Fauth%2F%5B...nextauth%5D%2Froute.ts&appDir=%2Fapp%2Fsrc%2Fapp&pageExtensions=tsx&pageExtensions=ts&pageExtensions=jsx&pageExtensions=js&rootDir=%2Fapp&isDev=true&tsconfigPath=tsconfig.json&basePath=&assetPrefix=&nextConfigOutput=&preferredRegion=&middlewareConfig=e30%3D! (/app/.next/server/app/api/auth/[...nextauth]/route.js:182:1)
    at __webpack_require__ (/app/.next/server/webpack-runtime.js:33:43)
    at __webpack_exec__ (/app/.next/server/app/api/auth/[...nextauth]/route.js:222:39)
    at /app/.next/server/app/api/auth/[...nextauth]/route.js:223:438
    at __webpack_require__.X (/app/.next/server/webpack-runtime.js:163:21)
    at /app/.next/server/app/api/auth/[...nextauth]/route.js:223:47
    at Object.<anonymous> (/app/.next/server/app/api/auth/[...nextauth]/route.js:226:3)
    at Module._compile (node:internal/modules/cjs/loader:1705:14)
    at Object..js (node:internal/modules/cjs/loader:1838:10)
    at Module.load (node:internal/modules/cjs/loader:1441:32)
    at Function._load (node:internal/modules/cjs/loader:1263:12)
    at TracingChannel.traceSync (node:diagnostics_channel:328:14)
    at wrapModuleLoad (node:internal/modules/cjs/loader:237:24)
    at Module.<anonymous> (node:internal/modules/cjs/loader:1463:12)
    at mod.require (/app/node_modules/next/dist/server/require-hook.js:65:28)
    at require (node:internal/modules/helpers:147:16)
    at requirePage (/app/node_modules/next/dist/server/require.js:109:84)
    at /app/node_modules/next/dist/server/load-components.js:103:84
    at async loadComponentsImpl (/app/node_modules/next/dist/server/load-components.js:103:26)
    at async DevServer.findPageComponentsImpl (/app/node_modules/next/dist/server/next-server.js:714:36)
    at async DevServer.findPageComponents (/app/node_modules/next/dist/server/dev/next-dev-server.js:577:20)
    at async DevServer.renderPageComponent (/app/node_modules/next/dist/server/base-server.js:1910:24)
    at async DevServer.renderToResponseImpl (/app/node_modules/next/dist/server/base-server.js:1962:32)
    at async DevServer.pipeImpl (/app/node_modules/next/dist/server/base-server.js:922:25)
    at async NextNodeServer.handleCatchallRenderRequest (/app/node_modules/next/dist/server/next-server.js:272:17)
    at async DevServer.handleRequestImpl (/app/node_modules/next/dist/server/base-server.js:818:17)
    at async /app/node_modules/next/dist/server/dev/next-dev-server.js:339:20
    at async Span.traceAsyncFn (/app/node_modules/next/dist/trace/trace.js:154:20)
    at async DevServer.handleRequest (/app/node_modules/next/dist/server/dev/next-dev-server.js:336:24)
    at async invokeRender (/app/node_modules/next/dist/server/lib/router-server.js:179:21)
    at async handleRequest (/app/node_modules/next/dist/server/lib/router-server.js:359:24)
    at async requestHandlerImpl (/app/node_modules/next/dist/server/lib/router-server.js:383:13)
    at async Server.requestListener (/app/node_modules/next/dist/server/lib/start-server.js:141:13) {
  page: '/api/auth/_log'
}
 POST /api/auth/_log 500 in 32ms
 GET /add-funds 200 in 72ms
 ⨯ PrismaClientConstructorValidationError: Unknown property datasources provided to PrismaClient constructor.
Read more at https://pris.ly/d/client-constructor
    at jl (/app/node_modules/@prisma/client/runtime/client.js:66:3832)
    at new t (/app/node_modules/@prisma/client/runtime/client.js:70:1808)
    at prismaClientSingleton (webpack-internal:///(rsc)/./src/lib/prisma.ts:9:12)
    at eval (webpack-internal:///(rsc)/./src/lib/prisma.ts:17:43)
    at (rsc)/./src/lib/prisma.ts (/app/.next/server/app/api/auth/[...nextauth]/route.js:212:1)
    at __webpack_require__ (/app/.next/server/webpack-runtime.js:33:43)
    at eval (webpack-internal:///(rsc)/./src/lib/auth/authOptions.ts:10:69)
    at (rsc)/./src/lib/auth/authOptions.ts (/app/.next/server/app/api/auth/[...nextauth]/route.js:202:1)
    at __webpack_require__ (/app/.next/server/webpack-runtime.js:33:43)
    at eval (webpack-internal:///(rsc)/./src/app/api/auth/[...nextauth]/route.ts:8:79)
    at (rsc)/./src/app/api/auth/[...nextauth]/route.ts (/app/.next/server/app/api/auth/[...nextauth]/route.js:192:1)
    at __webpack_require__ (/app/.next/server/webpack-runtime.js:33:43)
    at eval (webpack-internal:///(rsc)/./node_modules/next/dist/build/webpack/loaders/next-app-loader.js?name=app%2Fapi%2Fauth%2F%5B...nextauth%5D%2Froute&page=%2Fapi%2Fauth%2F%5B...nextauth%5D%2Froute&appPaths=&pagePath=private-next-app-dir%2Fapi%2Fauth%2F%5B...nextauth%5D%2Froute.ts&appDir=%2Fapp%2Fsrc%2Fapp&pageExtensions=tsx&pageExtensions=ts&pageExtensions=jsx&pageExtensions=js&rootDir=%2Fapp&isDev=true&tsconfigPath=tsconfig.json&basePath=&assetPrefix=&nextConfigOutput=&preferredRegion=&middlewareConfig=e30%3D!:15:97)
    at (rsc)/./node_modules/next/dist/build/webpack/loaders/next-app-loader.js?name=app%2Fapi%2Fauth%2F%5B...nextauth%5D%2Froute&page=%2Fapi%2Fauth%2F%5B...nextauth%5D%2Froute&appPaths=&pagePath=private-next-app-dir%2Fapi%2Fauth%2F%5B...nextauth%5D%2Froute.ts&appDir=%2Fapp%2Fsrc%2Fapp&pageExtensions=tsx&pageExtensions=ts&pageExtensions=jsx&pageExtensions=js&rootDir=%2Fapp&isDev=true&tsconfigPath=tsconfig.json&basePath=&assetPrefix=&nextConfigOutput=&preferredRegion=&middlewareConfig=e30%3D! (/app/.next/server/app/api/auth/[...nextauth]/route.js:182:1)
    at __webpack_require__ (/app/.next/server/webpack-runtime.js:33:43)
    at __webpack_exec__ (/app/.next/server/app/api/auth/[...nextauth]/route.js:222:39)
    at /app/.next/server/app/api/auth/[...nextauth]/route.js:223:438
    at __webpack_require__.X (/app/.next/server/webpack-runtime.js:163:21)
    at /app/.next/server/app/api/auth/[...nextauth]/route.js:223:47
    at Object.<anonymous> (/app/.next/server/app/api/auth/[...nextauth]/route.js:226:3)
    at Module._compile (node:internal/modules/cjs/loader:1705:14)
    at Object..js (node:internal/modules/cjs/loader:1838:10)
    at Module.load (node:internal/modules/cjs/loader:1441:32)
    at Function._load (node:internal/modules/cjs/loader:1263:12)
    at TracingChannel.traceSync (node:diagnostics_channel:328:14)
    at wrapModuleLoad (node:internal/modules/cjs/loader:237:24)
    at Module.<anonymous> (node:internal/modules/cjs/loader:1463:12)
    at mod.require (/app/node_modules/next/dist/server/require-hook.js:65:28)
    at require (node:internal/modules/helpers:147:16)
    at requirePage (/app/node_modules/next/dist/server/require.js:109:84)
    at /app/node_modules/next/dist/server/load-components.js:103:84
    at async loadComponentsImpl (/app/node_modules/next/dist/server/load-components.js:103:26)
    at async DevServer.findPageComponentsImpl (/app/node_modules/next/dist/server/next-server.js:714:36)
    at async DevServer.findPageComponents (/app/node_modules/next/dist/server/dev/next-dev-server.js:577:20)
    at async DevServer.renderPageComponent (/app/node_modules/next/dist/server/base-server.js:1910:24)
    at async DevServer.renderToResponseImpl (/app/node_modules/next/dist/server/base-server.js:1962:32)
    at async DevServer.pipeImpl (/app/node_modules/next/dist/server/base-server.js:922:25)
    at async NextNodeServer.handleCatchallRenderRequest (/app/node_modules/next/dist/server/next-server.js:272:17)
    at async DevServer.handleRequestImpl (/app/node_modules/next/dist/server/base-server.js:818:17)
    at async /app/node_modules/next/dist/server/dev/next-dev-server.js:339:20
    at async Span.traceAsyncFn (/app/node_modules/next/dist/trace/trace.js:154:20)
    at async DevServer.handleRequest (/app/node_modules/next/dist/server/dev/next-dev-server.js:336:24)
    at async invokeRender (/app/node_modules/next/dist/server/lib/router-server.js:179:21)
    at async handleRequest (/app/node_modules/next/dist/server/lib/router-server.js:359:24)
    at async requestHandlerImpl (/app/node_modules/next/dist/server/lib/router-server.js:383:13)
    at async Server.requestListener (/app/node_modules/next/dist/server/lib/start-server.js:141:13) {
  page: '/api/auth/session'
}
 GET /api/auth/session 500 in 69ms
 ⨯ PrismaClientConstructorValidationError: Unknown property datasources provided to PrismaClient constructor.
Read more at https://pris.ly/d/client-constructor
    at jl (/app/node_modules/@prisma/client/runtime/client.js:66:3832)
    at new t (/app/node_modules/@prisma/client/runtime/client.js:70:1808)
    at prismaClientSingleton (webpack-internal:///(rsc)/./src/lib/prisma.ts:9:12)
    at eval (webpack-internal:///(rsc)/./src/lib/prisma.ts:17:43)
    at (rsc)/./src/lib/prisma.ts (/app/.next/server/app/api/auth/[...nextauth]/route.js:212:1)
    at __webpack_require__ (/app/.next/server/webpack-runtime.js:33:43)
    at eval (webpack-internal:///(rsc)/./src/lib/auth/authOptions.ts:10:69)
    at (rsc)/./src/lib/auth/authOptions.ts (/app/.next/server/app/api/auth/[...nextauth]/route.js:202:1)
    at __webpack_require__ (/app/.next/server/webpack-runtime.js:33:43)
    at eval (webpack-internal:///(rsc)/./src/app/api/auth/[...nextauth]/route.ts:8:79)
    at (rsc)/./src/app/api/auth/[...nextauth]/route.ts (/app/.next/server/app/api/auth/[...nextauth]/route.js:192:1)
    at __webpack_require__ (/app/.next/server/webpack-runtime.js:33:43)
    at eval (webpack-internal:///(rsc)/./node_modules/next/dist/build/webpack/loaders/next-app-loader.js?name=app%2Fapi%2Fauth%2F%5B...nextauth%5D%2Froute&page=%2Fapi%2Fauth%2F%5B...nextauth%5D%2Froute&appPaths=&pagePath=private-next-app-dir%2Fapi%2Fauth%2F%5B...nextauth%5D%2Froute.ts&appDir=%2Fapp%2Fsrc%2Fapp&pageExtensions=tsx&pageExtensions=ts&pageExtensions=jsx&pageExtensions=js&rootDir=%2Fapp&isDev=true&tsconfigPath=tsconfig.json&basePath=&assetPrefix=&nextConfigOutput=&preferredRegion=&middlewareConfig=e30%3D!:15:97)
    at (rsc)/./node_modules/next/dist/build/webpack/loaders/next-app-loader.js?name=app%2Fapi%2Fauth%2F%5B...nextauth%5D%2Froute&page=%2Fapi%2Fauth%2F%5B...nextauth%5D%2Froute&appPaths=&pagePath=private-next-app-dir%2Fapi%2Fauth%2F%5B...nextauth%5D%2Froute.ts&appDir=%2Fapp%2Fsrc%2Fapp&pageExtensions=tsx&pageExtensions=ts&pageExtensions=jsx&pageExtensions=js&rootDir=%2Fapp&isDev=true&tsconfigPath=tsconfig.json&basePath=&assetPrefix=&nextConfigOutput=&preferredRegion=&middlewareConfig=e30%3D! (/app/.next/server/app/api/auth/[...nextauth]/route.js:182:1)
    at __webpack_require__ (/app/.next/server/webpack-runtime.js:33:43)
    at __webpack_exec__ (/app/.next/server/app/api/auth/[...nextauth]/route.js:222:39)
    at /app/.next/server/app/api/auth/[...nextauth]/route.js:223:438
    at __webpack_require__.X (/app/.next/server/webpack-runtime.js:163:21)
    at /app/.next/server/app/api/auth/[...nextauth]/route.js:223:47
    at Object.<anonymous> (/app/.next/server/app/api/auth/[...nextauth]/route.js:226:3)
    at Module._compile (node:internal/modules/cjs/loader:1705:14)
    at Object..js (node:internal/modules/cjs/loader:1838:10)
    at Module.load (node:internal/modules/cjs/loader:1441:32)
    at Function._load (node:internal/modules/cjs/loader:1263:12)
    at TracingChannel.traceSync (node:diagnostics_channel:328:14)
    at wrapModuleLoad (node:internal/modules/cjs/loader:237:24)
    at Module.<anonymous> (node:internal/modules/cjs/loader:1463:12)
    at mod.require (/app/node_modules/next/dist/server/require-hook.js:65:28)
    at require (node:internal/modules/helpers:147:16)
    at requirePage (/app/node_modules/next/dist/server/require.js:109:84)
    at /app/node_modules/next/dist/server/load-components.js:103:84
    at async loadComponentsImpl (/app/node_modules/next/dist/server/load-components.js:103:26)
    at async DevServer.findPageComponentsImpl (/app/node_modules/next/dist/server/next-server.js:714:36)
    at async DevServer.findPageComponents (/app/node_modules/next/dist/server/dev/next-dev-server.js:577:20)
    at async DevServer.renderPageComponent (/app/node_modules/next/dist/server/base-server.js:1910:24)
    at async DevServer.renderToResponseImpl (/app/node_modules/next/dist/server/base-server.js:1962:32)
    at async DevServer.pipeImpl (/app/node_modules/next/dist/server/base-server.js:922:25)
    at async NextNodeServer.handleCatchallRenderRequest (/app/node_modules/next/dist/server/next-server.js:272:17)
    at async DevServer.handleRequestImpl (/app/node_modules/next/dist/server/base-server.js:818:17)
    at async /app/node_modules/next/dist/server/dev/next-dev-server.js:339:20
    at async Span.traceAsyncFn (/app/node_modules/next/dist/trace/trace.js:154:20)
    at async DevServer.handleRequest (/app/node_modules/next/dist/server/dev/next-dev-server.js:336:24)
    at async invokeRender (/app/node_modules/next/dist/server/lib/router-server.js:179:21)
    at async handleRequest (/app/node_modules/next/dist/server/lib/router-server.js:359:24)
    at async requestHandlerImpl (/app/node_modules/next/dist/server/lib/router-server.js:383:13)
    at async Server.requestListener (/app/node_modules/next/dist/server/lib/start-server.js:141:13) {
  page: '/api/auth/session'
}
 ⨯ PrismaClientConstructorValidationError: Unknown property datasources provided to PrismaClient constructor.
Read more at https://pris.ly/d/client-constructor
    at jl (/app/node_modules/@prisma/client/runtime/client.js:66:3832)
    at new t (/app/node_modules/@prisma/client/runtime/client.js:70:1808)
    at prismaClientSingleton (webpack-internal:///(rsc)/./src/lib/prisma.ts:9:12)
    at eval (webpack-internal:///(rsc)/./src/lib/prisma.ts:17:43)
    at (rsc)/./src/lib/prisma.ts (/app/.next/server/app/api/auth/[...nextauth]/route.js:212:1)
    at __webpack_require__ (/app/.next/server/webpack-runtime.js:33:43)
    at eval (webpack-internal:///(rsc)/./src/lib/auth/authOptions.ts:10:69)
    at (rsc)/./src/lib/auth/authOptions.ts (/app/.next/server/app/api/auth/[...nextauth]/route.js:202:1)
    at __webpack_require__ (/app/.next/server/webpack-runtime.js:33:43)
    at eval (webpack-internal:///(rsc)/./src/app/api/auth/[...nextauth]/route.ts:8:79)
    at (rsc)/./src/app/api/auth/[...nextauth]/route.ts (/app/.next/server/app/api/auth/[...nextauth]/route.js:192:1)
    at __webpack_require__ (/app/.next/server/webpack-runtime.js:33:43)
    at eval (webpack-internal:///(rsc)/./node_modules/next/dist/build/webpack/loaders/next-app-loader.js?name=app%2Fapi%2Fauth%2F%5B...nextauth%5D%2Froute&page=%2Fapi%2Fauth%2F%5B...nextauth%5D%2Froute&appPaths=&pagePath=private-next-app-dir%2Fapi%2Fauth%2F%5B...nextauth%5D%2Froute.ts&appDir=%2Fapp%2Fsrc%2Fapp&pageExtensions=tsx&pageExtensions=ts&pageExtensions=jsx&pageExtensions=js&rootDir=%2Fapp&isDev=true&tsconfigPath=tsconfig.json&basePath=&assetPrefix=&nextConfigOutput=&preferredRegion=&middlewareConfig=e30%3D!:15:97)
    at (rsc)/./node_modules/next/dist/build/webpack/loaders/next-app-loader.js?name=app%2Fapi%2Fauth%2F%5B...nextauth%5D%2Froute&page=%2Fapi%2Fauth%2F%5B...nextauth%5D%2Froute&appPaths=&pagePath=private-next-app-dir%2Fapi%2Fauth%2F%5B...nextauth%5D%2Froute.ts&appDir=%2Fapp%2Fsrc%2Fapp&pageExtensions=tsx&pageExtensions=ts&pageExtensions=jsx&pageExtensions=js&rootDir=%2Fapp&isDev=true&tsconfigPath=tsconfig.json&basePath=&assetPrefix=&nextConfigOutput=&preferredRegion=&middlewareConfig=e30%3D! (/app/.next/server/app/api/auth/[...nextauth]/route.js:182:1)
    at __webpack_require__ (/app/.next/server/webpack-runtime.js:33:43)
    at __webpack_exec__ (/app/.next/server/app/api/auth/[...nextauth]/route.js:222:39)
    at /app/.next/server/app/api/auth/[...nextauth]/route.js:223:438
    at __webpack_require__.X (/app/.next/server/webpack-runtime.js:163:21)
    at /app/.next/server/app/api/auth/[...nextauth]/route.js:223:47
    at Object.<anonymous> (/app/.next/server/app/api/auth/[...nextauth]/route.js:226:3)
    at Module._compile (node:internal/modules/cjs/loader:1705:14)
    at Object..js (node:internal/modules/cjs/loader:1838:10)
    at Module.load (node:internal/modules/cjs/loader:1441:32)
    at Function._load (node:internal/modules/cjs/loader:1263:12)
    at TracingChannel.traceSync (node:diagnostics_channel:328:14)
    at wrapModuleLoad (node:internal/modules/cjs/loader:237:24)
    at Module.<anonymous> (node:internal/modules/cjs/loader:1463:12)
    at mod.require (/app/node_modules/next/dist/server/require-hook.js:65:28)
    at require (node:internal/modules/helpers:147:16)
    at requirePage (/app/node_modules/next/dist/server/require.js:109:84)
    at /app/node_modules/next/dist/server/load-components.js:103:84
    at async loadComponentsImpl (/app/node_modules/next/dist/server/load-components.js:103:26)
    at async DevServer.findPageComponentsImpl (/app/node_modules/next/dist/server/next-server.js:714:36)
    at async DevServer.findPageComponents (/app/node_modules/next/dist/server/dev/next-dev-server.js:577:20)
    at async DevServer.renderPageComponent (/app/node_modules/next/dist/server/base-server.js:1910:24)
    at async DevServer.renderToResponseImpl (/app/node_modules/next/dist/server/base-server.js:1962:32)
    at async DevServer.pipeImpl (/app/node_modules/next/dist/server/base-server.js:922:25)
    at async NextNodeServer.handleCatchallRenderRequest (/app/node_modules/next/dist/server/next-server.js:272:17)
    at async DevServer.handleRequestImpl (/app/node_modules/next/dist/server/base-server.js:818:17)
    at async /app/node_modules/next/dist/server/dev/next-dev-server.js:339:20
    at async Span.traceAsyncFn (/app/node_modules/next/dist/trace/trace.js:154:20)
    at async DevServer.handleRequest (/app/node_modules/next/dist/server/dev/next-dev-server.js:336:24)
    at async invokeRender (/app/node_modules/next/dist/server/lib/router-server.js:179:21)
    at async handleRequest (/app/node_modules/next/dist/server/lib/router-server.js:359:24)
    at async requestHandlerImpl (/app/node_modules/next/dist/server/lib/router-server.js:383:13)
    at async Server.requestListener (/app/node_modules/next/dist/server/lib/start-server.js:141:13) {
  page: '/api/auth/_log'
}
 GET /api/auth/session 500 in 67ms
 POST /api/auth/_log 500 in 60ms
 ⨯ PrismaClientConstructorValidationError: Unknown property datasources provided to PrismaClient constructor.
Read more at https://pris.ly/d/client-constructor
    at jl (/app/node_modules/@prisma/client/runtime/client.js:66:3832)
    at new t (/app/node_modules/@prisma/client/runtime/client.js:70:1808)
    at prismaClientSingleton (webpack-internal:///(rsc)/./src/lib/prisma.ts:9:12)
    at eval (webpack-internal:///(rsc)/./src/lib/prisma.ts:17:43)
    at (rsc)/./src/lib/prisma.ts (/app/.next/server/app/api/auth/[...nextauth]/route.js:212:1)
    at __webpack_require__ (/app/.next/server/webpack-runtime.js:33:43)
    at eval (webpack-internal:///(rsc)/./src/lib/auth/authOptions.ts:10:69)
    at (rsc)/./src/lib/auth/authOptions.ts (/app/.next/server/app/api/auth/[...nextauth]/route.js:202:1)
    at __webpack_require__ (/app/.next/server/webpack-runtime.js:33:43)
    at eval (webpack-internal:///(rsc)/./src/app/api/auth/[...nextauth]/route.ts:8:79)
    at (rsc)/./src/app/api/auth/[...nextauth]/route.ts (/app/.next/server/app/api/auth/[...nextauth]/route.js:192:1)
    at __webpack_require__ (/app/.next/server/webpack-runtime.js:33:43)
    at eval (webpack-internal:///(rsc)/./node_modules/next/dist/build/webpack/loaders/next-app-loader.js?name=app%2Fapi%2Fauth%2F%5B...nextauth%5D%2Froute&page=%2Fapi%2Fauth%2F%5B...nextauth%5D%2Froute&appPaths=&pagePath=private-next-app-dir%2Fapi%2Fauth%2F%5B...nextauth%5D%2Froute.ts&appDir=%2Fapp%2Fsrc%2Fapp&pageExtensions=tsx&pageExtensions=ts&pageExtensions=jsx&pageExtensions=js&rootDir=%2Fapp&isDev=true&tsconfigPath=tsconfig.json&basePath=&assetPrefix=&nextConfigOutput=&preferredRegion=&middlewareConfig=e30%3D!:15:97)
    at (rsc)/./node_modules/next/dist/build/webpack/loaders/next-app-loader.js?name=app%2Fapi%2Fauth%2F%5B...nextauth%5D%2Froute&page=%2Fapi%2Fauth%2F%5B...nextauth%5D%2Froute&appPaths=&pagePath=private-next-app-dir%2Fapi%2Fauth%2F%5B...nextauth%5D%2Froute.ts&appDir=%2Fapp%2Fsrc%2Fapp&pageExtensions=tsx&pageExtensions=ts&pageExtensions=jsx&pageExtensions=js&rootDir=%2Fapp&isDev=true&tsconfigPath=tsconfig.json&basePath=&assetPrefix=&nextConfigOutput=&preferredRegion=&middlewareConfig=e30%3D! (/app/.next/server/app/api/auth/[...nextauth]/route.js:182:1)
    at __webpack_require__ (/app/.next/server/webpack-runtime.js:33:43)
    at __webpack_exec__ (/app/.next/server/app/api/auth/[...nextauth]/route.js:222:39)
    at /app/.next/server/app/api/auth/[...nextauth]/route.js:223:438
    at __webpack_require__.X (/app/.next/server/webpack-runtime.js:163:21)
    at /app/.next/server/app/api/auth/[...nextauth]/route.js:223:47
    at Object.<anonymous> (/app/.next/server/app/api/auth/[...nextauth]/route.js:226:3)
    at Module._compile (node:internal/modules/cjs/loader:1705:14)
    at Object..js (node:internal/modules/cjs/loader:1838:10)
    at Module.load (node:internal/modules/cjs/loader:1441:32)
    at Function._load (node:internal/modules/cjs/loader:1263:12)
    at TracingChannel.traceSync (node:diagnostics_channel:328:14)
    at wrapModuleLoad (node:internal/modules/cjs/loader:237:24)
    at Module.<anonymous> (node:internal/modules/cjs/loader:1463:12)
    at mod.require (/app/node_modules/next/dist/server/require-hook.js:65:28)
    at require (node:internal/modules/helpers:147:16)
    at requirePage (/app/node_modules/next/dist/server/require.js:109:84)
    at /app/node_modules/next/dist/server/load-components.js:103:84
    at async loadComponentsImpl (/app/node_modules/next/dist/server/load-components.js:103:26)
    at async DevServer.findPageComponentsImpl (/app/node_modules/next/dist/server/next-server.js:714:36)
    at async DevServer.findPageComponents (/app/node_modules/next/dist/server/dev/next-dev-server.js:577:20)
    at async DevServer.renderPageComponent (/app/node_modules/next/dist/server/base-server.js:1910:24)
    at async DevServer.renderToResponseImpl (/app/node_modules/next/dist/server/base-server.js:1962:32)
    at async DevServer.pipeImpl (/app/node_modules/next/dist/server/base-server.js:922:25)
    at async NextNodeServer.handleCatchallRenderRequest (/app/node_modules/next/dist/server/next-server.js:272:17)
    at async DevServer.handleRequestImpl (/app/node_modules/next/dist/server/base-server.js:818:17)
    at async /app/node_modules/next/dist/server/dev/next-dev-server.js:339:20
    at async Span.traceAsyncFn (/app/node_modules/next/dist/trace/trace.js:154:20)
    at async DevServer.handleRequest (/app/node_modules/next/dist/server/dev/next-dev-server.js:336:24)
    at async invokeRender (/app/node_modules/next/dist/server/lib/router-server.js:179:21)
    at async handleRequest (/app/node_modules/next/dist/server/lib/router-server.js:359:24)
    at async requestHandlerImpl (/app/node_modules/next/dist/server/lib/router-server.js:383:13)
    at async Server.requestListener (/app/node_modules/next/dist/server/lib/start-server.js:141:13) {
  page: '/api/auth/_log'
}
 POST /api/auth/_log 500 in 35ms
 GET /settings 200 in 71ms
 ⨯ PrismaClientConstructorValidationError: Unknown property datasources provided to PrismaClient constructor.
Read more at https://pris.ly/d/client-constructor
    at jl (/app/node_modules/@prisma/client/runtime/client.js:66:3832)
    at new t (/app/node_modules/@prisma/client/runtime/client.js:70:1808)
    at prismaClientSingleton (webpack-internal:///(rsc)/./src/lib/prisma.ts:9:12)
    at eval (webpack-internal:///(rsc)/./src/lib/prisma.ts:17:43)
    at (rsc)/./src/lib/prisma.ts (/app/.next/server/app/api/auth/[...nextauth]/route.js:212:1)
    at __webpack_require__ (/app/.next/server/webpack-runtime.js:33:43)
    at eval (webpack-internal:///(rsc)/./src/lib/auth/authOptions.ts:10:69)
    at (rsc)/./src/lib/auth/authOptions.ts (/app/.next/server/app/api/auth/[...nextauth]/route.js:202:1)
    at __webpack_require__ (/app/.next/server/webpack-runtime.js:33:43)
    at eval (webpack-internal:///(rsc)/./src/app/api/auth/[...nextauth]/route.ts:8:79)
    at (rsc)/./src/app/api/auth/[...nextauth]/route.ts (/app/.next/server/app/api/auth/[...nextauth]/route.js:192:1)
    at __webpack_require__ (/app/.next/server/webpack-runtime.js:33:43)
    at eval (webpack-internal:///(rsc)/./node_modules/next/dist/build/webpack/loaders/next-app-loader.js?name=app%2Fapi%2Fauth%2F%5B...nextauth%5D%2Froute&page=%2Fapi%2Fauth%2F%5B...nextauth%5D%2Froute&appPaths=&pagePath=private-next-app-dir%2Fapi%2Fauth%2F%5B...nextauth%5D%2Froute.ts&appDir=%2Fapp%2Fsrc%2Fapp&pageExtensions=tsx&pageExtensions=ts&pageExtensions=jsx&pageExtensions=js&rootDir=%2Fapp&isDev=true&tsconfigPath=tsconfig.json&basePath=&assetPrefix=&nextConfigOutput=&preferredRegion=&middlewareConfig=e30%3D!:15:97)
    at (rsc)/./node_modules/next/dist/build/webpack/loaders/next-app-loader.js?name=app%2Fapi%2Fauth%2F%5B...nextauth%5D%2Froute&page=%2Fapi%2Fauth%2F%5B...nextauth%5D%2Froute&appPaths=&pagePath=private-next-app-dir%2Fapi%2Fauth%2F%5B...nextauth%5D%2Froute.ts&appDir=%2Fapp%2Fsrc%2Fapp&pageExtensions=tsx&pageExtensions=ts&pageExtensions=jsx&pageExtensions=js&rootDir=%2Fapp&isDev=true&tsconfigPath=tsconfig.json&basePath=&assetPrefix=&nextConfigOutput=&preferredRegion=&middlewareConfig=e30%3D! (/app/.next/server/app/api/auth/[...nextauth]/route.js:182:1)
    at __webpack_require__ (/app/.next/server/webpack-runtime.js:33:43)
    at __webpack_exec__ (/app/.next/server/app/api/auth/[...nextauth]/route.js:222:39)
    at /app/.next/server/app/api/auth/[...nextauth]/route.js:223:438
    at __webpack_require__.X (/app/.next/server/webpack-runtime.js:163:21)
    at /app/.next/server/app/api/auth/[...nextauth]/route.js:223:47
    at Object.<anonymous> (/app/.next/server/app/api/auth/[...nextauth]/route.js:226:3)
    at Module._compile (node:internal/modules/cjs/loader:1705:14)
    at Object..js (node:internal/modules/cjs/loader:1838:10)
    at Module.load (node:internal/modules/cjs/loader:1441:32)
    at Function._load (node:internal/modules/cjs/loader:1263:12)
    at TracingChannel.traceSync (node:diagnostics_channel:328:14)
    at wrapModuleLoad (node:internal/modules/cjs/loader:237:24)
    at Module.<anonymous> (node:internal/modules/cjs/loader:1463:12)
    at mod.require (/app/node_modules/next/dist/server/require-hook.js:65:28)
    at require (node:internal/modules/helpers:147:16)
    at requirePage (/app/node_modules/next/dist/server/require.js:109:84)
    at /app/node_modules/next/dist/server/load-components.js:103:84
    at async loadComponentsImpl (/app/node_modules/next/dist/server/load-components.js:103:26)
    at async DevServer.findPageComponentsImpl (/app/node_modules/next/dist/server/next-server.js:714:36)
    at async DevServer.findPageComponents (/app/node_modules/next/dist/server/dev/next-dev-server.js:577:20)
    at async DevServer.renderPageComponent (/app/node_modules/next/dist/server/base-server.js:1910:24)
    at async DevServer.renderToResponseImpl (/app/node_modules/next/dist/server/base-server.js:1962:32)
    at async DevServer.pipeImpl (/app/node_modules/next/dist/server/base-server.js:922:25)
    at async NextNodeServer.handleCatchallRenderRequest (/app/node_modules/next/dist/server/next-server.js:272:17)
    at async DevServer.handleRequestImpl (/app/node_modules/next/dist/server/base-server.js:818:17)
    at async /app/node_modules/next/dist/server/dev/next-dev-server.js:339:20
    at async Span.traceAsyncFn (/app/node_modules/next/dist/trace/trace.js:154:20)
    at async DevServer.handleRequest (/app/node_modules/next/dist/server/dev/next-dev-server.js:336:24)
    at async invokeRender (/app/node_modules/next/dist/server/lib/router-server.js:179:21)
    at async handleRequest (/app/node_modules/next/dist/server/lib/router-server.js:359:24)
    at async requestHandlerImpl (/app/node_modules/next/dist/server/lib/router-server.js:383:13)
    at async Server.requestListener (/app/node_modules/next/dist/server/lib/start-server.js:141:13) {
  page: '/api/auth/session'
}
 GET /api/auth/session 500 in 55ms
 ⨯ PrismaClientConstructorValidationError: Unknown property datasources provided to PrismaClient constructor.
Read more at https://pris.ly/d/client-constructor
    at jl (/app/node_modules/@prisma/client/runtime/client.js:66:3832)
    at new t (/app/node_modules/@prisma/client/runtime/client.js:70:1808)
    at prismaClientSingleton (webpack-internal:///(rsc)/./src/lib/prisma.ts:9:12)
    at eval (webpack-internal:///(rsc)/./src/lib/prisma.ts:17:43)
    at (rsc)/./src/lib/prisma.ts (/app/.next/server/app/api/auth/[...nextauth]/route.js:212:1)
    at __webpack_require__ (/app/.next/server/webpack-runtime.js:33:43)
    at eval (webpack-internal:///(rsc)/./src/lib/auth/authOptions.ts:10:69)
    at (rsc)/./src/lib/auth/authOptions.ts (/app/.next/server/app/api/auth/[...nextauth]/route.js:202:1)
    at __webpack_require__ (/app/.next/server/webpack-runtime.js:33:43)
    at eval (webpack-internal:///(rsc)/./src/app/api/auth/[...nextauth]/route.ts:8:79)
    at (rsc)/./src/app/api/auth/[...nextauth]/route.ts (/app/.next/server/app/api/auth/[...nextauth]/route.js:192:1)
    at __webpack_require__ (/app/.next/server/webpack-runtime.js:33:43)
    at eval (webpack-internal:///(rsc)/./node_modules/next/dist/build/webpack/loaders/next-app-loader.js?name=app%2Fapi%2Fauth%2F%5B...nextauth%5D%2Froute&page=%2Fapi%2Fauth%2F%5B...nextauth%5D%2Froute&appPaths=&pagePath=private-next-app-dir%2Fapi%2Fauth%2F%5B...nextauth%5D%2Froute.ts&appDir=%2Fapp%2Fsrc%2Fapp&pageExtensions=tsx&pageExtensions=ts&pageExtensions=jsx&pageExtensions=js&rootDir=%2Fapp&isDev=true&tsconfigPath=tsconfig.json&basePath=&assetPrefix=&nextConfigOutput=&preferredRegion=&middlewareConfig=e30%3D!:15:97)
    at (rsc)/./node_modules/next/dist/build/webpack/loaders/next-app-loader.js?name=app%2Fapi%2Fauth%2F%5B...nextauth%5D%2Froute&page=%2Fapi%2Fauth%2F%5B...nextauth%5D%2Froute&appPaths=&pagePath=private-next-app-dir%2Fapi%2Fauth%2F%5B...nextauth%5D%2Froute.ts&appDir=%2Fapp%2Fsrc%2Fapp&pageExtensions=tsx&pageExtensions=ts&pageExtensions=jsx&pageExtensions=js&rootDir=%2Fapp&isDev=true&tsconfigPath=tsconfig.json&basePath=&assetPrefix=&nextConfigOutput=&preferredRegion=&middlewareConfig=e30%3D! (/app/.next/server/app/api/auth/[...nextauth]/route.js:182:1)
    at __webpack_require__ (/app/.next/server/webpack-runtime.js:33:43)
    at __webpack_exec__ (/app/.next/server/app/api/auth/[...nextauth]/route.js:222:39)
    at /app/.next/server/app/api/auth/[...nextauth]/route.js:223:438
    at __webpack_require__.X (/app/.next/server/webpack-runtime.js:163:21)
    at /app/.next/server/app/api/auth/[...nextauth]/route.js:223:47
    at Object.<anonymous> (/app/.next/server/app/api/auth/[...nextauth]/route.js:226:3)
    at Module._compile (node:internal/modules/cjs/loader:1705:14)
    at Object..js (node:internal/modules/cjs/loader:1838:10)
    at Module.load (node:internal/modules/cjs/loader:1441:32)
    at Function._load (node:internal/modules/cjs/loader:1263:12)
    at TracingChannel.traceSync (node:diagnostics_channel:328:14)
    at wrapModuleLoad (node:internal/modules/cjs/loader:237:24)
    at Module.<anonymous> (node:internal/modules/cjs/loader:1463:12)
    at mod.require (/app/node_modules/next/dist/server/require-hook.js:65:28)
    at require (node:internal/modules/helpers:147:16)
    at requirePage (/app/node_modules/next/dist/server/require.js:109:84)
    at /app/node_modules/next/dist/server/load-components.js:103:84
    at async loadComponentsImpl (/app/node_modules/next/dist/server/load-components.js:103:26)
    at async DevServer.findPageComponentsImpl (/app/node_modules/next/dist/server/next-server.js:714:36)
    at async DevServer.findPageComponents (/app/node_modules/next/dist/server/dev/next-dev-server.js:577:20)
    at async DevServer.renderPageComponent (/app/node_modules/next/dist/server/base-server.js:1910:24)
    at async DevServer.renderToResponseImpl (/app/node_modules/next/dist/server/base-server.js:1962:32)
    at async DevServer.pipeImpl (/app/node_modules/next/dist/server/base-server.js:922:25)
    at async NextNodeServer.handleCatchallRenderRequest (/app/node_modules/next/dist/server/next-server.js:272:17)
    at async DevServer.handleRequestImpl (/app/node_modules/next/dist/server/base-server.js:818:17)
    at async /app/node_modules/next/dist/server/dev/next-dev-server.js:339:20
    at async Span.traceAsyncFn (/app/node_modules/next/dist/trace/trace.js:154:20)
    at async DevServer.handleRequest (/app/node_modules/next/dist/server/dev/next-dev-server.js:336:24)
    at async invokeRender (/app/node_modules/next/dist/server/lib/router-server.js:179:21)
    at async handleRequest (/app/node_modules/next/dist/server/lib/router-server.js:359:24)
    at async requestHandlerImpl (/app/node_modules/next/dist/server/lib/router-server.js:383:13)
    at async Server.requestListener (/app/node_modules/next/dist/server/lib/start-server.js:141:13) {
  page: '/api/auth/session'
}
 ⨯ PrismaClientConstructorValidationError: Unknown property datasources provided to PrismaClient constructor.
Read more at https://pris.ly/d/client-constructor
    at jl (/app/node_modules/@prisma/client/runtime/client.js:66:3832)
    at new t (/app/node_modules/@prisma/client/runtime/client.js:70:1808)
    at prismaClientSingleton (webpack-internal:///(rsc)/./src/lib/prisma.ts:9:12)
    at eval (webpack-internal:///(rsc)/./src/lib/prisma.ts:17:43)
    at (rsc)/./src/lib/prisma.ts (/app/.next/server/app/api/auth/[...nextauth]/route.js:212:1)
    at __webpack_require__ (/app/.next/server/webpack-runtime.js:33:43)
    at eval (webpack-internal:///(rsc)/./src/lib/auth/authOptions.ts:10:69)
    at (rsc)/./src/lib/auth/authOptions.ts (/app/.next/server/app/api/auth/[...nextauth]/route.js:202:1)
    at __webpack_require__ (/app/.next/server/webpack-runtime.js:33:43)
    at eval (webpack-internal:///(rsc)/./src/app/api/auth/[...nextauth]/route.ts:8:79)
    at (rsc)/./src/app/api/auth/[...nextauth]/route.ts (/app/.next/server/app/api/auth/[...nextauth]/route.js:192:1)
    at __webpack_require__ (/app/.next/server/webpack-runtime.js:33:43)
    at eval (webpack-internal:///(rsc)/./node_modules/next/dist/build/webpack/loaders/next-app-loader.js?name=app%2Fapi%2Fauth%2F%5B...nextauth%5D%2Froute&page=%2Fapi%2Fauth%2F%5B...nextauth%5D%2Froute&appPaths=&pagePath=private-next-app-dir%2Fapi%2Fauth%2F%5B...nextauth%5D%2Froute.ts&appDir=%2Fapp%2Fsrc%2Fapp&pageExtensions=tsx&pageExtensions=ts&pageExtensions=jsx&pageExtensions=js&rootDir=%2Fapp&isDev=true&tsconfigPath=tsconfig.json&basePath=&assetPrefix=&nextConfigOutput=&preferredRegion=&middlewareConfig=e30%3D!:15:97)
    at (rsc)/./node_modules/next/dist/build/webpack/loaders/next-app-loader.js?name=app%2Fapi%2Fauth%2F%5B...nextauth%5D%2Froute&page=%2Fapi%2Fauth%2F%5B...nextauth%5D%2Froute&appPaths=&pagePath=private-next-app-dir%2Fapi%2Fauth%2F%5B...nextauth%5D%2Froute.ts&appDir=%2Fapp%2Fsrc%2Fapp&pageExtensions=tsx&pageExtensions=ts&pageExtensions=jsx&pageExtensions=js&rootDir=%2Fapp&isDev=true&tsconfigPath=tsconfig.json&basePath=&assetPrefix=&nextConfigOutput=&preferredRegion=&middlewareConfig=e30%3D! (/app/.next/server/app/api/auth/[...nextauth]/route.js:182:1)
    at __webpack_require__ (/app/.next/server/webpack-runtime.js:33:43)
    at __webpack_exec__ (/app/.next/server/app/api/auth/[...nextauth]/route.js:222:39)
    at /app/.next/server/app/api/auth/[...nextauth]/route.js:223:438
    at __webpack_require__.X (/app/.next/server/webpack-runtime.js:163:21)
    at /app/.next/server/app/api/auth/[...nextauth]/route.js:223:47
    at Object.<anonymous> (/app/.next/server/app/api/auth/[...nextauth]/route.js:226:3)
    at Module._compile (node:internal/modules/cjs/loader:1705:14)
    at Object..js (node:internal/modules/cjs/loader:1838:10)
    at Module.load (node:internal/modules/cjs/loader:1441:32)
    at Function._load (node:internal/modules/cjs/loader:1263:12)
    at TracingChannel.traceSync (node:diagnostics_channel:328:14)
    at wrapModuleLoad (node:internal/modules/cjs/loader:237:24)
    at Module.<anonymous> (node:internal/modules/cjs/loader:1463:12)
    at mod.require (/app/node_modules/next/dist/server/require-hook.js:65:28)
    at require (node:internal/modules/helpers:147:16)
    at requirePage (/app/node_modules/next/dist/server/require.js:109:84)
    at /app/node_modules/next/dist/server/load-components.js:103:84
    at async loadComponentsImpl (/app/node_modules/next/dist/server/load-components.js:103:26)
    at async DevServer.findPageComponentsImpl (/app/node_modules/next/dist/server/next-server.js:714:36)
    at async DevServer.findPageComponents (/app/node_modules/next/dist/server/dev/next-dev-server.js:577:20)
    at async DevServer.renderPageComponent (/app/node_modules/next/dist/server/base-server.js:1910:24)
    at async DevServer.renderToResponseImpl (/app/node_modules/next/dist/server/base-server.js:1962:32)
    at async DevServer.pipeImpl (/app/node_modules/next/dist/server/base-server.js:922:25)
    at async NextNodeServer.handleCatchallRenderRequest (/app/node_modules/next/dist/server/next-server.js:272:17)
    at async DevServer.handleRequestImpl (/app/node_modules/next/dist/server/base-server.js:818:17)
    at async /app/node_modules/next/dist/server/dev/next-dev-server.js:339:20
    at async Span.traceAsyncFn (/app/node_modules/next/dist/trace/trace.js:154:20)
    at async DevServer.handleRequest (/app/node_modules/next/dist/server/dev/next-dev-server.js:336:24)
    at async invokeRender (/app/node_modules/next/dist/server/lib/router-server.js:179:21)
    at async handleRequest (/app/node_modules/next/dist/server/lib/router-server.js:359:24)
    at async requestHandlerImpl (/app/node_modules/next/dist/server/lib/router-server.js:383:13)
    at async Server.requestListener (/app/node_modules/next/dist/server/lib/start-server.js:141:13) {
  page: '/api/auth/_log'
}
 GET /api/auth/session 500 in 53ms
 POST /api/auth/_log 500 in 51ms
 ⨯ PrismaClientConstructorValidationError: Unknown property datasources provided to PrismaClient constructor.
Read more at https://pris.ly/d/client-constructor
    at jl (/app/node_modules/@prisma/client/runtime/client.js:66:3832)
    at new t (/app/node_modules/@prisma/client/runtime/client.js:70:1808)
    at prismaClientSingleton (webpack-internal:///(rsc)/./src/lib/prisma.ts:9:12)
    at eval (webpack-internal:///(rsc)/./src/lib/prisma.ts:17:43)
    at (rsc)/./src/lib/prisma.ts (/app/.next/server/app/api/auth/[...nextauth]/route.js:212:1)
    at __webpack_require__ (/app/.next/server/webpack-runtime.js:33:43)
    at eval (webpack-internal:///(rsc)/./src/lib/auth/authOptions.ts:10:69)
    at (rsc)/./src/lib/auth/authOptions.ts (/app/.next/server/app/api/auth/[...nextauth]/route.js:202:1)
    at __webpack_require__ (/app/.next/server/webpack-runtime.js:33:43)
    at eval (webpack-internal:///(rsc)/./src/app/api/auth/[...nextauth]/route.ts:8:79)
    at (rsc)/./src/app/api/auth/[...nextauth]/route.ts (/app/.next/server/app/api/auth/[...nextauth]/route.js:192:1)
    at __webpack_require__ (/app/.next/server/webpack-runtime.js:33:43)
    at eval (webpack-internal:///(rsc)/./node_modules/next/dist/build/webpack/loaders/next-app-loader.js?name=app%2Fapi%2Fauth%2F%5B...nextauth%5D%2Froute&page=%2Fapi%2Fauth%2F%5B...nextauth%5D%2Froute&appPaths=&pagePath=private-next-app-dir%2Fapi%2Fauth%2F%5B...nextauth%5D%2Froute.ts&appDir=%2Fapp%2Fsrc%2Fapp&pageExtensions=tsx&pageExtensions=ts&pageExtensions=jsx&pageExtensions=js&rootDir=%2Fapp&isDev=true&tsconfigPath=tsconfig.json&basePath=&assetPrefix=&nextConfigOutput=&preferredRegion=&middlewareConfig=e30%3D!:15:97)
    at (rsc)/./node_modules/next/dist/build/webpack/loaders/next-app-loader.js?name=app%2Fapi%2Fauth%2F%5B...nextauth%5D%2Froute&page=%2Fapi%2Fauth%2F%5B...nextauth%5D%2Froute&appPaths=&pagePath=private-next-app-dir%2Fapi%2Fauth%2F%5B...nextauth%5D%2Froute.ts&appDir=%2Fapp%2Fsrc%2Fapp&pageExtensions=tsx&pageExtensions=ts&pageExtensions=jsx&pageExtensions=js&rootDir=%2Fapp&isDev=true&tsconfigPath=tsconfig.json&basePath=&assetPrefix=&nextConfigOutput=&preferredRegion=&middlewareConfig=e30%3D! (/app/.next/server/app/api/auth/[...nextauth]/route.js:182:1)
    at __webpack_require__ (/app/.next/server/webpack-runtime.js:33:43)
    at __webpack_exec__ (/app/.next/server/app/api/auth/[...nextauth]/route.js:222:39)
    at /app/.next/server/app/api/auth/[...nextauth]/route.js:223:438
    at __webpack_require__.X (/app/.next/server/webpack-runtime.js:163:21)
    at /app/.next/server/app/api/auth/[...nextauth]/route.js:223:47
    at Object.<anonymous> (/app/.next/server/app/api/auth/[...nextauth]/route.js:226:3)
    at Module._compile (node:internal/modules/cjs/loader:1705:14)
    at Object..js (node:internal/modules/cjs/loader:1838:10)
    at Module.load (node:internal/modules/cjs/loader:1441:32)
    at Function._load (node:internal/modules/cjs/loader:1263:12)
    at TracingChannel.traceSync (node:diagnostics_channel:328:14)
    at wrapModuleLoad (node:internal/modules/cjs/loader:237:24)
    at Module.<anonymous> (node:internal/modules/cjs/loader:1463:12)
    at mod.require (/app/node_modules/next/dist/server/require-hook.js:65:28)
    at require (node:internal/modules/helpers:147:16)
    at requirePage (/app/node_modules/next/dist/server/require.js:109:84)
    at /app/node_modules/next/dist/server/load-components.js:103:84
    at async loadComponentsImpl (/app/node_modules/next/dist/server/load-components.js:103:26)
    at async DevServer.findPageComponentsImpl (/app/node_modules/next/dist/server/next-server.js:714:36)
    at async DevServer.findPageComponents (/app/node_modules/next/dist/server/dev/next-dev-server.js:577:20)
    at async DevServer.renderPageComponent (/app/node_modules/next/dist/server/base-server.js:1910:24)
    at async DevServer.renderToResponseImpl (/app/node_modules/next/dist/server/base-server.js:1962:32)
    at async DevServer.pipeImpl (/app/node_modules/next/dist/server/base-server.js:922:25)
    at async NextNodeServer.handleCatchallRenderRequest (/app/node_modules/next/dist/server/next-server.js:272:17)
    at async DevServer.handleRequestImpl (/app/node_modules/next/dist/server/base-server.js:818:17)
    at async /app/node_modules/next/dist/server/dev/next-dev-server.js:339:20
    at async Span.traceAsyncFn (/app/node_modules/next/dist/trace/trace.js:154:20)
    at async DevServer.handleRequest (/app/node_modules/next/dist/server/dev/next-dev-server.js:336:24)
    at async invokeRender (/app/node_modules/next/dist/server/lib/router-server.js:179:21)
    at async handleRequest (/app/node_modules/next/dist/server/lib/router-server.js:359:24)
    at async requestHandlerImpl (/app/node_modules/next/dist/server/lib/router-server.js:383:13)
    at async Server.requestListener (/app/node_modules/next/dist/server/lib/start-server.js:141:13) {
  page: '/api/auth/_log'
}
 POST /api/auth/_log 500 in 45ms
 ⚠ ./src/app/new-order/page.tsx
Attempted import error: 'Instagram' is not exported from '__barrel_optimize__?names=ArrowLeft,CheckCircle2,ChevronRight,Instagram,Music,Send,Smartphone,Twitter,Youtube!=!lucide-react' (imported as 'Instagram').

Import trace for requested module:
./src/app/new-order/page.tsx

./src/app/new-order/page.tsx
Attempted import error: 'Youtube' is not exported from '__barrel_optimize__?names=ArrowLeft,CheckCircle2,ChevronRight,Instagram,Music,Send,Smartphone,Twitter,Youtube!=!lucide-react' (imported as 'Youtube').

Import trace for requested module:
./src/app/new-order/page.tsx

./src/app/new-order/page.tsx
Attempted import error: 'Twitter' is not exported from '__barrel_optimize__?names=ArrowLeft,CheckCircle2,ChevronRight,Instagram,Music,Send,Smartphone,Twitter,Youtube!=!lucide-react' (imported as 'Twitter').

Import trace for requested module:
./src/app/new-order/page.tsx
 ✓ Compiled /new-order in 2.5s (966 modules)
 ✓ Compiled in 1301ms (1798 modules)
 ✓ Compiled in 761ms (1798 modules)
 ✓ Compiled in 893ms (1798 modules)
 ✓ Compiled in 3.9s (1798 modules)
 ✓ Compiled in 606ms (1798 modules)
 ✓ Compiled in 1552ms (1798 modules)
 ✓ Compiled in 3.1s (1798 modules)
 ✓ Compiled in 13.2s (1784 modules)
   Reload env: .env
 ✓ Compiled in 10.7s (1784 modules)
